# Blender 3.6.2
# www.blender.org
mtllib login.mtl
o KOR0308
v 4.051000 0.184000 0.000000
v 4.050334 0.201091 0.000000
v 4.048338 0.217815 0.000000
v 4.045016 0.234094 0.000000
v 4.040370 0.249852 0.000000
v 4.034406 0.265013 0.000000
v 4.027125 0.279500 0.000000
v 4.018532 0.293237 0.000000
v 4.008630 0.306148 0.000000
v 3.997422 0.318156 0.000000
v 3.984912 0.329185 0.000000
v 3.971104 0.339159 0.000000
v 3.956000 0.348000 0.000000
v 3.969857 0.357862 0.000000
v 3.982435 0.368394 0.000000
v 3.993750 0.379516 0.000000
v 4.003815 0.391148 0.000000
v 4.012644 0.403211 0.000000
v 4.020250 0.415625 0.000000
v 4.026649 0.428310 0.000000
v 4.031852 0.441185 0.000000
v 4.035875 0.454172 0.000000
v 4.038732 0.467190 0.000000
v 4.040435 0.480159 0.000000
v 4.041000 0.493000 0.000000
v 4.039242 0.520634 0.000000
v 4.034098 0.546903 0.000000
v 4.025766 0.571609 0.000000
v 4.014445 0.594556 0.000000
v 4.000332 0.615543 0.000000
v 3.983625 0.634375 0.000000
v 3.964523 0.650852 0.000000
v 3.943223 0.664778 0.000000
v 3.919922 0.675953 0.000000
v 3.894820 0.684181 0.000000
v 3.868113 0.689262 0.000000
v 3.840000 0.691000 0.000000
v 3.810890 0.689282 0.000000
v 3.783199 0.684259 0.000000
v 3.757141 0.676125 0.000000
v 3.732926 0.665074 0.000000
v 3.710767 0.651301 0.000000
v 3.690875 0.635000 0.000000
v 3.673463 0.616366 0.000000
v 3.658741 0.595593 0.000000
v 3.646922 0.572875 0.000000
v 3.638218 0.548407 0.000000
v 3.632840 0.522384 0.000000
v 3.631000 0.495000 0.000000
v 3.631620 0.480630 0.000000
v 3.633459 0.466542 0.000000
v 3.636485 0.452766 0.000000
v 3.640667 0.439333 0.000000
v 3.645974 0.426276 0.000000
v 3.652375 0.413625 0.000000
v 3.659839 0.401412 0.000000
v 3.668334 0.389667 0.000000
v 3.677828 0.378422 0.000000
v 3.688292 0.367708 0.000000
v 3.699693 0.357557 0.000000
v 3.712000 0.348000 0.000000
v 3.696437 0.338185 0.000000
v 3.682245 0.327731 0.000000
v 3.669422 0.316625 0.000000
v 3.657963 0.304852 0.000000
v 3.647865 0.292398 0.000000
v 3.639125 0.279250 0.000000
v 3.631739 0.265394 0.000000
v 3.625704 0.250815 0.000000
v 3.621016 0.235500 0.000000
v 3.617671 0.219435 0.000000
v 3.615667 0.202606 0.000000
v 3.615000 0.185000 0.000000
v 3.616961 0.158285 0.000000
v 3.622685 0.132782 0.000000
v 3.631938 0.108703 0.000000
v 3.644482 0.086259 0.000000
v 3.660081 0.065663 0.000000
v 3.678500 0.047125 0.000000
v 3.699502 0.030858 0.000000
v 3.722852 0.017074 0.000000
v 3.748313 0.005984 0.000000
v 3.775648 -0.002199 -0.000000
v 3.804623 -0.007264 -0.000000
v 3.835000 -0.009000 -0.000000
v 3.864879 -0.007284 -0.000000
v 3.893361 -0.002273 -0.000000
v 3.920219 0.005828 0.000000
v 3.945222 0.016815 0.000000
v 3.968143 0.030482 0.000000
v 3.988750 0.046625 0.000000
v 4.006816 0.065039 0.000000
v 4.022111 0.085519 0.000000
v 4.034406 0.107859 0.000000
v 4.043472 0.131857 0.000000
v 4.049079 0.157305 0.000000
v 3.943000 0.495000 0.000000
v 3.942022 0.481439 0.000000
v 3.939172 0.468347 0.000000
v 3.934578 0.455859 0.000000
v 3.928371 0.444111 0.000000
v 3.920677 0.433238 0.000000
v 3.911625 0.423375 0.000000
v 3.901345 0.414658 0.000000
v 3.889963 0.407222 0.000000
v 3.877610 0.401203 0.000000
v 3.864412 0.396736 0.000000
v 3.850500 0.393957 0.000000
v 3.836000 0.393000 0.000000
v 3.821711 0.393977 0.000000
v 3.807935 0.396815 0.000000
v 3.794812 0.401375 0.000000
v 3.782481 0.407519 0.000000
v 3.771081 0.415106 0.000000
v 3.760750 0.424000 0.000000
v 3.751627 0.434060 0.000000
v 3.743852 0.445148 0.000000
v 3.737563 0.457125 0.000000
v 3.732898 0.469852 0.000000
v 3.729998 0.483190 0.000000
v 3.729000 0.497000 0.000000
v 3.729903 0.511802 0.000000
v 3.732560 0.525662 0.000000
v 3.736891 0.538516 0.000000
v 3.742815 0.550296 0.000000
v 3.750253 0.560938 0.000000
v 3.759125 0.570375 0.000000
v 3.769351 0.578541 0.000000
v 3.780852 0.585370 0.000000
v 3.793547 0.590797 0.000000
v 3.807357 0.594755 0.000000
v 3.822201 0.597178 0.000000
v 3.838000 0.598000 0.000000
v 3.852880 0.597100 0.000000
v 3.866959 0.594468 0.000000
v 3.880141 0.590203 0.000000
v 3.892334 0.584407 0.000000
v 3.903443 0.577181 0.000000
v 3.913375 0.568625 0.000000
v 3.922037 0.558840 0.000000
v 3.929334 0.547926 0.000000
v 3.935172 0.535984 0.000000
v 3.939459 0.523116 0.000000
v 3.942100 0.509421 0.000000
v 3.953000 0.192000 0.000000
v 3.952148 0.177901 0.000000
v 3.949597 0.164208 0.000000
v 3.945359 0.151078 0.000000
v 3.939445 0.138667 0.000000
v 3.931863 0.127130 0.000000
v 3.922625 0.116625 0.000000
v 3.911742 0.107307 0.000000
v 3.899223 0.099333 0.000000
v 3.885078 0.092859 0.000000
v 3.869320 0.088042 0.000000
v 3.851957 0.085036 0.000000
v 3.833000 0.084000 0.000000
v 3.815934 0.084922 0.000000
v 3.799806 0.087625 0.000000
v 3.784719 0.092016 0.000000
v 3.770778 0.098000 0.000000
v 3.758087 0.105484 0.000000
v 3.746750 0.114375 0.000000
v 3.736871 0.124578 0.000000
v 3.728555 0.136000 0.000000
v 3.721906 0.148547 0.000000
v 3.717028 0.162125 0.000000
v 3.714024 0.176641 0.000000
v 3.713000 0.192000 0.000000
v 3.713988 0.207569 0.000000
v 3.716898 0.222222 0.000000
v 3.721657 0.235875 0.000000
v 3.728185 0.248444 0.000000
v 3.736409 0.259847 0.000000
v 3.746250 0.270000 0.000000
v 3.757633 0.278819 0.000000
v 3.770482 0.286222 0.000000
v 3.784719 0.292125 0.000000
v 3.800268 0.296444 0.000000
v 3.817054 0.299097 0.000000
v 3.835000 0.300000 0.000000
v 3.851817 0.299059 0.000000
v 3.867699 0.296306 0.000000
v 3.882547 0.291844 0.000000
v 3.896260 0.285778 0.000000
v 3.908736 0.278212 0.000000
v 3.919875 0.269250 0.000000
v 3.929577 0.258997 0.000000
v 3.937741 0.247556 0.000000
v 3.944266 0.235031 0.000000
v 3.949051 0.221528 0.000000
v 3.951996 0.207149 0.000000
v 0.285000 0.359000 0.000000
v 0.582000 0.682000 0.000000
v 0.460000 0.682000 0.000000
v 0.173000 0.370000 0.000000
v 0.173000 0.682000 0.000000
v 0.075000 0.682000 0.000000
v 0.075000 0.000000 0.000000
v 0.173000 0.000000 0.000000
v 0.173000 0.337000 0.000000
v 0.520000 0.000000 0.000000
v 0.655000 0.000000 0.000000
v 0.701000 0.341000 0.000000
v 0.703903 0.295251 0.000000
v 0.712477 0.250838 0.000000
v 0.726516 0.208266 0.000000
v 0.745815 0.168037 0.000000
v 0.770170 0.130656 0.000000
v 0.799375 0.096625 0.000000
v 0.833226 0.066448 0.000000
v 0.871519 0.040630 0.000000
v 0.914047 0.019672 0.000000
v 0.960607 0.004079 0.000000
v 1.010993 -0.005646 -0.000000
v 1.065000 -0.009000 -0.000000
v 1.120787 -0.005627 -0.000000
v 1.172542 0.004148 0.000000
v 1.220109 0.019813 0.000000
v 1.263333 0.040852 0.000000
v 1.302057 0.066752 0.000000
v 1.336125 0.097000 0.000000
v 1.365380 0.131081 0.000000
v 1.389667 0.168481 0.000000
v 1.408828 0.208688 0.000000
v 1.422709 0.251185 0.000000
v 1.431151 0.295461 0.000000
v 1.434000 0.341000 0.000000
v 1.431076 0.387800 0.000000
v 1.422440 0.432898 0.000000
v 1.408297 0.475844 0.000000
v 1.388852 0.516185 0.000000
v 1.364310 0.553471 0.000000
v 1.334875 0.587250 0.000000
v 1.300753 0.617071 0.000000
v 1.262148 0.642482 0.000000
v 1.219266 0.663031 0.000000
v 1.172310 0.678269 0.000000
v 1.121487 0.687742 0.000000
v 1.067000 0.691000 0.000000
v 1.013373 0.687723 0.000000
v 0.963153 0.678199 0.000000
v 0.916578 0.662891 0.000000
v 0.873889 0.642259 0.000000
v 0.835325 0.616767 0.000000
v 0.801125 0.586875 0.000000
v 0.771529 0.553046 0.000000
v 0.746778 0.515741 0.000000
v 0.727109 0.475422 0.000000
v 0.712764 0.432551 0.000000
v 0.703981 0.387590 0.000000
v 0.802000 0.341000 0.000000
v 0.804311 0.377626 0.000000
v 0.811074 0.412343 0.000000
v 0.822031 0.444906 0.000000
v 0.836926 0.475074 0.000000
v 0.855501 0.502603 0.000000
v 0.877500 0.527250 0.000000
v 0.902666 0.548772 0.000000
v 0.930741 0.566926 0.000000
v 0.961469 0.581469 0.000000
v 0.994593 0.592157 0.000000
v 1.029855 0.598749 0.000000
v 1.067000 0.601000 0.000000
v 1.104374 0.598749 0.000000
v 1.139829 0.592157 0.000000
v 1.173109 0.581469 0.000000
v 1.203963 0.566926 0.000000
v 1.232136 0.548772 0.000000
v 1.257375 0.527250 0.000000
v 1.279427 0.502603 0.000000
v 1.298037 0.475074 0.000000
v 1.312953 0.444906 0.000000
v 1.323921 0.412343 0.000000
v 1.330688 0.377626 0.000000
v 1.333000 0.341000 0.000000
v 1.330688 0.304584 0.000000
v 1.323921 0.270005 0.000000
v 1.312953 0.237516 0.000000
v 1.298037 0.207370 0.000000
v 1.279427 0.179822 0.000000
v 1.257375 0.155125 0.000000
v 1.232136 0.133532 0.000000
v 1.203963 0.115296 0.000000
v 1.173109 0.100672 0.000000
v 1.139829 0.089912 0.000000
v 1.104374 0.083270 0.000000
v 1.067000 0.081000 0.000000
v 1.029855 0.083270 0.000000
v 0.994593 0.089912 0.000000
v 0.961469 0.100672 0.000000
v 0.930741 0.115296 0.000000
v 0.902666 0.133532 0.000000
v 0.877500 0.155125 0.000000
v 0.855501 0.179822 0.000000
v 0.836926 0.207370 0.000000
v 0.822031 0.237516 0.000000
v 0.811074 0.270005 0.000000
v 0.804311 0.304584 0.000000
v 1.556000 0.682000 0.000000
v 1.556000 0.000000 0.000000
v 1.654000 0.000000 0.000000
v 1.654000 0.296000 0.000000
v 1.695000 0.296000 0.000000
v 1.707346 0.295604 0.000000
v 1.719519 0.294167 0.000000
v 1.731719 0.291313 0.000000
v 1.744148 0.286667 0.000000
v 1.757008 0.279854 0.000000
v 1.770500 0.270500 0.000000
v 1.784825 0.258229 0.000000
v 1.800185 0.242667 0.000000
v 1.816781 0.223437 0.000000
v 1.834815 0.200167 0.000000
v 1.854487 0.172479 0.000000
v 1.876000 0.140000 0.000000
v 1.966000 0.000000 0.000000
v 2.083000 0.000000 0.000000
v 2.071847 0.015411 0.000000
v 2.061793 0.029298 0.000000
v 2.052694 0.041891 0.000000
v 2.044405 0.053420 0.000000
v 2.036783 0.064116 0.000000
v 2.029683 0.074209 0.000000
v 2.022962 0.083929 0.000000
v 2.016476 0.093507 0.000000
v 2.010081 0.103172 0.000000
v 2.003632 0.113156 0.000000
v 1.996987 0.123689 0.000000
v 1.990000 0.135000 0.000000
v 1.977270 0.155792 0.000000
v 1.964991 0.175667 0.000000
v 1.953031 0.194625 0.000000
v 1.941259 0.212667 0.000000
v 1.929543 0.229792 0.000000
v 1.917750 0.246000 0.000000
v 1.905749 0.261292 0.000000
v 1.893407 0.275667 0.000000
v 1.880594 0.289125 0.000000
v 1.867176 0.301667 0.000000
v 1.853022 0.313292 0.000000
v 1.838000 0.324000 0.000000
v 1.855578 0.331869 0.000000
v 1.871792 0.340954 0.000000
v 1.886609 0.351219 0.000000
v 1.900000 0.362630 0.000000
v 1.911932 0.375152 0.000000
v 1.922375 0.388750 0.000000
v 1.931297 0.403390 0.000000
v 1.938667 0.419037 0.000000
v 1.944453 0.435656 0.000000
v 1.948625 0.453213 0.000000
v 1.951151 0.471673 0.000000
v 1.952000 0.491000 0.000000
v 1.950228 0.519546 0.000000
v 1.944991 0.546120 0.000000
v 1.936406 0.570625 0.000000
v 1.924593 0.592963 0.000000
v 1.909668 0.613037 0.000000
v 1.891750 0.630750 0.000000
v 1.870957 0.646005 0.000000
v 1.847407 0.658704 0.000000
v 1.821219 0.668750 0.000000
v 1.792509 0.676046 0.000000
v 1.761397 0.680495 0.000000
v 1.728000 0.682000 0.000000
v 1.654000 0.598000 0.000000
v 1.717000 0.598000 0.000000
v 1.739572 0.597196 0.000000
v 1.759834 0.594815 0.000000
v 1.777858 0.590906 0.000000
v 1.793713 0.585518 0.000000
v 1.807472 0.578700 0.000000
v 1.819204 0.570499 0.000000
v 1.828980 0.560966 0.000000
v 1.836871 0.550147 0.000000
v 1.842948 0.538093 0.000000
v 1.847281 0.524851 0.000000
v 1.849942 0.510471 0.000000
v 1.851000 0.495000 0.000000
v 1.850579 0.480842 0.000000
v 1.848713 0.466986 0.000000
v 1.845250 0.453609 0.000000
v 1.840037 0.440889 0.000000
v 1.832922 0.429002 0.000000
v 1.823750 0.418125 0.000000
v 1.812371 0.408436 0.000000
v 1.798630 0.400111 0.000000
v 1.782375 0.393328 0.000000
v 1.763454 0.388264 0.000000
v 1.741713 0.385095 0.000000
v 1.717000 0.384000 0.000000
v 1.654000 0.384000 0.000000
v 2.553000 0.341000 0.000000
v 2.551192 0.392001 0.000000
v 2.545871 0.439843 0.000000
v 2.537188 0.484281 0.000000
v 2.525296 0.525074 0.000000
v 2.510350 0.561978 0.000000
v 2.492500 0.594750 0.000000
v 2.471901 0.623147 0.000000
v 2.448704 0.646926 0.000000
v 2.423063 0.665844 0.000000
v 2.395130 0.679658 0.000000
v 2.365058 0.688124 0.000000
v 2.333000 0.691000 0.000000
v 2.300942 0.688124 0.000000
v 2.270871 0.679657 0.000000
v 2.242938 0.665844 0.000000
v 2.217297 0.646926 0.000000
v 2.194100 0.623147 0.000000
v 2.173500 0.594750 0.000000
v 2.155651 0.561978 0.000000
v 2.140704 0.525074 0.000000
v 2.128813 0.484281 0.000000
v 2.120130 0.439843 0.000000
v 2.114808 0.392001 0.000000
v 2.113000 0.341000 0.000000
v 2.114808 0.289999 0.000000
v 2.120130 0.242157 0.000000
v 2.128813 0.197719 0.000000
v 2.140704 0.156926 0.000000
v 2.155651 0.120022 0.000000
v 2.173500 0.087250 0.000000
v 2.194100 0.058853 0.000000
v 2.217296 0.035074 0.000000
v 2.242938 0.016156 0.000000
v 2.270870 0.002343 0.000000
v 2.300942 -0.006124 -0.000000
v 2.333000 -0.009000 -0.000000
v 2.365058 -0.006124 -0.000000
v 2.395130 0.002343 0.000000
v 2.423063 0.016156 0.000000
v 2.448704 0.035074 0.000000
v 2.471900 0.058853 0.000000
v 2.492500 0.087250 0.000000
v 2.510350 0.120022 0.000000
v 2.525296 0.156926 0.000000
v 2.537187 0.197719 0.000000
v 2.545870 0.242157 0.000000
v 2.551192 0.289999 0.000000
v 2.455000 0.341000 0.000000
v 2.454051 0.302332 0.000000
v 2.451241 0.266407 0.000000
v 2.446625 0.233344 0.000000
v 2.440259 0.203259 0.000000
v 2.432199 0.176272 0.000000
v 2.422500 0.152500 0.000000
v 2.411217 0.132061 0.000000
v 2.398407 0.115074 0.000000
v 2.384125 0.101656 0.000000
v 2.368426 0.091926 0.000000
v 2.351365 0.086001 0.000000
v 2.333000 0.084000 0.000000
v 2.314635 0.086001 0.000000
v 2.297574 0.091926 0.000000
v 2.281875 0.101656 0.000000
v 2.267593 0.115074 0.000000
v 2.254782 0.132061 0.000000
v 2.243500 0.152500 0.000000
v 2.233801 0.176272 0.000000
v 2.225741 0.203259 0.000000
v 2.219375 0.233344 0.000000
v 2.214759 0.266407 0.000000
v 2.211949 0.302332 0.000000
v 2.211000 0.341000 0.000000
v 2.211949 0.379668 0.000000
v 2.214760 0.415593 0.000000
v 2.219375 0.448656 0.000000
v 2.225741 0.478741 0.000000
v 2.233801 0.505728 0.000000
v 2.243500 0.529500 0.000000
v 2.254783 0.549939 0.000000
v 2.267593 0.566926 0.000000
v 2.281876 0.580344 0.000000
v 2.297575 0.590074 0.000000
v 2.314635 0.595999 0.000000
v 2.333000 0.598000 0.000000
v 2.351366 0.595999 0.000000
v 2.368426 0.590074 0.000000
v 2.384125 0.580344 0.000000
v 2.398408 0.566926 0.000000
v 2.411218 0.549939 0.000000
v 2.422500 0.529500 0.000000
v 2.432199 0.505728 0.000000
v 2.440260 0.478741 0.000000
v 2.446625 0.448656 0.000000
v 2.451241 0.415593 0.000000
v 2.454051 0.379668 0.000000
v 2.664000 0.569000 0.000000
v 2.675449 0.573982 0.000000
v 2.686343 0.578440 0.000000
v 2.696750 0.582391 0.000000
v 2.706741 0.585852 0.000000
v 2.716385 0.588841 0.000000
v 2.725750 0.591375 0.000000
v 2.734908 0.593472 0.000000
v 2.743926 0.595148 0.000000
v 2.752875 0.596422 0.000000
v 2.761824 0.597310 0.000000
v 2.770843 0.597830 0.000000
v 2.780000 0.598000 0.000000
v 2.797447 0.597196 0.000000
v 2.813741 0.594819 0.000000
v 2.828813 0.590922 0.000000
v 2.842593 0.585556 0.000000
v 2.855012 0.578773 0.000000
v 2.866000 0.570625 0.000000
v 2.875489 0.561165 0.000000
v 2.883408 0.550444 0.000000
v 2.889688 0.538516 0.000000
v 2.894260 0.525431 0.000000
v 2.897054 0.511241 0.000000
v 2.898000 0.496000 0.000000
v 2.897063 0.481028 0.000000
v 2.894250 0.467139 0.000000
v 2.889563 0.454375 0.000000
v 2.883000 0.442778 0.000000
v 2.874563 0.432389 0.000000
v 2.864250 0.423250 0.000000
v 2.852063 0.415403 0.000000
v 2.838001 0.408889 0.000000
v 2.822063 0.403750 0.000000
v 2.804250 0.400028 0.000000
v 2.784563 0.397764 0.000000
v 2.763000 0.397000 0.000000
v 2.763000 0.307000 0.000000
v 2.786250 0.307087 0.000000
v 2.807496 0.304944 0.000000
v 2.826735 0.300719 0.000000
v 2.843963 0.294556 0.000000
v 2.859178 0.286601 0.000000
v 2.872375 0.277000 0.000000
v 2.883552 0.265899 0.000000
v 2.892704 0.253444 0.000000
v 2.899828 0.239781 0.000000
v 2.904922 0.225056 0.000000
v 2.907980 0.209413 0.000000
v 2.909000 0.193000 0.000000
v 2.908115 0.176991 0.000000
v 2.905505 0.162009 0.000000
v 2.901235 0.148125 0.000000
v 2.895371 0.135407 0.000000
v 2.887979 0.123926 0.000000
v 2.879125 0.113750 0.000000
v 2.868876 0.104949 0.000000
v 2.857297 0.097593 0.000000
v 2.844454 0.091750 0.000000
v 2.830412 0.087491 0.000000
v 2.815239 0.084884 0.000000
v 2.799000 0.084000 0.000000
v 2.786499 0.084355 0.000000
v 2.773991 0.085421 0.000000
v 2.761469 0.087203 0.000000
v 2.748926 0.089704 0.000000
v 2.736355 0.092927 0.000000
v 2.723750 0.096875 0.000000
v 2.711103 0.101553 0.000000
v 2.698407 0.106963 0.000000
v 2.685656 0.113109 0.000000
v 2.672843 0.119995 0.000000
v 2.659960 0.127624 0.000000
v 2.647000 0.136000 0.000000
v 2.647000 0.030000 0.000000
v 2.659249 0.023981 0.000000
v 2.671491 0.018431 0.000000
v 2.683719 0.013359 0.000000
v 2.695926 0.008778 0.000000
v 2.708105 0.004696 0.000000
v 2.720250 0.001125 0.000000
v 2.732353 -0.001925 -0.000000
v 2.744408 -0.004444 -0.000000
v 2.756407 -0.006422 -0.000000
v 2.768343 -0.007847 -0.000000
v 2.780210 -0.008710 -0.000000
v 2.792000 -0.009000 -0.000000
v 2.822699 -0.007257 -0.000000
v 2.851676 -0.002139 -0.000000
v 2.878750 0.006188 0.000000
v 2.903741 0.017556 0.000000
v 2.926468 0.031799 0.000000
v 2.946750 0.048750 0.000000
v 2.964408 0.068243 0.000000
v 2.979260 0.090111 0.000000
v 2.991126 0.114188 0.000000
v 2.999825 0.140306 0.000000
v 3.005177 0.168299 0.000000
v 3.007000 0.198000 0.000000
v 3.006371 0.215491 0.000000
v 3.004463 0.232847 0.000000
v 3.001250 0.249891 0.000000
v 2.996704 0.266444 0.000000
v 2.990797 0.282332 0.000000
v 2.983500 0.297375 0.000000
v 2.974787 0.311398 0.000000
v 2.964630 0.324222 0.000000
v 2.953000 0.335672 0.000000
v 2.939871 0.345569 0.000000
v 2.925213 0.353738 0.000000
v 2.909000 0.360000 0.000000
v 2.923736 0.368701 0.000000
v 2.936972 0.377861 0.000000
v 2.948750 0.387563 0.000000
v 2.959111 0.397889 0.000000
v 2.968098 0.408924 0.000000
v 2.975750 0.420750 0.000000
v 2.982111 0.433451 0.000000
v 2.987223 0.447111 0.000000
v 2.991125 0.461813 0.000000
v 2.993861 0.477639 0.000000
v 2.995472 0.494674 0.000000
v 2.996000 0.513000 0.000000
v 2.994375 0.539190 0.000000
v 2.989583 0.563685 0.000000
v 2.981750 0.586375 0.000000
v 2.971000 0.607148 0.000000
v 2.957458 0.625894 0.000000
v 2.941250 0.642500 0.000000
v 2.922500 0.656857 0.000000
v 2.901333 0.668852 0.000000
v 2.877875 0.678375 0.000000
v 2.852250 0.685315 0.000000
v 2.824583 0.689560 0.000000
v 2.795000 0.691000 0.000000
v 2.782492 0.690811 0.000000
v 2.770435 0.690241 0.000000
v 2.758781 0.689281 0.000000
v 2.747482 0.687926 0.000000
v 2.736487 0.686168 0.000000
v 2.725750 0.684000 0.000000
v 2.715221 0.681415 0.000000
v 2.704852 0.678407 0.000000
v 2.694594 0.674969 0.000000
v 2.684398 0.671093 0.000000
v 2.674217 0.666772 0.000000
v 2.664000 0.662000 0.000000
v 3.553000 0.341000 0.000000
v 3.551192 0.392001 0.000000
v 3.545871 0.439843 0.000000
v 3.537188 0.484281 0.000000
v 3.525296 0.525074 0.000000
v 3.510350 0.561978 0.000000
v 3.492500 0.594750 0.000000
v 3.471901 0.623147 0.000000
v 3.448704 0.646926 0.000000
v 3.423063 0.665844 0.000000
v 3.395130 0.679658 0.000000
v 3.365058 0.688124 0.000000
v 3.333000 0.691000 0.000000
v 3.300942 0.688124 0.000000
v 3.270871 0.679657 0.000000
v 3.242938 0.665844 0.000000
v 3.217297 0.646926 0.000000
v 3.194100 0.623147 0.000000
v 3.173500 0.594750 0.000000
v 3.155651 0.561978 0.000000
v 3.140704 0.525074 0.000000
v 3.128813 0.484281 0.000000
v 3.120130 0.439843 0.000000
v 3.114808 0.392001 0.000000
v 3.113000 0.341000 0.000000
v 3.114808 0.289999 0.000000
v 3.120130 0.242157 0.000000
v 3.128813 0.197719 0.000000
v 3.140704 0.156926 0.000000
v 3.155651 0.120022 0.000000
v 3.173500 0.087250 0.000000
v 3.194100 0.058853 0.000000
v 3.217296 0.035074 0.000000
v 3.242938 0.016156 0.000000
v 3.270870 0.002343 0.000000
v 3.300942 -0.006124 -0.000000
v 3.333000 -0.009000 -0.000000
v 3.365058 -0.006124 -0.000000
v 3.395130 0.002343 0.000000
v 3.423063 0.016156 0.000000
v 3.448704 0.035074 0.000000
v 3.471900 0.058853 0.000000
v 3.492500 0.087250 0.000000
v 3.510350 0.120022 0.000000
v 3.525296 0.156926 0.000000
v 3.537187 0.197719 0.000000
v 3.545870 0.242157 0.000000
v 3.551192 0.289999 0.000000
v 3.455000 0.341000 0.000000
v 3.454051 0.302332 0.000000
v 3.451241 0.266407 0.000000
v 3.446625 0.233344 0.000000
v 3.440259 0.203259 0.000000
v 3.432199 0.176272 0.000000
v 3.422500 0.152500 0.000000
v 3.411217 0.132061 0.000000
v 3.398407 0.115074 0.000000
v 3.384125 0.101656 0.000000
v 3.368426 0.091926 0.000000
v 3.351365 0.086001 0.000000
v 3.333000 0.084000 0.000000
v 3.314635 0.086001 0.000000
v 3.297574 0.091926 0.000000
v 3.281875 0.101656 0.000000
v 3.267593 0.115074 0.000000
v 3.254782 0.132061 0.000000
v 3.243500 0.152500 0.000000
v 3.233801 0.176272 0.000000
v 3.225741 0.203259 0.000000
v 3.219375 0.233344 0.000000
v 3.214759 0.266407 0.000000
v 3.211949 0.302332 0.000000
v 3.211000 0.341000 0.000000
v 3.211949 0.379668 0.000000
v 3.214760 0.415593 0.000000
v 3.219375 0.448656 0.000000
v 3.225741 0.478741 0.000000
v 3.233801 0.505728 0.000000
v 3.243500 0.529500 0.000000
v 3.254783 0.549939 0.000000
v 3.267593 0.566926 0.000000
v 3.281876 0.580344 0.000000
v 3.297575 0.590074 0.000000
v 3.314635 0.595999 0.000000
v 3.333000 0.598000 0.000000
v 3.351366 0.595999 0.000000
v 3.368426 0.590074 0.000000
v 3.384125 0.580344 0.000000
v 3.398408 0.566926 0.000000
v 3.411218 0.549939 0.000000
v 3.422500 0.529500 0.000000
v 3.432199 0.505728 0.000000
v 3.440260 0.478741 0.000000
v 3.446625 0.448656 0.000000
v 3.451241 0.415593 0.000000
v 3.454051 0.379668 0.000000
v 4.051000 0.184000 -0.546934
v 4.050334 0.201091 -0.546934
v 4.048338 0.217815 -0.546934
v 4.045016 0.234094 -0.546934
v 4.040370 0.249852 -0.546934
v 4.034406 0.265013 -0.546934
v 4.027125 0.279500 -0.546934
v 4.018532 0.293237 -0.546934
v 4.008630 0.306148 -0.546934
v 3.997422 0.318156 -0.546934
v 3.984912 0.329185 -0.546934
v 3.971104 0.339159 -0.546934
v 3.956000 0.348000 -0.546934
v 3.969857 0.357862 -0.546934
v 3.982435 0.368394 -0.546934
v 3.993750 0.379516 -0.546934
v 4.003815 0.391148 -0.546934
v 4.012644 0.403211 -0.546934
v 4.020250 0.415625 -0.546934
v 4.026649 0.428310 -0.546934
v 4.031852 0.441185 -0.546934
v 4.035875 0.454172 -0.546934
v 4.038732 0.467190 -0.546934
v 4.040435 0.480159 -0.546934
v 4.041000 0.493000 -0.546934
v 4.039242 0.520634 -0.546934
v 4.034098 0.546903 -0.546934
v 4.025766 0.571609 -0.546934
v 4.014445 0.594556 -0.546934
v 4.000332 0.615543 -0.546934
v 3.983625 0.634375 -0.546934
v 3.964523 0.650852 -0.546934
v 3.943223 0.664778 -0.546934
v 3.919922 0.675953 -0.546934
v 3.894820 0.684181 -0.546934
v 3.868113 0.689262 -0.546934
v 3.840000 0.691000 -0.546934
v 3.810890 0.689282 -0.546934
v 3.783199 0.684259 -0.546934
v 3.757141 0.676125 -0.546934
v 3.732926 0.665074 -0.546934
v 3.710767 0.651301 -0.546934
v 3.690875 0.635000 -0.546934
v 3.673463 0.616366 -0.546934
v 3.658741 0.595593 -0.546934
v 3.646922 0.572875 -0.546934
v 3.638218 0.548407 -0.546934
v 3.632840 0.522384 -0.546934
v 3.631000 0.495000 -0.546934
v 3.631620 0.480630 -0.546934
v 3.633459 0.466542 -0.546934
v 3.636485 0.452766 -0.546934
v 3.640667 0.439333 -0.546934
v 3.645974 0.426276 -0.546934
v 3.652375 0.413625 -0.546934
v 3.659839 0.401412 -0.546934
v 3.668334 0.389667 -0.546934
v 3.677828 0.378422 -0.546934
v 3.688292 0.367708 -0.546934
v 3.699693 0.357557 -0.546934
v 3.712000 0.348000 -0.546934
v 3.696437 0.338185 -0.546934
v 3.682245 0.327732 -0.546934
v 3.669422 0.316625 -0.546934
v 3.657963 0.304852 -0.546934
v 3.647865 0.292398 -0.546934
v 3.639125 0.279250 -0.546934
v 3.631739 0.265394 -0.546934
v 3.625704 0.250815 -0.546934
v 3.621016 0.235500 -0.546934
v 3.617671 0.219435 -0.546934
v 3.615667 0.202607 -0.546934
v 3.615000 0.185000 -0.546934
v 3.616961 0.158285 -0.546934
v 3.622685 0.132782 -0.546934
v 3.631938 0.108703 -0.546934
v 3.644482 0.086259 -0.546934
v 3.660081 0.065663 -0.546934
v 3.678500 0.047125 -0.546934
v 3.699502 0.030858 -0.546934
v 3.722852 0.017074 -0.546934
v 3.748313 0.005984 -0.546934
v 3.775648 -0.002199 -0.546934
v 3.804623 -0.007264 -0.546934
v 3.835000 -0.009000 -0.546934
v 3.864879 -0.007284 -0.546934
v 3.893361 -0.002273 -0.546934
v 3.920219 0.005828 -0.546934
v 3.945222 0.016815 -0.546934
v 3.968143 0.030482 -0.546934
v 3.988750 0.046625 -0.546934
v 4.006816 0.065039 -0.546934
v 4.022111 0.085519 -0.546934
v 4.034406 0.107859 -0.546934
v 4.043472 0.131857 -0.546934
v 4.049079 0.157305 -0.546934
v 3.943000 0.495000 -0.546934
v 3.942022 0.481439 -0.546934
v 3.939172 0.468347 -0.546934
v 3.934578 0.455859 -0.546934
v 3.928371 0.444111 -0.546934
v 3.920677 0.433238 -0.546934
v 3.911625 0.423375 -0.546934
v 3.901345 0.414658 -0.546934
v 3.889963 0.407222 -0.546934
v 3.877610 0.401203 -0.546934
v 3.864412 0.396736 -0.546934
v 3.850500 0.393957 -0.546934
v 3.836000 0.393000 -0.546934
v 3.821711 0.393977 -0.546934
v 3.807935 0.396815 -0.546934
v 3.794812 0.401375 -0.546934
v 3.782481 0.407519 -0.546934
v 3.771081 0.415107 -0.546934
v 3.760750 0.424000 -0.546934
v 3.751627 0.434060 -0.546934
v 3.743852 0.445148 -0.546934
v 3.737563 0.457125 -0.546934
v 3.732898 0.469852 -0.546934
v 3.729998 0.483190 -0.546934
v 3.729000 0.497000 -0.546934
v 3.729903 0.511802 -0.546934
v 3.732560 0.525662 -0.546934
v 3.736891 0.538516 -0.546934
v 3.742815 0.550296 -0.546934
v 3.750253 0.560938 -0.546934
v 3.759125 0.570375 -0.546934
v 3.769351 0.578541 -0.546934
v 3.780852 0.585370 -0.546934
v 3.793547 0.590797 -0.546934
v 3.807357 0.594755 -0.546934
v 3.822201 0.597178 -0.546934
v 3.838000 0.598000 -0.546934
v 3.852880 0.597100 -0.546934
v 3.866959 0.594468 -0.546934
v 3.880141 0.590203 -0.546934
v 3.892334 0.584407 -0.546934
v 3.903443 0.577181 -0.546934
v 3.913375 0.568625 -0.546934
v 3.922037 0.558840 -0.546934
v 3.929334 0.547926 -0.546934
v 3.935172 0.535984 -0.546934
v 3.939459 0.523116 -0.546934
v 3.942100 0.509421 -0.546934
v 3.953000 0.192000 -0.546934
v 3.952148 0.177901 -0.546934
v 3.949597 0.164208 -0.546934
v 3.945359 0.151078 -0.546934
v 3.939445 0.138667 -0.546934
v 3.931863 0.127130 -0.546934
v 3.922625 0.116625 -0.546934
v 3.911742 0.107307 -0.546934
v 3.899223 0.099333 -0.546934
v 3.885078 0.092859 -0.546934
v 3.869320 0.088042 -0.546934
v 3.851957 0.085036 -0.546934
v 3.833000 0.084000 -0.546934
v 3.815934 0.084922 -0.546934
v 3.799806 0.087625 -0.546934
v 3.784719 0.092016 -0.546934
v 3.770778 0.098000 -0.546934
v 3.758087 0.105484 -0.546934
v 3.746750 0.114375 -0.546934
v 3.736871 0.124578 -0.546934
v 3.728555 0.136000 -0.546934
v 3.721906 0.148547 -0.546934
v 3.717028 0.162125 -0.546934
v 3.714024 0.176641 -0.546934
v 3.713000 0.192000 -0.546934
v 3.713988 0.207569 -0.546934
v 3.716898 0.222222 -0.546934
v 3.721657 0.235875 -0.546934
v 3.728185 0.248444 -0.546934
v 3.736409 0.259847 -0.546934
v 3.746250 0.270000 -0.546934
v 3.757633 0.278819 -0.546934
v 3.770482 0.286222 -0.546934
v 3.784719 0.292125 -0.546934
v 3.800268 0.296444 -0.546934
v 3.817054 0.299097 -0.546934
v 3.835000 0.300000 -0.546934
v 3.851817 0.299059 -0.546934
v 3.867699 0.296306 -0.546934
v 3.882547 0.291844 -0.546934
v 3.896260 0.285778 -0.546934
v 3.908736 0.278212 -0.546934
v 3.919875 0.269250 -0.546934
v 3.929577 0.258997 -0.546934
v 3.937741 0.247556 -0.546934
v 3.944266 0.235031 -0.546934
v 3.949051 0.221528 -0.546934
v 3.951996 0.207149 -0.546934
v 0.285000 0.359000 -0.546934
v 0.582000 0.682000 -0.546934
v 0.460000 0.682000 -0.546934
v 0.173000 0.370000 -0.546934
v 0.173000 0.682000 -0.546934
v 0.075000 0.682000 -0.546934
v 0.075000 0.000000 -0.546934
v 0.173000 0.000000 -0.546934
v 0.173000 0.337000 -0.546934
v 0.520000 0.000000 -0.546934
v 0.655000 0.000000 -0.546934
v 0.701000 0.341000 -0.546934
v 0.703903 0.295251 -0.546934
v 0.712477 0.250838 -0.546934
v 0.726516 0.208266 -0.546934
v 0.745815 0.168037 -0.546934
v 0.770170 0.130656 -0.546934
v 0.799375 0.096625 -0.546934
v 0.833226 0.066449 -0.546934
v 0.871519 0.040630 -0.546934
v 0.914047 0.019672 -0.546934
v 0.960607 0.004079 -0.546934
v 1.010993 -0.005646 -0.546934
v 1.065000 -0.009000 -0.546934
v 1.120787 -0.005627 -0.546934
v 1.172542 0.004148 -0.546934
v 1.220109 0.019813 -0.546934
v 1.263333 0.040852 -0.546934
v 1.302057 0.066752 -0.546934
v 1.336125 0.097000 -0.546934
v 1.365380 0.131081 -0.546934
v 1.389667 0.168482 -0.546934
v 1.408828 0.208688 -0.546934
v 1.422709 0.251185 -0.546934
v 1.431151 0.295461 -0.546934
v 1.434000 0.341000 -0.546934
v 1.431076 0.387800 -0.546934
v 1.422440 0.432898 -0.546934
v 1.408297 0.475844 -0.546934
v 1.388852 0.516185 -0.546934
v 1.364310 0.553471 -0.546934
v 1.334875 0.587250 -0.546934
v 1.300753 0.617071 -0.546934
v 1.262148 0.642482 -0.546934
v 1.219266 0.663031 -0.546934
v 1.172310 0.678269 -0.546934
v 1.121487 0.687742 -0.546934
v 1.067000 0.691000 -0.546934
v 1.013373 0.687723 -0.546934
v 0.963153 0.678199 -0.546934
v 0.916578 0.662891 -0.546934
v 0.873889 0.642259 -0.546934
v 0.835325 0.616767 -0.546934
v 0.801125 0.586875 -0.546934
v 0.771529 0.553046 -0.546934
v 0.746778 0.515741 -0.546934
v 0.727109 0.475422 -0.546934
v 0.712764 0.432551 -0.546934
v 0.703981 0.387590 -0.546934
v 0.802000 0.341000 -0.546934
v 0.804311 0.377626 -0.546934
v 0.811074 0.412343 -0.546934
v 0.822031 0.444906 -0.546934
v 0.836926 0.475074 -0.546934
v 0.855501 0.502603 -0.546934
v 0.877500 0.527250 -0.546934
v 0.902666 0.548772 -0.546934
v 0.930741 0.566926 -0.546934
v 0.961469 0.581469 -0.546934
v 0.994593 0.592157 -0.546934
v 1.029855 0.598749 -0.546934
v 1.067000 0.601000 -0.546934
v 1.104374 0.598749 -0.546934
v 1.139829 0.592157 -0.546934
v 1.173109 0.581469 -0.546934
v 1.203963 0.566926 -0.546934
v 1.232136 0.548772 -0.546934
v 1.257375 0.527250 -0.546934
v 1.279427 0.502603 -0.546934
v 1.298037 0.475074 -0.546934
v 1.312953 0.444906 -0.546934
v 1.323921 0.412343 -0.546934
v 1.330688 0.377626 -0.546934
v 1.333000 0.341000 -0.546934
v 1.330688 0.304584 -0.546934
v 1.323921 0.270005 -0.546934
v 1.312953 0.237516 -0.546934
v 1.298037 0.207370 -0.546934
v 1.279427 0.179822 -0.546934
v 1.257375 0.155125 -0.546934
v 1.232136 0.133532 -0.546934
v 1.203963 0.115296 -0.546934
v 1.173109 0.100672 -0.546934
v 1.139829 0.089912 -0.546934
v 1.104374 0.083270 -0.546934
v 1.067000 0.081000 -0.546934
v 1.029855 0.083270 -0.546934
v 0.994593 0.089912 -0.546934
v 0.961469 0.100672 -0.546934
v 0.930741 0.115296 -0.546934
v 0.902666 0.133532 -0.546934
v 0.877500 0.155125 -0.546934
v 0.855501 0.179822 -0.546934
v 0.836926 0.207370 -0.546934
v 0.822031 0.237516 -0.546934
v 0.811074 0.270005 -0.546934
v 0.804311 0.304584 -0.546934
v 1.556000 0.682000 -0.546934
v 1.556000 0.000000 -0.546934
v 1.654000 0.000000 -0.546934
v 1.654000 0.296000 -0.546934
v 1.695000 0.296000 -0.546934
v 1.707346 0.295604 -0.546934
v 1.719519 0.294167 -0.546934
v 1.731719 0.291313 -0.546934
v 1.744148 0.286667 -0.546934
v 1.757008 0.279854 -0.546934
v 1.770500 0.270500 -0.546934
v 1.784825 0.258229 -0.546934
v 1.800185 0.242667 -0.546934
v 1.816781 0.223438 -0.546934
v 1.834815 0.200167 -0.546934
v 1.854487 0.172479 -0.546934
v 1.876000 0.140000 -0.546934
v 1.966000 0.000000 -0.546934
v 2.083000 0.000000 -0.546934
v 2.071847 0.015411 -0.546934
v 2.061793 0.029298 -0.546934
v 2.052694 0.041891 -0.546934
v 2.044405 0.053420 -0.546934
v 2.036783 0.064116 -0.546934
v 2.029683 0.074209 -0.546934
v 2.022962 0.083929 -0.546934
v 2.016476 0.093507 -0.546934
v 2.010081 0.103172 -0.546934
v 2.003632 0.113156 -0.546934
v 1.996987 0.123689 -0.546934
v 1.990000 0.135000 -0.546934
v 1.977270 0.155792 -0.546934
v 1.964991 0.175667 -0.546934
v 1.953031 0.194625 -0.546934
v 1.941259 0.212667 -0.546934
v 1.929543 0.229792 -0.546934
v 1.917750 0.246000 -0.546934
v 1.905749 0.261292 -0.546934
v 1.893407 0.275667 -0.546934
v 1.880594 0.289125 -0.546934
v 1.867176 0.301667 -0.546934
v 1.853022 0.313292 -0.546934
v 1.838000 0.324000 -0.546934
v 1.855578 0.331869 -0.546934
v 1.871792 0.340954 -0.546934
v 1.886609 0.351219 -0.546934
v 1.900000 0.362630 -0.546934
v 1.911932 0.375152 -0.546934
v 1.922375 0.388750 -0.546934
v 1.931297 0.403390 -0.546934
v 1.938667 0.419037 -0.546934
v 1.944453 0.435656 -0.546934
v 1.948625 0.453213 -0.546934
v 1.951151 0.471673 -0.546934
v 1.952000 0.491000 -0.546934
v 1.950228 0.519546 -0.546934
v 1.944991 0.546120 -0.546934
v 1.936406 0.570625 -0.546934
v 1.924593 0.592963 -0.546934
v 1.909668 0.613037 -0.546934
v 1.891750 0.630750 -0.546934
v 1.870957 0.646005 -0.546934
v 1.847407 0.658704 -0.546934
v 1.821219 0.668750 -0.546934
v 1.792509 0.676046 -0.546934
v 1.761397 0.680495 -0.546934
v 1.728000 0.682000 -0.546934
v 1.654000 0.598000 -0.546934
v 1.717000 0.598000 -0.546934
v 1.739572 0.597196 -0.546934
v 1.759834 0.594815 -0.546934
v 1.777858 0.590906 -0.546934
v 1.793713 0.585518 -0.546934
v 1.807472 0.578700 -0.546934
v 1.819204 0.570499 -0.546934
v 1.828980 0.560966 -0.546934
v 1.836871 0.550147 -0.546934
v 1.842948 0.538093 -0.546934
v 1.847281 0.524851 -0.546934
v 1.849942 0.510471 -0.546934
v 1.851000 0.495000 -0.546934
v 1.850579 0.480842 -0.546934
v 1.848713 0.466986 -0.546934
v 1.845250 0.453609 -0.546934
v 1.840037 0.440889 -0.546934
v 1.832922 0.429002 -0.546934
v 1.823750 0.418125 -0.546934
v 1.812371 0.408436 -0.546934
v 1.798630 0.400111 -0.546934
v 1.782375 0.393328 -0.546934
v 1.763454 0.388264 -0.546934
v 1.741713 0.385096 -0.546934
v 1.717000 0.384000 -0.546934
v 1.654000 0.384000 -0.546934
v 2.553000 0.341000 -0.546934
v 2.551192 0.392001 -0.546934
v 2.545871 0.439843 -0.546934
v 2.537188 0.484281 -0.546934
v 2.525296 0.525074 -0.546934
v 2.510350 0.561978 -0.546934
v 2.492500 0.594750 -0.546934
v 2.471901 0.623147 -0.546934
v 2.448704 0.646926 -0.546934
v 2.423063 0.665844 -0.546934
v 2.395130 0.679658 -0.546934
v 2.365058 0.688124 -0.546934
v 2.333000 0.691000 -0.546934
v 2.300942 0.688124 -0.546934
v 2.270871 0.679657 -0.546934
v 2.242938 0.665844 -0.546934
v 2.217297 0.646926 -0.546934
v 2.194100 0.623147 -0.546934
v 2.173500 0.594750 -0.546934
v 2.155651 0.561978 -0.546934
v 2.140704 0.525074 -0.546934
v 2.128813 0.484281 -0.546934
v 2.120130 0.439843 -0.546934
v 2.114808 0.392001 -0.546934
v 2.113000 0.341000 -0.546934
v 2.114808 0.289999 -0.546934
v 2.120130 0.242157 -0.546934
v 2.128813 0.197719 -0.546934
v 2.140704 0.156926 -0.546934
v 2.155651 0.120022 -0.546934
v 2.173500 0.087250 -0.546934
v 2.194100 0.058853 -0.546934
v 2.217296 0.035074 -0.546934
v 2.242938 0.016156 -0.546934
v 2.270870 0.002343 -0.546934
v 2.300942 -0.006124 -0.546934
v 2.333000 -0.009000 -0.546934
v 2.365058 -0.006124 -0.546934
v 2.395130 0.002343 -0.546934
v 2.423063 0.016156 -0.546934
v 2.448704 0.035074 -0.546934
v 2.471900 0.058853 -0.546934
v 2.492500 0.087250 -0.546934
v 2.510350 0.120022 -0.546934
v 2.525296 0.156926 -0.546934
v 2.537187 0.197719 -0.546934
v 2.545870 0.242157 -0.546934
v 2.551192 0.289999 -0.546934
v 2.455000 0.341000 -0.546934
v 2.454051 0.302332 -0.546934
v 2.451241 0.266407 -0.546934
v 2.446625 0.233344 -0.546934
v 2.440259 0.203259 -0.546934
v 2.432199 0.176272 -0.546934
v 2.422500 0.152500 -0.546934
v 2.411217 0.132061 -0.546934
v 2.398407 0.115074 -0.546934
v 2.384125 0.101656 -0.546934
v 2.368426 0.091926 -0.546934
v 2.351365 0.086001 -0.546934
v 2.333000 0.084000 -0.546934
v 2.314635 0.086001 -0.546934
v 2.297574 0.091926 -0.546934
v 2.281875 0.101656 -0.546934
v 2.267593 0.115074 -0.546934
v 2.254782 0.132061 -0.546934
v 2.243500 0.152500 -0.546934
v 2.233801 0.176272 -0.546934
v 2.225741 0.203259 -0.546934
v 2.219375 0.233344 -0.546934
v 2.214759 0.266407 -0.546934
v 2.211949 0.302332 -0.546934
v 2.211000 0.341000 -0.546934
v 2.211949 0.379668 -0.546934
v 2.214760 0.415593 -0.546934
v 2.219375 0.448656 -0.546934
v 2.225741 0.478741 -0.546934
v 2.233801 0.505728 -0.546934
v 2.243500 0.529500 -0.546934
v 2.254783 0.549939 -0.546934
v 2.267593 0.566926 -0.546934
v 2.281876 0.580344 -0.546934
v 2.297575 0.590074 -0.546934
v 2.314635 0.595999 -0.546934
v 2.333000 0.598000 -0.546934
v 2.351366 0.595999 -0.546934
v 2.368426 0.590074 -0.546934
v 2.384125 0.580344 -0.546934
v 2.398408 0.566926 -0.546934
v 2.411218 0.549939 -0.546934
v 2.422500 0.529500 -0.546934
v 2.432199 0.505728 -0.546934
v 2.440260 0.478741 -0.546934
v 2.446625 0.448656 -0.546934
v 2.451241 0.415593 -0.546934
v 2.454051 0.379668 -0.546934
v 2.664000 0.569000 -0.546934
v 2.675449 0.573982 -0.546934
v 2.686343 0.578440 -0.546934
v 2.696750 0.582391 -0.546934
v 2.706741 0.585852 -0.546934
v 2.716385 0.588841 -0.546934
v 2.725750 0.591375 -0.546934
v 2.734908 0.593472 -0.546934
v 2.743926 0.595148 -0.546934
v 2.752875 0.596422 -0.546934
v 2.761824 0.597310 -0.546934
v 2.770843 0.597830 -0.546934
v 2.780000 0.598000 -0.546934
v 2.797447 0.597196 -0.546934
v 2.813741 0.594819 -0.546934
v 2.828813 0.590922 -0.546934
v 2.842593 0.585556 -0.546934
v 2.855012 0.578773 -0.546934
v 2.866000 0.570625 -0.546934
v 2.875489 0.561165 -0.546934
v 2.883408 0.550444 -0.546934
v 2.889688 0.538516 -0.546934
v 2.894260 0.525431 -0.546934
v 2.897054 0.511241 -0.546934
v 2.898000 0.496000 -0.546934
v 2.897063 0.481028 -0.546934
v 2.894250 0.467139 -0.546934
v 2.889563 0.454375 -0.546934
v 2.883000 0.442778 -0.546934
v 2.874563 0.432389 -0.546934
v 2.864250 0.423250 -0.546934
v 2.852063 0.415403 -0.546934
v 2.838001 0.408889 -0.546934
v 2.822063 0.403750 -0.546934
v 2.804250 0.400028 -0.546934
v 2.784563 0.397764 -0.546934
v 2.763000 0.397000 -0.546934
v 2.763000 0.307000 -0.546934
v 2.786250 0.307087 -0.546934
v 2.807496 0.304944 -0.546934
v 2.826735 0.300719 -0.546934
v 2.843963 0.294556 -0.546934
v 2.859178 0.286601 -0.546934
v 2.872375 0.277000 -0.546934
v 2.883552 0.265899 -0.546934
v 2.892704 0.253444 -0.546934
v 2.899828 0.239781 -0.546934
v 2.904922 0.225056 -0.546934
v 2.907980 0.209413 -0.546934
v 2.909000 0.193000 -0.546934
v 2.908115 0.176991 -0.546934
v 2.905505 0.162009 -0.546934
v 2.901235 0.148125 -0.546934
v 2.895371 0.135407 -0.546934
v 2.887979 0.123926 -0.546934
v 2.879125 0.113750 -0.546934
v 2.868876 0.104949 -0.546934
v 2.857297 0.097593 -0.546934
v 2.844454 0.091750 -0.546934
v 2.830412 0.087491 -0.546934
v 2.815239 0.084884 -0.546934
v 2.799000 0.084000 -0.546934
v 2.786499 0.084355 -0.546934
v 2.773991 0.085421 -0.546934
v 2.761469 0.087203 -0.546934
v 2.748926 0.089704 -0.546934
v 2.736355 0.092927 -0.546934
v 2.723750 0.096875 -0.546934
v 2.711103 0.101553 -0.546934
v 2.698407 0.106963 -0.546934
v 2.685656 0.113109 -0.546934
v 2.672843 0.119995 -0.546934
v 2.659960 0.127624 -0.546934
v 2.647000 0.136000 -0.546934
v 2.647000 0.030000 -0.546934
v 2.659249 0.023981 -0.546934
v 2.671491 0.018431 -0.546934
v 2.683719 0.013359 -0.546934
v 2.695926 0.008778 -0.546934
v 2.708105 0.004696 -0.546934
v 2.720250 0.001125 -0.546934
v 2.732353 -0.001925 -0.546934
v 2.744408 -0.004444 -0.546934
v 2.756407 -0.006422 -0.546934
v 2.768343 -0.007847 -0.546934
v 2.780210 -0.008710 -0.546934
v 2.792000 -0.009000 -0.546934
v 2.822699 -0.007257 -0.546934
v 2.851676 -0.002139 -0.546934
v 2.878750 0.006188 -0.546934
v 2.903741 0.017556 -0.546934
v 2.926468 0.031799 -0.546934
v 2.946750 0.048750 -0.546934
v 2.964408 0.068243 -0.546934
v 2.979260 0.090111 -0.546934
v 2.991126 0.114188 -0.546934
v 2.999825 0.140306 -0.546934
v 3.005177 0.168299 -0.546934
v 3.007000 0.198000 -0.546934
v 3.006371 0.215491 -0.546934
v 3.004463 0.232847 -0.546934
v 3.001250 0.249891 -0.546934
v 2.996704 0.266444 -0.546934
v 2.990797 0.282332 -0.546934
v 2.983500 0.297375 -0.546934
v 2.974787 0.311398 -0.546934
v 2.964630 0.324222 -0.546934
v 2.953000 0.335672 -0.546934
v 2.939871 0.345569 -0.546934
v 2.925213 0.353738 -0.546934
v 2.909000 0.360000 -0.546934
v 2.923736 0.368701 -0.546934
v 2.936972 0.377861 -0.546934
v 2.948750 0.387563 -0.546934
v 2.959111 0.397889 -0.546934
v 2.968098 0.408924 -0.546934
v 2.975750 0.420750 -0.546934
v 2.982111 0.433451 -0.546934
v 2.987223 0.447111 -0.546934
v 2.991125 0.461813 -0.546934
v 2.993861 0.477639 -0.546934
v 2.995472 0.494674 -0.546934
v 2.996000 0.513000 -0.546934
v 2.994375 0.539190 -0.546934
v 2.989583 0.563685 -0.546934
v 2.981750 0.586375 -0.546934
v 2.971000 0.607148 -0.546934
v 2.957458 0.625894 -0.546934
v 2.941250 0.642500 -0.546934
v 2.922500 0.656857 -0.546934
v 2.901333 0.668852 -0.546934
v 2.877875 0.678375 -0.546934
v 2.852250 0.685315 -0.546934
v 2.824583 0.689560 -0.546934
v 2.795000 0.691000 -0.546934
v 2.782492 0.690811 -0.546934
v 2.770435 0.690241 -0.546934
v 2.758781 0.689281 -0.546934
v 2.747482 0.687926 -0.546934
v 2.736487 0.686168 -0.546934
v 2.725750 0.684000 -0.546934
v 2.715221 0.681415 -0.546934
v 2.704852 0.678407 -0.546934
v 2.694594 0.674969 -0.546934
v 2.684398 0.671093 -0.546934
v 2.674217 0.666772 -0.546934
v 2.664000 0.662000 -0.546934
v 3.553000 0.341000 -0.546934
v 3.551192 0.392001 -0.546934
v 3.545871 0.439843 -0.546934
v 3.537188 0.484281 -0.546934
v 3.525296 0.525074 -0.546934
v 3.510350 0.561978 -0.546934
v 3.492500 0.594750 -0.546934
v 3.471901 0.623147 -0.546934
v 3.448704 0.646926 -0.546934
v 3.423063 0.665844 -0.546934
v 3.395130 0.679658 -0.546934
v 3.365058 0.688124 -0.546934
v 3.333000 0.691000 -0.546934
v 3.300942 0.688124 -0.546934
v 3.270871 0.679657 -0.546934
v 3.242938 0.665844 -0.546934
v 3.217297 0.646926 -0.546934
v 3.194100 0.623147 -0.546934
v 3.173500 0.594750 -0.546934
v 3.155651 0.561978 -0.546934
v 3.140704 0.525074 -0.546934
v 3.128813 0.484281 -0.546934
v 3.120130 0.439843 -0.546934
v 3.114808 0.392001 -0.546934
v 3.113000 0.341000 -0.546934
v 3.114808 0.289999 -0.546934
v 3.120130 0.242157 -0.546934
v 3.128813 0.197719 -0.546934
v 3.140704 0.156926 -0.546934
v 3.155651 0.120022 -0.546934
v 3.173500 0.087250 -0.546934
v 3.194100 0.058853 -0.546934
v 3.217296 0.035074 -0.546934
v 3.242938 0.016156 -0.546934
v 3.270870 0.002343 -0.546934
v 3.300942 -0.006124 -0.546934
v 3.333000 -0.009000 -0.546934
v 3.365058 -0.006124 -0.546934
v 3.395130 0.002343 -0.546934
v 3.423063 0.016156 -0.546934
v 3.448704 0.035074 -0.546934
v 3.471900 0.058853 -0.546934
v 3.492500 0.087250 -0.546934
v 3.510350 0.120022 -0.546934
v 3.525296 0.156926 -0.546934
v 3.537187 0.197719 -0.546934
v 3.545870 0.242157 -0.546934
v 3.551192 0.289999 -0.546934
v 3.455000 0.341000 -0.546934
v 3.454051 0.302332 -0.546934
v 3.451241 0.266407 -0.546934
v 3.446625 0.233344 -0.546934
v 3.440259 0.203259 -0.546934
v 3.432199 0.176272 -0.546934
v 3.422500 0.152500 -0.546934
v 3.411217 0.132061 -0.546934
v 3.398407 0.115074 -0.546934
v 3.384125 0.101656 -0.546934
v 3.368426 0.091926 -0.546934
v 3.351365 0.086001 -0.546934
v 3.333000 0.084000 -0.546934
v 3.314635 0.086001 -0.546934
v 3.297574 0.091926 -0.546934
v 3.281875 0.101656 -0.546934
v 3.267593 0.115074 -0.546934
v 3.254782 0.132061 -0.546934
v 3.243500 0.152500 -0.546934
v 3.233801 0.176272 -0.546934
v 3.225741 0.203259 -0.546934
v 3.219375 0.233344 -0.546934
v 3.214759 0.266407 -0.546934
v 3.211949 0.302332 -0.546934
v 3.211000 0.341000 -0.546934
v 3.211949 0.379668 -0.546934
v 3.214760 0.415593 -0.546934
v 3.219375 0.448656 -0.546934
v 3.225741 0.478741 -0.546934
v 3.233801 0.505728 -0.546934
v 3.243500 0.529500 -0.546934
v 3.254783 0.549939 -0.546934
v 3.267593 0.566926 -0.546934
v 3.281876 0.580344 -0.546934
v 3.297575 0.590074 -0.546934
v 3.314635 0.595999 -0.546934
v 3.333000 0.598000 -0.546934
v 3.351366 0.595999 -0.546934
v 3.368426 0.590074 -0.546934
v 3.384125 0.580344 -0.546934
v 3.398408 0.566926 -0.546934
v 3.411218 0.549939 -0.546934
v 3.422500 0.529500 -0.546934
v 3.432199 0.505728 -0.546934
v 3.440260 0.478741 -0.546934
v 3.446625 0.448656 -0.546934
v 3.451241 0.415593 -0.546934
v 3.454051 0.379668 -0.546934
v 4.051000 0.184000 0.000000
v 4.050334 0.201091 0.000000
v 4.048338 0.217815 0.000000
v 4.045016 0.234094 0.000000
v 4.040370 0.249852 0.000000
v 4.034406 0.265013 0.000000
v 4.027125 0.279500 0.000000
v 4.018532 0.293237 0.000000
v 4.008630 0.306148 0.000000
v 3.997422 0.318156 0.000000
v 3.984912 0.329185 0.000000
v 3.971104 0.339159 0.000000
v 3.956000 0.348000 0.000000
v 3.969857 0.357862 0.000000
v 3.982435 0.368394 0.000000
v 3.993750 0.379516 0.000000
v 4.003815 0.391148 0.000000
v 4.012644 0.403211 0.000000
v 4.020250 0.415625 0.000000
v 4.026649 0.428310 0.000000
v 4.031852 0.441185 0.000000
v 4.035875 0.454172 0.000000
v 4.038732 0.467190 0.000000
v 4.040435 0.480159 0.000000
v 4.041000 0.493000 0.000000
v 4.039242 0.520634 0.000000
v 4.034098 0.546903 0.000000
v 4.025766 0.571609 0.000000
v 4.014445 0.594556 0.000000
v 4.000332 0.615543 0.000000
v 3.983625 0.634375 0.000000
v 3.964523 0.650852 0.000000
v 3.943223 0.664778 0.000000
v 3.919922 0.675953 0.000000
v 3.894820 0.684181 0.000000
v 3.868113 0.689262 0.000000
v 3.840000 0.691000 0.000000
v 3.810890 0.689282 0.000000
v 3.783199 0.684259 0.000000
v 3.757141 0.676125 0.000000
v 3.732926 0.665074 0.000000
v 3.710767 0.651301 0.000000
v 3.690875 0.635000 0.000000
v 3.673463 0.616366 0.000000
v 3.658741 0.595593 0.000000
v 3.646922 0.572875 0.000000
v 3.638218 0.548407 0.000000
v 3.632840 0.522384 0.000000
v 3.631000 0.495000 0.000000
v 3.631620 0.480630 0.000000
v 3.633459 0.466542 0.000000
v 3.636485 0.452766 0.000000
v 3.640667 0.439333 0.000000
v 3.645974 0.426276 0.000000
v 3.652375 0.413625 0.000000
v 3.659839 0.401412 0.000000
v 3.668334 0.389667 0.000000
v 3.677828 0.378422 0.000000
v 3.688292 0.367708 0.000000
v 3.699693 0.357557 0.000000
v 3.712000 0.348000 0.000000
v 3.696437 0.338185 0.000000
v 3.682245 0.327731 0.000000
v 3.669422 0.316625 0.000000
v 3.657963 0.304852 0.000000
v 3.647865 0.292398 0.000000
v 3.639125 0.279250 0.000000
v 3.631739 0.265394 0.000000
v 3.625704 0.250815 0.000000
v 3.621016 0.235500 0.000000
v 3.617671 0.219435 0.000000
v 3.615667 0.202606 0.000000
v 3.615000 0.185000 0.000000
v 3.616961 0.158285 0.000000
v 3.622685 0.132782 0.000000
v 3.631938 0.108703 0.000000
v 3.644482 0.086259 0.000000
v 3.660081 0.065663 0.000000
v 3.678500 0.047125 0.000000
v 3.699502 0.030858 0.000000
v 3.722852 0.017074 0.000000
v 3.748313 0.005984 0.000000
v 3.775648 -0.002199 -0.000000
v 3.804623 -0.007264 -0.000000
v 3.835000 -0.009000 -0.000000
v 3.864879 -0.007284 -0.000000
v 3.893361 -0.002273 -0.000000
v 3.920219 0.005828 0.000000
v 3.945222 0.016815 0.000000
v 3.968143 0.030482 0.000000
v 3.988750 0.046625 0.000000
v 4.006816 0.065039 0.000000
v 4.022111 0.085519 0.000000
v 4.034406 0.107859 0.000000
v 4.043472 0.131857 0.000000
v 4.049079 0.157305 0.000000
v 3.943000 0.495000 0.000000
v 3.942022 0.481439 0.000000
v 3.939172 0.468347 0.000000
v 3.934578 0.455859 0.000000
v 3.928371 0.444111 0.000000
v 3.920677 0.433238 0.000000
v 3.911625 0.423375 0.000000
v 3.901345 0.414658 0.000000
v 3.889963 0.407222 0.000000
v 3.877610 0.401203 0.000000
v 3.864412 0.396736 0.000000
v 3.850500 0.393957 0.000000
v 3.836000 0.393000 0.000000
v 3.821711 0.393977 0.000000
v 3.807935 0.396815 0.000000
v 3.794812 0.401375 0.000000
v 3.782481 0.407519 0.000000
v 3.771081 0.415106 0.000000
v 3.760750 0.424000 0.000000
v 3.751627 0.434060 0.000000
v 3.743852 0.445148 0.000000
v 3.737563 0.457125 0.000000
v 3.732898 0.469852 0.000000
v 3.729998 0.483190 0.000000
v 3.729000 0.497000 0.000000
v 3.729903 0.511802 0.000000
v 3.732560 0.525662 0.000000
v 3.736891 0.538516 0.000000
v 3.742815 0.550296 0.000000
v 3.750253 0.560938 0.000000
v 3.759125 0.570375 0.000000
v 3.769351 0.578541 0.000000
v 3.780852 0.585370 0.000000
v 3.793547 0.590797 0.000000
v 3.807357 0.594755 0.000000
v 3.822201 0.597178 0.000000
v 3.838000 0.598000 0.000000
v 3.852880 0.597100 0.000000
v 3.866959 0.594468 0.000000
v 3.880141 0.590203 0.000000
v 3.892334 0.584407 0.000000
v 3.903443 0.577181 0.000000
v 3.913375 0.568625 0.000000
v 3.922037 0.558840 0.000000
v 3.929334 0.547926 0.000000
v 3.935172 0.535984 0.000000
v 3.939459 0.523116 0.000000
v 3.942100 0.509421 0.000000
v 3.953000 0.192000 0.000000
v 3.952148 0.177901 0.000000
v 3.949597 0.164208 0.000000
v 3.945359 0.151078 0.000000
v 3.939445 0.138667 0.000000
v 3.931863 0.127130 0.000000
v 3.922625 0.116625 0.000000
v 3.911742 0.107307 0.000000
v 3.899223 0.099333 0.000000
v 3.885078 0.092859 0.000000
v 3.869320 0.088042 0.000000
v 3.851957 0.085036 0.000000
v 3.833000 0.084000 0.000000
v 3.815934 0.084922 0.000000
v 3.799806 0.087625 0.000000
v 3.784719 0.092016 0.000000
v 3.770778 0.098000 0.000000
v 3.758087 0.105484 0.000000
v 3.746750 0.114375 0.000000
v 3.736871 0.124578 0.000000
v 3.728555 0.136000 0.000000
v 3.721906 0.148547 0.000000
v 3.717028 0.162125 0.000000
v 3.714024 0.176641 0.000000
v 3.713000 0.192000 0.000000
v 3.713988 0.207569 0.000000
v 3.716898 0.222222 0.000000
v 3.721657 0.235875 0.000000
v 3.728185 0.248444 0.000000
v 3.736409 0.259847 0.000000
v 3.746250 0.270000 0.000000
v 3.757633 0.278819 0.000000
v 3.770482 0.286222 0.000000
v 3.784719 0.292125 0.000000
v 3.800268 0.296444 0.000000
v 3.817054 0.299097 0.000000
v 3.835000 0.300000 0.000000
v 3.851817 0.299059 0.000000
v 3.867699 0.296306 0.000000
v 3.882547 0.291844 0.000000
v 3.896260 0.285778 0.000000
v 3.908736 0.278212 0.000000
v 3.919875 0.269250 0.000000
v 3.929577 0.258997 0.000000
v 3.937741 0.247556 0.000000
v 3.944266 0.235031 0.000000
v 3.949051 0.221528 0.000000
v 3.951996 0.207149 0.000000
v 0.285000 0.359000 0.000000
v 0.582000 0.682000 0.000000
v 0.460000 0.682000 0.000000
v 0.173000 0.370000 0.000000
v 0.173000 0.682000 0.000000
v 0.075000 0.682000 0.000000
v 0.075000 0.000000 0.000000
v 0.173000 0.000000 0.000000
v 0.173000 0.337000 0.000000
v 0.520000 0.000000 0.000000
v 0.655000 0.000000 0.000000
v 0.701000 0.341000 0.000000
v 0.703903 0.295251 0.000000
v 0.712477 0.250838 0.000000
v 0.726516 0.208266 0.000000
v 0.745815 0.168037 0.000000
v 0.770170 0.130656 0.000000
v 0.799375 0.096625 0.000000
v 0.833226 0.066448 0.000000
v 0.871519 0.040630 0.000000
v 0.914047 0.019672 0.000000
v 0.960607 0.004079 0.000000
v 1.010993 -0.005646 -0.000000
v 1.065000 -0.009000 -0.000000
v 1.120787 -0.005627 -0.000000
v 1.172542 0.004148 0.000000
v 1.220109 0.019813 0.000000
v 1.263333 0.040852 0.000000
v 1.302057 0.066752 0.000000
v 1.336125 0.097000 0.000000
v 1.365380 0.131081 0.000000
v 1.389667 0.168481 0.000000
v 1.408828 0.208688 0.000000
v 1.422709 0.251185 0.000000
v 1.431151 0.295461 0.000000
v 1.434000 0.341000 0.000000
v 1.431076 0.387800 0.000000
v 1.422440 0.432898 0.000000
v 1.408297 0.475844 0.000000
v 1.388852 0.516185 0.000000
v 1.364310 0.553471 0.000000
v 1.334875 0.587250 0.000000
v 1.300753 0.617071 0.000000
v 1.262148 0.642482 0.000000
v 1.219266 0.663031 0.000000
v 1.172310 0.678269 0.000000
v 1.121487 0.687742 0.000000
v 1.067000 0.691000 0.000000
v 1.013373 0.687723 0.000000
v 0.963153 0.678199 0.000000
v 0.916578 0.662891 0.000000
v 0.873889 0.642259 0.000000
v 0.835325 0.616767 0.000000
v 0.801125 0.586875 0.000000
v 0.771529 0.553046 0.000000
v 0.746778 0.515741 0.000000
v 0.727109 0.475422 0.000000
v 0.712764 0.432551 0.000000
v 0.703981 0.387590 0.000000
v 0.802000 0.341000 0.000000
v 0.804311 0.377626 0.000000
v 0.811074 0.412343 0.000000
v 0.822031 0.444906 0.000000
v 0.836926 0.475074 0.000000
v 0.855501 0.502603 0.000000
v 0.877500 0.527250 0.000000
v 0.902666 0.548772 0.000000
v 0.930741 0.566926 0.000000
v 0.961469 0.581469 0.000000
v 0.994593 0.592157 0.000000
v 1.029855 0.598749 0.000000
v 1.067000 0.601000 0.000000
v 1.104374 0.598749 0.000000
v 1.139829 0.592157 0.000000
v 1.173109 0.581469 0.000000
v 1.203963 0.566926 0.000000
v 1.232136 0.548772 0.000000
v 1.257375 0.527250 0.000000
v 1.279427 0.502603 0.000000
v 1.298037 0.475074 0.000000
v 1.312953 0.444906 0.000000
v 1.323921 0.412343 0.000000
v 1.330688 0.377626 0.000000
v 1.333000 0.341000 0.000000
v 1.330688 0.304584 0.000000
v 1.323921 0.270005 0.000000
v 1.312953 0.237516 0.000000
v 1.298037 0.207370 0.000000
v 1.279427 0.179822 0.000000
v 1.257375 0.155125 0.000000
v 1.232136 0.133532 0.000000
v 1.203963 0.115296 0.000000
v 1.173109 0.100672 0.000000
v 1.139829 0.089912 0.000000
v 1.104374 0.083270 0.000000
v 1.067000 0.081000 0.000000
v 1.029855 0.083270 0.000000
v 0.994593 0.089912 0.000000
v 0.961469 0.100672 0.000000
v 0.930741 0.115296 0.000000
v 0.902666 0.133532 0.000000
v 0.877500 0.155125 0.000000
v 0.855501 0.179822 0.000000
v 0.836926 0.207370 0.000000
v 0.822031 0.237516 0.000000
v 0.811074 0.270005 0.000000
v 0.804311 0.304584 0.000000
v 1.556000 0.682000 0.000000
v 1.556000 0.000000 0.000000
v 1.654000 0.000000 0.000000
v 1.654000 0.296000 0.000000
v 1.695000 0.296000 0.000000
v 1.707346 0.295604 0.000000
v 1.719519 0.294167 0.000000
v 1.731719 0.291313 0.000000
v 1.744148 0.286667 0.000000
v 1.757008 0.279854 0.000000
v 1.770500 0.270500 0.000000
v 1.784825 0.258229 0.000000
v 1.800185 0.242667 0.000000
v 1.816781 0.223437 0.000000
v 1.834815 0.200167 0.000000
v 1.854487 0.172479 0.000000
v 1.876000 0.140000 0.000000
v 1.966000 0.000000 0.000000
v 2.083000 0.000000 0.000000
v 2.071847 0.015411 0.000000
v 2.061793 0.029298 0.000000
v 2.052694 0.041891 0.000000
v 2.044405 0.053420 0.000000
v 2.036783 0.064116 0.000000
v 2.029683 0.074209 0.000000
v 2.022962 0.083929 0.000000
v 2.016476 0.093507 0.000000
v 2.010081 0.103172 0.000000
v 2.003632 0.113156 0.000000
v 1.996987 0.123689 0.000000
v 1.990000 0.135000 0.000000
v 1.977270 0.155792 0.000000
v 1.964991 0.175667 0.000000
v 1.953031 0.194625 0.000000
v 1.941259 0.212667 0.000000
v 1.929543 0.229792 0.000000
v 1.917750 0.246000 0.000000
v 1.905749 0.261292 0.000000
v 1.893407 0.275667 0.000000
v 1.880594 0.289125 0.000000
v 1.867176 0.301667 0.000000
v 1.853022 0.313292 0.000000
v 1.838000 0.324000 0.000000
v 1.855578 0.331869 0.000000
v 1.871792 0.340954 0.000000
v 1.886609 0.351219 0.000000
v 1.900000 0.362630 0.000000
v 1.911932 0.375152 0.000000
v 1.922375 0.388750 0.000000
v 1.931297 0.403390 0.000000
v 1.938667 0.419037 0.000000
v 1.944453 0.435656 0.000000
v 1.948625 0.453213 0.000000
v 1.951151 0.471673 0.000000
v 1.952000 0.491000 0.000000
v 1.950228 0.519546 0.000000
v 1.944991 0.546120 0.000000
v 1.936406 0.570625 0.000000
v 1.924593 0.592963 0.000000
v 1.909668 0.613037 0.000000
v 1.891750 0.630750 0.000000
v 1.870957 0.646005 0.000000
v 1.847407 0.658704 0.000000
v 1.821219 0.668750 0.000000
v 1.792509 0.676046 0.000000
v 1.761397 0.680495 0.000000
v 1.728000 0.682000 0.000000
v 1.654000 0.598000 0.000000
v 1.717000 0.598000 0.000000
v 1.739572 0.597196 0.000000
v 1.759834 0.594815 0.000000
v 1.777858 0.590906 0.000000
v 1.793713 0.585518 0.000000
v 1.807472 0.578700 0.000000
v 1.819204 0.570499 0.000000
v 1.828980 0.560966 0.000000
v 1.836871 0.550147 0.000000
v 1.842948 0.538093 0.000000
v 1.847281 0.524851 0.000000
v 1.849942 0.510471 0.000000
v 1.851000 0.495000 0.000000
v 1.850579 0.480842 0.000000
v 1.848713 0.466986 0.000000
v 1.845250 0.453609 0.000000
v 1.840037 0.440889 0.000000
v 1.832922 0.429002 0.000000
v 1.823750 0.418125 0.000000
v 1.812371 0.408436 0.000000
v 1.798630 0.400111 0.000000
v 1.782375 0.393328 0.000000
v 1.763454 0.388264 0.000000
v 1.741713 0.385095 0.000000
v 1.717000 0.384000 0.000000
v 1.654000 0.384000 0.000000
v 2.553000 0.341000 0.000000
v 2.551192 0.392001 0.000000
v 2.545871 0.439843 0.000000
v 2.537188 0.484281 0.000000
v 2.525296 0.525074 0.000000
v 2.510350 0.561978 0.000000
v 2.492500 0.594750 0.000000
v 2.471901 0.623147 0.000000
v 2.448704 0.646926 0.000000
v 2.423063 0.665844 0.000000
v 2.395130 0.679658 0.000000
v 2.365058 0.688124 0.000000
v 2.333000 0.691000 0.000000
v 2.300942 0.688124 0.000000
v 2.270871 0.679657 0.000000
v 2.242938 0.665844 0.000000
v 2.217297 0.646926 0.000000
v 2.194100 0.623147 0.000000
v 2.173500 0.594750 0.000000
v 2.155651 0.561978 0.000000
v 2.140704 0.525074 0.000000
v 2.128813 0.484281 0.000000
v 2.120130 0.439843 0.000000
v 2.114808 0.392001 0.000000
v 2.113000 0.341000 0.000000
v 2.114808 0.289999 0.000000
v 2.120130 0.242157 0.000000
v 2.128813 0.197719 0.000000
v 2.140704 0.156926 0.000000
v 2.155651 0.120022 0.000000
v 2.173500 0.087250 0.000000
v 2.194100 0.058853 0.000000
v 2.217296 0.035074 0.000000
v 2.242938 0.016156 0.000000
v 2.270870 0.002343 0.000000
v 2.300942 -0.006124 -0.000000
v 2.333000 -0.009000 -0.000000
v 2.365058 -0.006124 -0.000000
v 2.395130 0.002343 0.000000
v 2.423063 0.016156 0.000000
v 2.448704 0.035074 0.000000
v 2.471900 0.058853 0.000000
v 2.492500 0.087250 0.000000
v 2.510350 0.120022 0.000000
v 2.525296 0.156926 0.000000
v 2.537187 0.197719 0.000000
v 2.545870 0.242157 0.000000
v 2.551192 0.289999 0.000000
v 2.455000 0.341000 0.000000
v 2.454051 0.302332 0.000000
v 2.451241 0.266407 0.000000
v 2.446625 0.233344 0.000000
v 2.440259 0.203259 0.000000
v 2.432199 0.176272 0.000000
v 2.422500 0.152500 0.000000
v 2.411217 0.132061 0.000000
v 2.398407 0.115074 0.000000
v 2.384125 0.101656 0.000000
v 2.368426 0.091926 0.000000
v 2.351365 0.086001 0.000000
v 2.333000 0.084000 0.000000
v 2.314635 0.086001 0.000000
v 2.297574 0.091926 0.000000
v 2.281875 0.101656 0.000000
v 2.267593 0.115074 0.000000
v 2.254782 0.132061 0.000000
v 2.243500 0.152500 0.000000
v 2.233801 0.176272 0.000000
v 2.225741 0.203259 0.000000
v 2.219375 0.233344 0.000000
v 2.214759 0.266407 0.000000
v 2.211949 0.302332 0.000000
v 2.211000 0.341000 0.000000
v 2.211949 0.379668 0.000000
v 2.214760 0.415593 0.000000
v 2.219375 0.448656 0.000000
v 2.225741 0.478741 0.000000
v 2.233801 0.505728 0.000000
v 2.243500 0.529500 0.000000
v 2.254783 0.549939 0.000000
v 2.267593 0.566926 0.000000
v 2.281876 0.580344 0.000000
v 2.297575 0.590074 0.000000
v 2.314635 0.595999 0.000000
v 2.333000 0.598000 0.000000
v 2.351366 0.595999 0.000000
v 2.368426 0.590074 0.000000
v 2.384125 0.580344 0.000000
v 2.398408 0.566926 0.000000
v 2.411218 0.549939 0.000000
v 2.422500 0.529500 0.000000
v 2.432199 0.505728 0.000000
v 2.440260 0.478741 0.000000
v 2.446625 0.448656 0.000000
v 2.451241 0.415593 0.000000
v 2.454051 0.379668 0.000000
v 2.664000 0.569000 0.000000
v 2.675449 0.573982 0.000000
v 2.686343 0.578440 0.000000
v 2.696750 0.582391 0.000000
v 2.706741 0.585852 0.000000
v 2.716385 0.588841 0.000000
v 2.725750 0.591375 0.000000
v 2.734908 0.593472 0.000000
v 2.743926 0.595148 0.000000
v 2.752875 0.596422 0.000000
v 2.761824 0.597310 0.000000
v 2.770843 0.597830 0.000000
v 2.780000 0.598000 0.000000
v 2.797447 0.597196 0.000000
v 2.813741 0.594819 0.000000
v 2.828813 0.590922 0.000000
v 2.842593 0.585556 0.000000
v 2.855012 0.578773 0.000000
v 2.866000 0.570625 0.000000
v 2.875489 0.561165 0.000000
v 2.883408 0.550444 0.000000
v 2.889688 0.538516 0.000000
v 2.894260 0.525431 0.000000
v 2.897054 0.511241 0.000000
v 2.898000 0.496000 0.000000
v 2.897063 0.481028 0.000000
v 2.894250 0.467139 0.000000
v 2.889563 0.454375 0.000000
v 2.883000 0.442778 0.000000
v 2.874563 0.432389 0.000000
v 2.864250 0.423250 0.000000
v 2.852063 0.415403 0.000000
v 2.838001 0.408889 0.000000
v 2.822063 0.403750 0.000000
v 2.804250 0.400028 0.000000
v 2.784563 0.397764 0.000000
v 2.763000 0.397000 0.000000
v 2.763000 0.307000 0.000000
v 2.786250 0.307087 0.000000
v 2.807496 0.304944 0.000000
v 2.826735 0.300719 0.000000
v 2.843963 0.294556 0.000000
v 2.859178 0.286601 0.000000
v 2.872375 0.277000 0.000000
v 2.883552 0.265899 0.000000
v 2.892704 0.253444 0.000000
v 2.899828 0.239781 0.000000
v 2.904922 0.225056 0.000000
v 2.907980 0.209413 0.000000
v 2.909000 0.193000 0.000000
v 2.908115 0.176991 0.000000
v 2.905505 0.162009 0.000000
v 2.901235 0.148125 0.000000
v 2.895371 0.135407 0.000000
v 2.887979 0.123926 0.000000
v 2.879125 0.113750 0.000000
v 2.868876 0.104949 0.000000
v 2.857297 0.097593 0.000000
v 2.844454 0.091750 0.000000
v 2.830412 0.087491 0.000000
v 2.815239 0.084884 0.000000
v 2.799000 0.084000 0.000000
v 2.786499 0.084355 0.000000
v 2.773991 0.085421 0.000000
v 2.761469 0.087203 0.000000
v 2.748926 0.089704 0.000000
v 2.736355 0.092927 0.000000
v 2.723750 0.096875 0.000000
v 2.711103 0.101553 0.000000
v 2.698407 0.106963 0.000000
v 2.685656 0.113109 0.000000
v 2.672843 0.119995 0.000000
v 2.659960 0.127624 0.000000
v 2.647000 0.136000 0.000000
v 2.647000 0.030000 0.000000
v 2.659249 0.023981 0.000000
v 2.671491 0.018431 0.000000
v 2.683719 0.013359 0.000000
v 2.695926 0.008778 0.000000
v 2.708105 0.004696 0.000000
v 2.720250 0.001125 0.000000
v 2.732353 -0.001925 -0.000000
v 2.744408 -0.004444 -0.000000
v 2.756407 -0.006422 -0.000000
v 2.768343 -0.007847 -0.000000
v 2.780210 -0.008710 -0.000000
v 2.792000 -0.009000 -0.000000
v 2.822699 -0.007257 -0.000000
v 2.851676 -0.002139 -0.000000
v 2.878750 0.006188 0.000000
v 2.903741 0.017556 0.000000
v 2.926468 0.031799 0.000000
v 2.946750 0.048750 0.000000
v 2.964408 0.068243 0.000000
v 2.979260 0.090111 0.000000
v 2.991126 0.114188 0.000000
v 2.999825 0.140306 0.000000
v 3.005177 0.168299 0.000000
v 3.007000 0.198000 0.000000
v 3.006371 0.215491 0.000000
v 3.004463 0.232847 0.000000
v 3.001250 0.249891 0.000000
v 2.996704 0.266444 0.000000
v 2.990797 0.282332 0.000000
v 2.983500 0.297375 0.000000
v 2.974787 0.311398 0.000000
v 2.964630 0.324222 0.000000
v 2.953000 0.335672 0.000000
v 2.939871 0.345569 0.000000
v 2.925213 0.353738 0.000000
v 2.909000 0.360000 0.000000
v 2.923736 0.368701 0.000000
v 2.936972 0.377861 0.000000
v 2.948750 0.387563 0.000000
v 2.959111 0.397889 0.000000
v 2.968098 0.408924 0.000000
v 2.975750 0.420750 0.000000
v 2.982111 0.433451 0.000000
v 2.987223 0.447111 0.000000
v 2.991125 0.461813 0.000000
v 2.993861 0.477639 0.000000
v 2.995472 0.494674 0.000000
v 2.996000 0.513000 0.000000
v 2.994375 0.539190 0.000000
v 2.989583 0.563685 0.000000
v 2.981750 0.586375 0.000000
v 2.971000 0.607148 0.000000
v 2.957458 0.625894 0.000000
v 2.941250 0.642500 0.000000
v 2.922500 0.656857 0.000000
v 2.901333 0.668852 0.000000
v 2.877875 0.678375 0.000000
v 2.852250 0.685315 0.000000
v 2.824583 0.689560 0.000000
v 2.795000 0.691000 0.000000
v 2.782492 0.690811 0.000000
v 2.770435 0.690241 0.000000
v 2.758781 0.689281 0.000000
v 2.747482 0.687926 0.000000
v 2.736487 0.686168 0.000000
v 2.725750 0.684000 0.000000
v 2.715221 0.681415 0.000000
v 2.704852 0.678407 0.000000
v 2.694594 0.674969 0.000000
v 2.684398 0.671093 0.000000
v 2.674217 0.666772 0.000000
v 2.664000 0.662000 0.000000
v 3.553000 0.341000 0.000000
v 3.551192 0.392001 0.000000
v 3.545871 0.439843 0.000000
v 3.537188 0.484281 0.000000
v 3.525296 0.525074 0.000000
v 3.510350 0.561978 0.000000
v 3.492500 0.594750 0.000000
v 3.471901 0.623147 0.000000
v 3.448704 0.646926 0.000000
v 3.423063 0.665844 0.000000
v 3.395130 0.679658 0.000000
v 3.365058 0.688124 0.000000
v 3.333000 0.691000 0.000000
v 3.300942 0.688124 0.000000
v 3.270871 0.679657 0.000000
v 3.242938 0.665844 0.000000
v 3.217297 0.646926 0.000000
v 3.194100 0.623147 0.000000
v 3.173500 0.594750 0.000000
v 3.155651 0.561978 0.000000
v 3.140704 0.525074 0.000000
v 3.128813 0.484281 0.000000
v 3.120130 0.439843 0.000000
v 3.114808 0.392001 0.000000
v 3.113000 0.341000 0.000000
v 3.114808 0.289999 0.000000
v 3.120130 0.242157 0.000000
v 3.128813 0.197719 0.000000
v 3.140704 0.156926 0.000000
v 3.155651 0.120022 0.000000
v 3.173500 0.087250 0.000000
v 3.194100 0.058853 0.000000
v 3.217296 0.035074 0.000000
v 3.242938 0.016156 0.000000
v 3.270870 0.002343 0.000000
v 3.300942 -0.006124 -0.000000
v 3.333000 -0.009000 -0.000000
v 3.365058 -0.006124 -0.000000
v 3.395130 0.002343 0.000000
v 3.423063 0.016156 0.000000
v 3.448704 0.035074 0.000000
v 3.471900 0.058853 0.000000
v 3.492500 0.087250 0.000000
v 3.510350 0.120022 0.000000
v 3.525296 0.156926 0.000000
v 3.537187 0.197719 0.000000
v 3.545870 0.242157 0.000000
v 3.551192 0.289999 0.000000
v 3.455000 0.341000 0.000000
v 3.454051 0.302332 0.000000
v 3.451241 0.266407 0.000000
v 3.446625 0.233344 0.000000
v 3.440259 0.203259 0.000000
v 3.432199 0.176272 0.000000
v 3.422500 0.152500 0.000000
v 3.411217 0.132061 0.000000
v 3.398407 0.115074 0.000000
v 3.384125 0.101656 0.000000
v 3.368426 0.091926 0.000000
v 3.351365 0.086001 0.000000
v 3.333000 0.084000 0.000000
v 3.314635 0.086001 0.000000
v 3.297574 0.091926 0.000000
v 3.281875 0.101656 0.000000
v 3.267593 0.115074 0.000000
v 3.254782 0.132061 0.000000
v 3.243500 0.152500 0.000000
v 3.233801 0.176272 0.000000
v 3.225741 0.203259 0.000000
v 3.219375 0.233344 0.000000
v 3.214759 0.266407 0.000000
v 3.211949 0.302332 0.000000
v 3.211000 0.341000 0.000000
v 3.211949 0.379668 0.000000
v 3.214760 0.415593 0.000000
v 3.219375 0.448656 0.000000
v 3.225741 0.478741 0.000000
v 3.233801 0.505728 0.000000
v 3.243500 0.529500 0.000000
v 3.254783 0.549939 0.000000
v 3.267593 0.566926 0.000000
v 3.281876 0.580344 0.000000
v 3.297575 0.590074 0.000000
v 3.314635 0.595999 0.000000
v 3.333000 0.598000 0.000000
v 3.351366 0.595999 0.000000
v 3.368426 0.590074 0.000000
v 3.384125 0.580344 0.000000
v 3.398408 0.566926 0.000000
v 3.411218 0.549939 0.000000
v 3.422500 0.529500 0.000000
v 3.432199 0.505728 0.000000
v 3.440260 0.478741 0.000000
v 3.446625 0.448656 0.000000
v 3.451241 0.415593 0.000000
v 3.454051 0.379668 0.000000
v 4.051000 0.184000 -0.546934
v 4.050334 0.201091 -0.546934
v 4.048338 0.217815 -0.546934
v 4.045016 0.234094 -0.546934
v 4.040370 0.249852 -0.546934
v 4.034406 0.265013 -0.546934
v 4.027125 0.279500 -0.546934
v 4.018532 0.293237 -0.546934
v 4.008630 0.306148 -0.546934
v 3.997422 0.318156 -0.546934
v 3.984912 0.329185 -0.546934
v 3.971104 0.339159 -0.546934
v 3.956000 0.348000 -0.546934
v 3.969857 0.357862 -0.546934
v 3.982435 0.368394 -0.546934
v 3.993750 0.379516 -0.546934
v 4.003815 0.391148 -0.546934
v 4.012644 0.403211 -0.546934
v 4.020250 0.415625 -0.546934
v 4.026649 0.428310 -0.546934
v 4.031852 0.441185 -0.546934
v 4.035875 0.454172 -0.546934
v 4.038732 0.467190 -0.546934
v 4.040435 0.480159 -0.546934
v 4.041000 0.493000 -0.546934
v 4.039242 0.520634 -0.546934
v 4.034098 0.546903 -0.546934
v 4.025766 0.571609 -0.546934
v 4.014445 0.594556 -0.546934
v 4.000332 0.615543 -0.546934
v 3.983625 0.634375 -0.546934
v 3.964523 0.650852 -0.546934
v 3.943223 0.664778 -0.546934
v 3.919922 0.675953 -0.546934
v 3.894820 0.684181 -0.546934
v 3.868113 0.689262 -0.546934
v 3.840000 0.691000 -0.546934
v 3.810890 0.689282 -0.546934
v 3.783199 0.684259 -0.546934
v 3.757141 0.676125 -0.546934
v 3.732926 0.665074 -0.546934
v 3.710767 0.651301 -0.546934
v 3.690875 0.635000 -0.546934
v 3.673463 0.616366 -0.546934
v 3.658741 0.595593 -0.546934
v 3.646922 0.572875 -0.546934
v 3.638218 0.548407 -0.546934
v 3.632840 0.522384 -0.546934
v 3.631000 0.495000 -0.546934
v 3.631620 0.480630 -0.546934
v 3.633459 0.466542 -0.546934
v 3.636485 0.452766 -0.546934
v 3.640667 0.439333 -0.546934
v 3.645974 0.426276 -0.546934
v 3.652375 0.413625 -0.546934
v 3.659839 0.401412 -0.546934
v 3.668334 0.389667 -0.546934
v 3.677828 0.378422 -0.546934
v 3.688292 0.367708 -0.546934
v 3.699693 0.357557 -0.546934
v 3.712000 0.348000 -0.546934
v 3.696437 0.338185 -0.546934
v 3.682245 0.327732 -0.546934
v 3.669422 0.316625 -0.546934
v 3.657963 0.304852 -0.546934
v 3.647865 0.292398 -0.546934
v 3.639125 0.279250 -0.546934
v 3.631739 0.265394 -0.546934
v 3.625704 0.250815 -0.546934
v 3.621016 0.235500 -0.546934
v 3.617671 0.219435 -0.546934
v 3.615667 0.202607 -0.546934
v 3.615000 0.185000 -0.546934
v 3.616961 0.158285 -0.546934
v 3.622685 0.132782 -0.546934
v 3.631938 0.108703 -0.546934
v 3.644482 0.086259 -0.546934
v 3.660081 0.065663 -0.546934
v 3.678500 0.047125 -0.546934
v 3.699502 0.030858 -0.546934
v 3.722852 0.017074 -0.546934
v 3.748313 0.005984 -0.546934
v 3.775648 -0.002199 -0.546934
v 3.804623 -0.007264 -0.546934
v 3.835000 -0.009000 -0.546934
v 3.864879 -0.007284 -0.546934
v 3.893361 -0.002273 -0.546934
v 3.920219 0.005828 -0.546934
v 3.945222 0.016815 -0.546934
v 3.968143 0.030482 -0.546934
v 3.988750 0.046625 -0.546934
v 4.006816 0.065039 -0.546934
v 4.022111 0.085519 -0.546934
v 4.034406 0.107859 -0.546934
v 4.043472 0.131857 -0.546934
v 4.049079 0.157305 -0.546934
v 3.943000 0.495000 -0.546934
v 3.942022 0.481439 -0.546934
v 3.939172 0.468347 -0.546934
v 3.934578 0.455859 -0.546934
v 3.928371 0.444111 -0.546934
v 3.920677 0.433238 -0.546934
v 3.911625 0.423375 -0.546934
v 3.901345 0.414658 -0.546934
v 3.889963 0.407222 -0.546934
v 3.877610 0.401203 -0.546934
v 3.864412 0.396736 -0.546934
v 3.850500 0.393957 -0.546934
v 3.836000 0.393000 -0.546934
v 3.821711 0.393977 -0.546934
v 3.807935 0.396815 -0.546934
v 3.794812 0.401375 -0.546934
v 3.782481 0.407519 -0.546934
v 3.771081 0.415107 -0.546934
v 3.760750 0.424000 -0.546934
v 3.751627 0.434060 -0.546934
v 3.743852 0.445148 -0.546934
v 3.737563 0.457125 -0.546934
v 3.732898 0.469852 -0.546934
v 3.729998 0.483190 -0.546934
v 3.729000 0.497000 -0.546934
v 3.729903 0.511802 -0.546934
v 3.732560 0.525662 -0.546934
v 3.736891 0.538516 -0.546934
v 3.742815 0.550296 -0.546934
v 3.750253 0.560938 -0.546934
v 3.759125 0.570375 -0.546934
v 3.769351 0.578541 -0.546934
v 3.780852 0.585370 -0.546934
v 3.793547 0.590797 -0.546934
v 3.807357 0.594755 -0.546934
v 3.822201 0.597178 -0.546934
v 3.838000 0.598000 -0.546934
v 3.852880 0.597100 -0.546934
v 3.866959 0.594468 -0.546934
v 3.880141 0.590203 -0.546934
v 3.892334 0.584407 -0.546934
v 3.903443 0.577181 -0.546934
v 3.913375 0.568625 -0.546934
v 3.922037 0.558840 -0.546934
v 3.929334 0.547926 -0.546934
v 3.935172 0.535984 -0.546934
v 3.939459 0.523116 -0.546934
v 3.942100 0.509421 -0.546934
v 3.953000 0.192000 -0.546934
v 3.952148 0.177901 -0.546934
v 3.949597 0.164208 -0.546934
v 3.945359 0.151078 -0.546934
v 3.939445 0.138667 -0.546934
v 3.931863 0.127130 -0.546934
v 3.922625 0.116625 -0.546934
v 3.911742 0.107307 -0.546934
v 3.899223 0.099333 -0.546934
v 3.885078 0.092859 -0.546934
v 3.869320 0.088042 -0.546934
v 3.851957 0.085036 -0.546934
v 3.833000 0.084000 -0.546934
v 3.815934 0.084922 -0.546934
v 3.799806 0.087625 -0.546934
v 3.784719 0.092016 -0.546934
v 3.770778 0.098000 -0.546934
v 3.758087 0.105484 -0.546934
v 3.746750 0.114375 -0.546934
v 3.736871 0.124578 -0.546934
v 3.728555 0.136000 -0.546934
v 3.721906 0.148547 -0.546934
v 3.717028 0.162125 -0.546934
v 3.714024 0.176641 -0.546934
v 3.713000 0.192000 -0.546934
v 3.713988 0.207569 -0.546934
v 3.716898 0.222222 -0.546934
v 3.721657 0.235875 -0.546934
v 3.728185 0.248444 -0.546934
v 3.736409 0.259847 -0.546934
v 3.746250 0.270000 -0.546934
v 3.757633 0.278819 -0.546934
v 3.770482 0.286222 -0.546934
v 3.784719 0.292125 -0.546934
v 3.800268 0.296444 -0.546934
v 3.817054 0.299097 -0.546934
v 3.835000 0.300000 -0.546934
v 3.851817 0.299059 -0.546934
v 3.867699 0.296306 -0.546934
v 3.882547 0.291844 -0.546934
v 3.896260 0.285778 -0.546934
v 3.908736 0.278212 -0.546934
v 3.919875 0.269250 -0.546934
v 3.929577 0.258997 -0.546934
v 3.937741 0.247556 -0.546934
v 3.944266 0.235031 -0.546934
v 3.949051 0.221528 -0.546934
v 3.951996 0.207149 -0.546934
v 0.285000 0.359000 -0.546934
v 0.582000 0.682000 -0.546934
v 0.460000 0.682000 -0.546934
v 0.173000 0.370000 -0.546934
v 0.173000 0.682000 -0.546934
v 0.075000 0.682000 -0.546934
v 0.075000 0.000000 -0.546934
v 0.173000 0.000000 -0.546934
v 0.173000 0.337000 -0.546934
v 0.520000 0.000000 -0.546934
v 0.655000 0.000000 -0.546934
v 0.701000 0.341000 -0.546934
v 0.703903 0.295251 -0.546934
v 0.712477 0.250838 -0.546934
v 0.726516 0.208266 -0.546934
v 0.745815 0.168037 -0.546934
v 0.770170 0.130656 -0.546934
v 0.799375 0.096625 -0.546934
v 0.833226 0.066449 -0.546934
v 0.871519 0.040630 -0.546934
v 0.914047 0.019672 -0.546934
v 0.960607 0.004079 -0.546934
v 1.010993 -0.005646 -0.546934
v 1.065000 -0.009000 -0.546934
v 1.120787 -0.005627 -0.546934
v 1.172542 0.004148 -0.546934
v 1.220109 0.019813 -0.546934
v 1.263333 0.040852 -0.546934
v 1.302057 0.066752 -0.546934
v 1.336125 0.097000 -0.546934
v 1.365380 0.131081 -0.546934
v 1.389667 0.168482 -0.546934
v 1.408828 0.208688 -0.546934
v 1.422709 0.251185 -0.546934
v 1.431151 0.295461 -0.546934
v 1.434000 0.341000 -0.546934
v 1.431076 0.387800 -0.546934
v 1.422440 0.432898 -0.546934
v 1.408297 0.475844 -0.546934
v 1.388852 0.516185 -0.546934
v 1.364310 0.553471 -0.546934
v 1.334875 0.587250 -0.546934
v 1.300753 0.617071 -0.546934
v 1.262148 0.642482 -0.546934
v 1.219266 0.663031 -0.546934
v 1.172310 0.678269 -0.546934
v 1.121487 0.687742 -0.546934
v 1.067000 0.691000 -0.546934
v 1.013373 0.687723 -0.546934
v 0.963153 0.678199 -0.546934
v 0.916578 0.662891 -0.546934
v 0.873889 0.642259 -0.546934
v 0.835325 0.616767 -0.546934
v 0.801125 0.586875 -0.546934
v 0.771529 0.553046 -0.546934
v 0.746778 0.515741 -0.546934
v 0.727109 0.475422 -0.546934
v 0.712764 0.432551 -0.546934
v 0.703981 0.387590 -0.546934
v 0.802000 0.341000 -0.546934
v 0.804311 0.377626 -0.546934
v 0.811074 0.412343 -0.546934
v 0.822031 0.444906 -0.546934
v 0.836926 0.475074 -0.546934
v 0.855501 0.502603 -0.546934
v 0.877500 0.527250 -0.546934
v 0.902666 0.548772 -0.546934
v 0.930741 0.566926 -0.546934
v 0.961469 0.581469 -0.546934
v 0.994593 0.592157 -0.546934
v 1.029855 0.598749 -0.546934
v 1.067000 0.601000 -0.546934
v 1.104374 0.598749 -0.546934
v 1.139829 0.592157 -0.546934
v 1.173109 0.581469 -0.546934
v 1.203963 0.566926 -0.546934
v 1.232136 0.548772 -0.546934
v 1.257375 0.527250 -0.546934
v 1.279427 0.502603 -0.546934
v 1.298037 0.475074 -0.546934
v 1.312953 0.444906 -0.546934
v 1.323921 0.412343 -0.546934
v 1.330688 0.377626 -0.546934
v 1.333000 0.341000 -0.546934
v 1.330688 0.304584 -0.546934
v 1.323921 0.270005 -0.546934
v 1.312953 0.237516 -0.546934
v 1.298037 0.207370 -0.546934
v 1.279427 0.179822 -0.546934
v 1.257375 0.155125 -0.546934
v 1.232136 0.133532 -0.546934
v 1.203963 0.115296 -0.546934
v 1.173109 0.100672 -0.546934
v 1.139829 0.089912 -0.546934
v 1.104374 0.083270 -0.546934
v 1.067000 0.081000 -0.546934
v 1.029855 0.083270 -0.546934
v 0.994593 0.089912 -0.546934
v 0.961469 0.100672 -0.546934
v 0.930741 0.115296 -0.546934
v 0.902666 0.133532 -0.546934
v 0.877500 0.155125 -0.546934
v 0.855501 0.179822 -0.546934
v 0.836926 0.207370 -0.546934
v 0.822031 0.237516 -0.546934
v 0.811074 0.270005 -0.546934
v 0.804311 0.304584 -0.546934
v 1.556000 0.682000 -0.546934
v 1.556000 0.000000 -0.546934
v 1.654000 0.000000 -0.546934
v 1.654000 0.296000 -0.546934
v 1.695000 0.296000 -0.546934
v 1.707346 0.295604 -0.546934
v 1.719519 0.294167 -0.546934
v 1.731719 0.291313 -0.546934
v 1.744148 0.286667 -0.546934
v 1.757008 0.279854 -0.546934
v 1.770500 0.270500 -0.546934
v 1.784825 0.258229 -0.546934
v 1.800185 0.242667 -0.546934
v 1.816781 0.223438 -0.546934
v 1.834815 0.200167 -0.546934
v 1.854487 0.172479 -0.546934
v 1.876000 0.140000 -0.546934
v 1.966000 0.000000 -0.546934
v 2.083000 0.000000 -0.546934
v 2.071847 0.015411 -0.546934
v 2.061793 0.029298 -0.546934
v 2.052694 0.041891 -0.546934
v 2.044405 0.053420 -0.546934
v 2.036783 0.064116 -0.546934
v 2.029683 0.074209 -0.546934
v 2.022962 0.083929 -0.546934
v 2.016476 0.093507 -0.546934
v 2.010081 0.103172 -0.546934
v 2.003632 0.113156 -0.546934
v 1.996987 0.123689 -0.546934
v 1.990000 0.135000 -0.546934
v 1.977270 0.155792 -0.546934
v 1.964991 0.175667 -0.546934
v 1.953031 0.194625 -0.546934
v 1.941259 0.212667 -0.546934
v 1.929543 0.229792 -0.546934
v 1.917750 0.246000 -0.546934
v 1.905749 0.261292 -0.546934
v 1.893407 0.275667 -0.546934
v 1.880594 0.289125 -0.546934
v 1.867176 0.301667 -0.546934
v 1.853022 0.313292 -0.546934
v 1.838000 0.324000 -0.546934
v 1.855578 0.331869 -0.546934
v 1.871792 0.340954 -0.546934
v 1.886609 0.351219 -0.546934
v 1.900000 0.362630 -0.546934
v 1.911932 0.375152 -0.546934
v 1.922375 0.388750 -0.546934
v 1.931297 0.403390 -0.546934
v 1.938667 0.419037 -0.546934
v 1.944453 0.435656 -0.546934
v 1.948625 0.453213 -0.546934
v 1.951151 0.471673 -0.546934
v 1.952000 0.491000 -0.546934
v 1.950228 0.519546 -0.546934
v 1.944991 0.546120 -0.546934
v 1.936406 0.570625 -0.546934
v 1.924593 0.592963 -0.546934
v 1.909668 0.613037 -0.546934
v 1.891750 0.630750 -0.546934
v 1.870957 0.646005 -0.546934
v 1.847407 0.658704 -0.546934
v 1.821219 0.668750 -0.546934
v 1.792509 0.676046 -0.546934
v 1.761397 0.680495 -0.546934
v 1.728000 0.682000 -0.546934
v 1.654000 0.598000 -0.546934
v 1.717000 0.598000 -0.546934
v 1.739572 0.597196 -0.546934
v 1.759834 0.594815 -0.546934
v 1.777858 0.590906 -0.546934
v 1.793713 0.585518 -0.546934
v 1.807472 0.578700 -0.546934
v 1.819204 0.570499 -0.546934
v 1.828980 0.560966 -0.546934
v 1.836871 0.550147 -0.546934
v 1.842948 0.538093 -0.546934
v 1.847281 0.524851 -0.546934
v 1.849942 0.510471 -0.546934
v 1.851000 0.495000 -0.546934
v 1.850579 0.480842 -0.546934
v 1.848713 0.466986 -0.546934
v 1.845250 0.453609 -0.546934
v 1.840037 0.440889 -0.546934
v 1.832922 0.429002 -0.546934
v 1.823750 0.418125 -0.546934
v 1.812371 0.408436 -0.546934
v 1.798630 0.400111 -0.546934
v 1.782375 0.393328 -0.546934
v 1.763454 0.388264 -0.546934
v 1.741713 0.385096 -0.546934
v 1.717000 0.384000 -0.546934
v 1.654000 0.384000 -0.546934
v 2.553000 0.341000 -0.546934
v 2.551192 0.392001 -0.546934
v 2.545871 0.439843 -0.546934
v 2.537188 0.484281 -0.546934
v 2.525296 0.525074 -0.546934
v 2.510350 0.561978 -0.546934
v 2.492500 0.594750 -0.546934
v 2.471901 0.623147 -0.546934
v 2.448704 0.646926 -0.546934
v 2.423063 0.665844 -0.546934
v 2.395130 0.679658 -0.546934
v 2.365058 0.688124 -0.546934
v 2.333000 0.691000 -0.546934
v 2.300942 0.688124 -0.546934
v 2.270871 0.679657 -0.546934
v 2.242938 0.665844 -0.546934
v 2.217297 0.646926 -0.546934
v 2.194100 0.623147 -0.546934
v 2.173500 0.594750 -0.546934
v 2.155651 0.561978 -0.546934
v 2.140704 0.525074 -0.546934
v 2.128813 0.484281 -0.546934
v 2.120130 0.439843 -0.546934
v 2.114808 0.392001 -0.546934
v 2.113000 0.341000 -0.546934
v 2.114808 0.289999 -0.546934
v 2.120130 0.242157 -0.546934
v 2.128813 0.197719 -0.546934
v 2.140704 0.156926 -0.546934
v 2.155651 0.120022 -0.546934
v 2.173500 0.087250 -0.546934
v 2.194100 0.058853 -0.546934
v 2.217296 0.035074 -0.546934
v 2.242938 0.016156 -0.546934
v 2.270870 0.002343 -0.546934
v 2.300942 -0.006124 -0.546934
v 2.333000 -0.009000 -0.546934
v 2.365058 -0.006124 -0.546934
v 2.395130 0.002343 -0.546934
v 2.423063 0.016156 -0.546934
v 2.448704 0.035074 -0.546934
v 2.471900 0.058853 -0.546934
v 2.492500 0.087250 -0.546934
v 2.510350 0.120022 -0.546934
v 2.525296 0.156926 -0.546934
v 2.537187 0.197719 -0.546934
v 2.545870 0.242157 -0.546934
v 2.551192 0.289999 -0.546934
v 2.455000 0.341000 -0.546934
v 2.454051 0.302332 -0.546934
v 2.451241 0.266407 -0.546934
v 2.446625 0.233344 -0.546934
v 2.440259 0.203259 -0.546934
v 2.432199 0.176272 -0.546934
v 2.422500 0.152500 -0.546934
v 2.411217 0.132061 -0.546934
v 2.398407 0.115074 -0.546934
v 2.384125 0.101656 -0.546934
v 2.368426 0.091926 -0.546934
v 2.351365 0.086001 -0.546934
v 2.333000 0.084000 -0.546934
v 2.314635 0.086001 -0.546934
v 2.297574 0.091926 -0.546934
v 2.281875 0.101656 -0.546934
v 2.267593 0.115074 -0.546934
v 2.254782 0.132061 -0.546934
v 2.243500 0.152500 -0.546934
v 2.233801 0.176272 -0.546934
v 2.225741 0.203259 -0.546934
v 2.219375 0.233344 -0.546934
v 2.214759 0.266407 -0.546934
v 2.211949 0.302332 -0.546934
v 2.211000 0.341000 -0.546934
v 2.211949 0.379668 -0.546934
v 2.214760 0.415593 -0.546934
v 2.219375 0.448656 -0.546934
v 2.225741 0.478741 -0.546934
v 2.233801 0.505728 -0.546934
v 2.243500 0.529500 -0.546934
v 2.254783 0.549939 -0.546934
v 2.267593 0.566926 -0.546934
v 2.281876 0.580344 -0.546934
v 2.297575 0.590074 -0.546934
v 2.314635 0.595999 -0.546934
v 2.333000 0.598000 -0.546934
v 2.351366 0.595999 -0.546934
v 2.368426 0.590074 -0.546934
v 2.384125 0.580344 -0.546934
v 2.398408 0.566926 -0.546934
v 2.411218 0.549939 -0.546934
v 2.422500 0.529500 -0.546934
v 2.432199 0.505728 -0.546934
v 2.440260 0.478741 -0.546934
v 2.446625 0.448656 -0.546934
v 2.451241 0.415593 -0.546934
v 2.454051 0.379668 -0.546934
v 2.664000 0.569000 -0.546934
v 2.675449 0.573982 -0.546934
v 2.686343 0.578440 -0.546934
v 2.696750 0.582391 -0.546934
v 2.706741 0.585852 -0.546934
v 2.716385 0.588841 -0.546934
v 2.725750 0.591375 -0.546934
v 2.734908 0.593472 -0.546934
v 2.743926 0.595148 -0.546934
v 2.752875 0.596422 -0.546934
v 2.761824 0.597310 -0.546934
v 2.770843 0.597830 -0.546934
v 2.780000 0.598000 -0.546934
v 2.797447 0.597196 -0.546934
v 2.813741 0.594819 -0.546934
v 2.828813 0.590922 -0.546934
v 2.842593 0.585556 -0.546934
v 2.855012 0.578773 -0.546934
v 2.866000 0.570625 -0.546934
v 2.875489 0.561165 -0.546934
v 2.883408 0.550444 -0.546934
v 2.889688 0.538516 -0.546934
v 2.894260 0.525431 -0.546934
v 2.897054 0.511241 -0.546934
v 2.898000 0.496000 -0.546934
v 2.897063 0.481028 -0.546934
v 2.894250 0.467139 -0.546934
v 2.889563 0.454375 -0.546934
v 2.883000 0.442778 -0.546934
v 2.874563 0.432389 -0.546934
v 2.864250 0.423250 -0.546934
v 2.852063 0.415403 -0.546934
v 2.838001 0.408889 -0.546934
v 2.822063 0.403750 -0.546934
v 2.804250 0.400028 -0.546934
v 2.784563 0.397764 -0.546934
v 2.763000 0.397000 -0.546934
v 2.763000 0.307000 -0.546934
v 2.786250 0.307087 -0.546934
v 2.807496 0.304944 -0.546934
v 2.826735 0.300719 -0.546934
v 2.843963 0.294556 -0.546934
v 2.859178 0.286601 -0.546934
v 2.872375 0.277000 -0.546934
v 2.883552 0.265899 -0.546934
v 2.892704 0.253444 -0.546934
v 2.899828 0.239781 -0.546934
v 2.904922 0.225056 -0.546934
v 2.907980 0.209413 -0.546934
v 2.909000 0.193000 -0.546934
v 2.908115 0.176991 -0.546934
v 2.905505 0.162009 -0.546934
v 2.901235 0.148125 -0.546934
v 2.895371 0.135407 -0.546934
v 2.887979 0.123926 -0.546934
v 2.879125 0.113750 -0.546934
v 2.868876 0.104949 -0.546934
v 2.857297 0.097593 -0.546934
v 2.844454 0.091750 -0.546934
v 2.830412 0.087491 -0.546934
v 2.815239 0.084884 -0.546934
v 2.799000 0.084000 -0.546934
v 2.786499 0.084355 -0.546934
v 2.773991 0.085421 -0.546934
v 2.761469 0.087203 -0.546934
v 2.748926 0.089704 -0.546934
v 2.736355 0.092927 -0.546934
v 2.723750 0.096875 -0.546934
v 2.711103 0.101553 -0.546934
v 2.698407 0.106963 -0.546934
v 2.685656 0.113109 -0.546934
v 2.672843 0.119995 -0.546934
v 2.659960 0.127624 -0.546934
v 2.647000 0.136000 -0.546934
v 2.647000 0.030000 -0.546934
v 2.659249 0.023981 -0.546934
v 2.671491 0.018431 -0.546934
v 2.683719 0.013359 -0.546934
v 2.695926 0.008778 -0.546934
v 2.708105 0.004696 -0.546934
v 2.720250 0.001125 -0.546934
v 2.732353 -0.001925 -0.546934
v 2.744408 -0.004444 -0.546934
v 2.756407 -0.006422 -0.546934
v 2.768343 -0.007847 -0.546934
v 2.780210 -0.008710 -0.546934
v 2.792000 -0.009000 -0.546934
v 2.822699 -0.007257 -0.546934
v 2.851676 -0.002139 -0.546934
v 2.878750 0.006188 -0.546934
v 2.903741 0.017556 -0.546934
v 2.926468 0.031799 -0.546934
v 2.946750 0.048750 -0.546934
v 2.964408 0.068243 -0.546934
v 2.979260 0.090111 -0.546934
v 2.991126 0.114188 -0.546934
v 2.999825 0.140306 -0.546934
v 3.005177 0.168299 -0.546934
v 3.007000 0.198000 -0.546934
v 3.006371 0.215491 -0.546934
v 3.004463 0.232847 -0.546934
v 3.001250 0.249891 -0.546934
v 2.996704 0.266444 -0.546934
v 2.990797 0.282332 -0.546934
v 2.983500 0.297375 -0.546934
v 2.974787 0.311398 -0.546934
v 2.964630 0.324222 -0.546934
v 2.953000 0.335672 -0.546934
v 2.939871 0.345569 -0.546934
v 2.925213 0.353738 -0.546934
v 2.909000 0.360000 -0.546934
v 2.923736 0.368701 -0.546934
v 2.936972 0.377861 -0.546934
v 2.948750 0.387563 -0.546934
v 2.959111 0.397889 -0.546934
v 2.968098 0.408924 -0.546934
v 2.975750 0.420750 -0.546934
v 2.982111 0.433451 -0.546934
v 2.987223 0.447111 -0.546934
v 2.991125 0.461813 -0.546934
v 2.993861 0.477639 -0.546934
v 2.995472 0.494674 -0.546934
v 2.996000 0.513000 -0.546934
v 2.994375 0.539190 -0.546934
v 2.989583 0.563685 -0.546934
v 2.981750 0.586375 -0.546934
v 2.971000 0.607148 -0.546934
v 2.957458 0.625894 -0.546934
v 2.941250 0.642500 -0.546934
v 2.922500 0.656857 -0.546934
v 2.901333 0.668852 -0.546934
v 2.877875 0.678375 -0.546934
v 2.852250 0.685315 -0.546934
v 2.824583 0.689560 -0.546934
v 2.795000 0.691000 -0.546934
v 2.782492 0.690811 -0.546934
v 2.770435 0.690241 -0.546934
v 2.758781 0.689281 -0.546934
v 2.747482 0.687926 -0.546934
v 2.736487 0.686168 -0.546934
v 2.725750 0.684000 -0.546934
v 2.715221 0.681415 -0.546934
v 2.704852 0.678407 -0.546934
v 2.694594 0.674969 -0.546934
v 2.684398 0.671093 -0.546934
v 2.674217 0.666772 -0.546934
v 2.664000 0.662000 -0.546934
v 3.553000 0.341000 -0.546934
v 3.551192 0.392001 -0.546934
v 3.545871 0.439843 -0.546934
v 3.537188 0.484281 -0.546934
v 3.525296 0.525074 -0.546934
v 3.510350 0.561978 -0.546934
v 3.492500 0.594750 -0.546934
v 3.471901 0.623147 -0.546934
v 3.448704 0.646926 -0.546934
v 3.423063 0.665844 -0.546934
v 3.395130 0.679658 -0.546934
v 3.365058 0.688124 -0.546934
v 3.333000 0.691000 -0.546934
v 3.300942 0.688124 -0.546934
v 3.270871 0.679657 -0.546934
v 3.242938 0.665844 -0.546934
v 3.217297 0.646926 -0.546934
v 3.194100 0.623147 -0.546934
v 3.173500 0.594750 -0.546934
v 3.155651 0.561978 -0.546934
v 3.140704 0.525074 -0.546934
v 3.128813 0.484281 -0.546934
v 3.120130 0.439843 -0.546934
v 3.114808 0.392001 -0.546934
v 3.113000 0.341000 -0.546934
v 3.114808 0.289999 -0.546934
v 3.120130 0.242157 -0.546934
v 3.128813 0.197719 -0.546934
v 3.140704 0.156926 -0.546934
v 3.155651 0.120022 -0.546934
v 3.173500 0.087250 -0.546934
v 3.194100 0.058853 -0.546934
v 3.217296 0.035074 -0.546934
v 3.242938 0.016156 -0.546934
v 3.270870 0.002343 -0.546934
v 3.300942 -0.006124 -0.546934
v 3.333000 -0.009000 -0.546934
v 3.365058 -0.006124 -0.546934
v 3.395130 0.002343 -0.546934
v 3.423063 0.016156 -0.546934
v 3.448704 0.035074 -0.546934
v 3.471900 0.058853 -0.546934
v 3.492500 0.087250 -0.546934
v 3.510350 0.120022 -0.546934
v 3.525296 0.156926 -0.546934
v 3.537187 0.197719 -0.546934
v 3.545870 0.242157 -0.546934
v 3.551192 0.289999 -0.546934
v 3.455000 0.341000 -0.546934
v 3.454051 0.302332 -0.546934
v 3.451241 0.266407 -0.546934
v 3.446625 0.233344 -0.546934
v 3.440259 0.203259 -0.546934
v 3.432199 0.176272 -0.546934
v 3.422500 0.152500 -0.546934
v 3.411217 0.132061 -0.546934
v 3.398407 0.115074 -0.546934
v 3.384125 0.101656 -0.546934
v 3.368426 0.091926 -0.546934
v 3.351365 0.086001 -0.546934
v 3.333000 0.084000 -0.546934
v 3.314635 0.086001 -0.546934
v 3.297574 0.091926 -0.546934
v 3.281875 0.101656 -0.546934
v 3.267593 0.115074 -0.546934
v 3.254782 0.132061 -0.546934
v 3.243500 0.152500 -0.546934
v 3.233801 0.176272 -0.546934
v 3.225741 0.203259 -0.546934
v 3.219375 0.233344 -0.546934
v 3.214759 0.266407 -0.546934
v 3.211949 0.302332 -0.546934
v 3.211000 0.341000 -0.546934
v 3.211949 0.379668 -0.546934
v 3.214760 0.415593 -0.546934
v 3.219375 0.448656 -0.546934
v 3.225741 0.478741 -0.546934
v 3.233801 0.505728 -0.546934
v 3.243500 0.529500 -0.546934
v 3.254783 0.549939 -0.546934
v 3.267593 0.566926 -0.546934
v 3.281876 0.580344 -0.546934
v 3.297575 0.590074 -0.546934
v 3.314635 0.595999 -0.546934
v 3.333000 0.598000 -0.546934
v 3.351366 0.595999 -0.546934
v 3.368426 0.590074 -0.546934
v 3.384125 0.580344 -0.546934
v 3.398408 0.566926 -0.546934
v 3.411218 0.549939 -0.546934
v 3.422500 0.529500 -0.546934
v 3.432199 0.505728 -0.546934
v 3.440260 0.478741 -0.546934
v 3.446625 0.448656 -0.546934
v 3.451241 0.415593 -0.546934
v 3.454051 0.379668 -0.546934
v 4.051000 0.184000 0.000000
v 4.050334 0.201091 0.000000
v 4.048338 0.217815 0.000000
v 4.045016 0.234094 0.000000
v 4.040370 0.249852 0.000000
v 4.034406 0.265013 0.000000
v 4.027125 0.279500 0.000000
v 4.018532 0.293237 0.000000
v 4.008630 0.306148 0.000000
v 3.997422 0.318156 0.000000
v 3.984912 0.329185 0.000000
v 3.971104 0.339159 0.000000
v 3.956000 0.348000 0.000000
v 3.969857 0.357862 0.000000
v 3.982435 0.368394 0.000000
v 3.993750 0.379516 0.000000
v 4.003815 0.391148 0.000000
v 4.012644 0.403211 0.000000
v 4.020250 0.415625 0.000000
v 4.026649 0.428310 0.000000
v 4.031852 0.441185 0.000000
v 4.035875 0.454172 0.000000
v 4.038732 0.467190 0.000000
v 4.040435 0.480159 0.000000
v 4.041000 0.493000 0.000000
v 4.039242 0.520634 0.000000
v 4.034098 0.546903 0.000000
v 4.025766 0.571609 0.000000
v 4.014445 0.594556 0.000000
v 4.000332 0.615543 0.000000
v 3.983625 0.634375 0.000000
v 3.964523 0.650852 0.000000
v 3.943223 0.664778 0.000000
v 3.919922 0.675953 0.000000
v 3.894820 0.684181 0.000000
v 3.868113 0.689262 0.000000
v 3.840000 0.691000 0.000000
v 3.810890 0.689282 0.000000
v 3.783199 0.684259 0.000000
v 3.757141 0.676125 0.000000
v 3.732926 0.665074 0.000000
v 3.710767 0.651301 0.000000
v 3.690875 0.635000 0.000000
v 3.673463 0.616366 0.000000
v 3.658741 0.595593 0.000000
v 3.646922 0.572875 0.000000
v 3.638218 0.548407 0.000000
v 3.632840 0.522384 0.000000
v 3.631000 0.495000 0.000000
v 3.631620 0.480630 0.000000
v 3.633459 0.466542 0.000000
v 3.636485 0.452766 0.000000
v 3.640667 0.439333 0.000000
v 3.645974 0.426276 0.000000
v 3.652375 0.413625 0.000000
v 3.659839 0.401412 0.000000
v 3.668334 0.389667 0.000000
v 3.677828 0.378422 0.000000
v 3.688292 0.367708 0.000000
v 3.699693 0.357557 0.000000
v 3.712000 0.348000 0.000000
v 3.696437 0.338185 0.000000
v 3.682245 0.327731 0.000000
v 3.669422 0.316625 0.000000
v 3.657963 0.304852 0.000000
v 3.647865 0.292398 0.000000
v 3.639125 0.279250 0.000000
v 3.631739 0.265394 0.000000
v 3.625704 0.250815 0.000000
v 3.621016 0.235500 0.000000
v 3.617671 0.219435 0.000000
v 3.615667 0.202606 0.000000
v 3.615000 0.185000 0.000000
v 3.616961 0.158285 0.000000
v 3.622685 0.132782 0.000000
v 3.631938 0.108703 0.000000
v 3.644482 0.086259 0.000000
v 3.660081 0.065663 0.000000
v 3.678500 0.047125 0.000000
v 3.699502 0.030858 0.000000
v 3.722852 0.017074 0.000000
v 3.748313 0.005984 0.000000
v 3.775648 -0.002199 -0.000000
v 3.804623 -0.007264 -0.000000
v 3.835000 -0.009000 -0.000000
v 3.864879 -0.007284 -0.000000
v 3.893361 -0.002273 -0.000000
v 3.920219 0.005828 0.000000
v 3.945222 0.016815 0.000000
v 3.968143 0.030482 0.000000
v 3.988750 0.046625 0.000000
v 4.006816 0.065039 0.000000
v 4.022111 0.085519 0.000000
v 4.034406 0.107859 0.000000
v 4.043472 0.131857 0.000000
v 4.049079 0.157305 0.000000
v 3.943000 0.495000 0.000000
v 3.942022 0.481439 0.000000
v 3.939172 0.468347 0.000000
v 3.934578 0.455859 0.000000
v 3.928371 0.444111 0.000000
v 3.920677 0.433238 0.000000
v 3.911625 0.423375 0.000000
v 3.901345 0.414658 0.000000
v 3.889963 0.407222 0.000000
v 3.877610 0.401203 0.000000
v 3.864412 0.396736 0.000000
v 3.850500 0.393957 0.000000
v 3.836000 0.393000 0.000000
v 3.821711 0.393977 0.000000
v 3.807935 0.396815 0.000000
v 3.794812 0.401375 0.000000
v 3.782481 0.407519 0.000000
v 3.771081 0.415106 0.000000
v 3.760750 0.424000 0.000000
v 3.751627 0.434060 0.000000
v 3.743852 0.445148 0.000000
v 3.737563 0.457125 0.000000
v 3.732898 0.469852 0.000000
v 3.729998 0.483190 0.000000
v 3.729000 0.497000 0.000000
v 3.729903 0.511802 0.000000
v 3.732560 0.525662 0.000000
v 3.736891 0.538516 0.000000
v 3.742815 0.550296 0.000000
v 3.750253 0.560938 0.000000
v 3.759125 0.570375 0.000000
v 3.769351 0.578541 0.000000
v 3.780852 0.585370 0.000000
v 3.793547 0.590797 0.000000
v 3.807357 0.594755 0.000000
v 3.822201 0.597178 0.000000
v 3.838000 0.598000 0.000000
v 3.852880 0.597100 0.000000
v 3.866959 0.594468 0.000000
v 3.880141 0.590203 0.000000
v 3.892334 0.584407 0.000000
v 3.903443 0.577181 0.000000
v 3.913375 0.568625 0.000000
v 3.922037 0.558840 0.000000
v 3.929334 0.547926 0.000000
v 3.935172 0.535984 0.000000
v 3.939459 0.523116 0.000000
v 3.942100 0.509421 0.000000
v 3.953000 0.192000 0.000000
v 3.952148 0.177901 0.000000
v 3.949597 0.164208 0.000000
v 3.945359 0.151078 0.000000
v 3.939445 0.138667 0.000000
v 3.931863 0.127130 0.000000
v 3.922625 0.116625 0.000000
v 3.911742 0.107307 0.000000
v 3.899223 0.099333 0.000000
v 3.885078 0.092859 0.000000
v 3.869320 0.088042 0.000000
v 3.851957 0.085036 0.000000
v 3.833000 0.084000 0.000000
v 3.815934 0.084922 0.000000
v 3.799806 0.087625 0.000000
v 3.784719 0.092016 0.000000
v 3.770778 0.098000 0.000000
v 3.758087 0.105484 0.000000
v 3.746750 0.114375 0.000000
v 3.736871 0.124578 0.000000
v 3.728555 0.136000 0.000000
v 3.721906 0.148547 0.000000
v 3.717028 0.162125 0.000000
v 3.714024 0.176641 0.000000
v 3.713000 0.192000 0.000000
v 3.713988 0.207569 0.000000
v 3.716898 0.222222 0.000000
v 3.721657 0.235875 0.000000
v 3.728185 0.248444 0.000000
v 3.736409 0.259847 0.000000
v 3.746250 0.270000 0.000000
v 3.757633 0.278819 0.000000
v 3.770482 0.286222 0.000000
v 3.784719 0.292125 0.000000
v 3.800268 0.296444 0.000000
v 3.817054 0.299097 0.000000
v 3.835000 0.300000 0.000000
v 3.851817 0.299059 0.000000
v 3.867699 0.296306 0.000000
v 3.882547 0.291844 0.000000
v 3.896260 0.285778 0.000000
v 3.908736 0.278212 0.000000
v 3.919875 0.269250 0.000000
v 3.929577 0.258997 0.000000
v 3.937741 0.247556 0.000000
v 3.944266 0.235031 0.000000
v 3.949051 0.221528 0.000000
v 3.951996 0.207149 0.000000
v 0.285000 0.359000 0.000000
v 0.582000 0.682000 0.000000
v 0.460000 0.682000 0.000000
v 0.173000 0.370000 0.000000
v 0.173000 0.682000 0.000000
v 0.075000 0.682000 0.000000
v 0.075000 0.000000 0.000000
v 0.173000 0.000000 0.000000
v 0.173000 0.337000 0.000000
v 0.520000 0.000000 0.000000
v 0.655000 0.000000 0.000000
v 0.701000 0.341000 0.000000
v 0.703903 0.295251 0.000000
v 0.712477 0.250838 0.000000
v 0.726516 0.208266 0.000000
v 0.745815 0.168037 0.000000
v 0.770170 0.130656 0.000000
v 0.799375 0.096625 0.000000
v 0.833226 0.066448 0.000000
v 0.871519 0.040630 0.000000
v 0.914047 0.019672 0.000000
v 0.960607 0.004079 0.000000
v 1.010993 -0.005646 -0.000000
v 1.065000 -0.009000 -0.000000
v 1.120787 -0.005627 -0.000000
v 1.172542 0.004148 0.000000
v 1.220109 0.019813 0.000000
v 1.263333 0.040852 0.000000
v 1.302057 0.066752 0.000000
v 1.336125 0.097000 0.000000
v 1.365380 0.131081 0.000000
v 1.389667 0.168481 0.000000
v 1.408828 0.208688 0.000000
v 1.422709 0.251185 0.000000
v 1.431151 0.295461 0.000000
v 1.434000 0.341000 0.000000
v 1.431076 0.387800 0.000000
v 1.422440 0.432898 0.000000
v 1.408297 0.475844 0.000000
v 1.388852 0.516185 0.000000
v 1.364310 0.553471 0.000000
v 1.334875 0.587250 0.000000
v 1.300753 0.617071 0.000000
v 1.262148 0.642482 0.000000
v 1.219266 0.663031 0.000000
v 1.172310 0.678269 0.000000
v 1.121487 0.687742 0.000000
v 1.067000 0.691000 0.000000
v 1.013373 0.687723 0.000000
v 0.963153 0.678199 0.000000
v 0.916578 0.662891 0.000000
v 0.873889 0.642259 0.000000
v 0.835325 0.616767 0.000000
v 0.801125 0.586875 0.000000
v 0.771529 0.553046 0.000000
v 0.746778 0.515741 0.000000
v 0.727109 0.475422 0.000000
v 0.712764 0.432551 0.000000
v 0.703981 0.387590 0.000000
v 0.802000 0.341000 0.000000
v 0.804311 0.377626 0.000000
v 0.811074 0.412343 0.000000
v 0.822031 0.444906 0.000000
v 0.836926 0.475074 0.000000
v 0.855501 0.502603 0.000000
v 0.877500 0.527250 0.000000
v 0.902666 0.548772 0.000000
v 0.930741 0.566926 0.000000
v 0.961469 0.581469 0.000000
v 0.994593 0.592157 0.000000
v 1.029855 0.598749 0.000000
v 1.067000 0.601000 0.000000
v 1.104374 0.598749 0.000000
v 1.139829 0.592157 0.000000
v 1.173109 0.581469 0.000000
v 1.203963 0.566926 0.000000
v 1.232136 0.548772 0.000000
v 1.257375 0.527250 0.000000
v 1.279427 0.502603 0.000000
v 1.298037 0.475074 0.000000
v 1.312953 0.444906 0.000000
v 1.323921 0.412343 0.000000
v 1.330688 0.377626 0.000000
v 1.333000 0.341000 0.000000
v 1.330688 0.304584 0.000000
v 1.323921 0.270005 0.000000
v 1.312953 0.237516 0.000000
v 1.298037 0.207370 0.000000
v 1.279427 0.179822 0.000000
v 1.257375 0.155125 0.000000
v 1.232136 0.133532 0.000000
v 1.203963 0.115296 0.000000
v 1.173109 0.100672 0.000000
v 1.139829 0.089912 0.000000
v 1.104374 0.083270 0.000000
v 1.067000 0.081000 0.000000
v 1.029855 0.083270 0.000000
v 0.994593 0.089912 0.000000
v 0.961469 0.100672 0.000000
v 0.930741 0.115296 0.000000
v 0.902666 0.133532 0.000000
v 0.877500 0.155125 0.000000
v 0.855501 0.179822 0.000000
v 0.836926 0.207370 0.000000
v 0.822031 0.237516 0.000000
v 0.811074 0.270005 0.000000
v 0.804311 0.304584 0.000000
v 1.556000 0.682000 0.000000
v 1.556000 0.000000 0.000000
v 1.654000 0.000000 0.000000
v 1.654000 0.296000 0.000000
v 1.695000 0.296000 0.000000
v 1.707346 0.295604 0.000000
v 1.719519 0.294167 0.000000
v 1.731719 0.291313 0.000000
v 1.744148 0.286667 0.000000
v 1.757008 0.279854 0.000000
v 1.770500 0.270500 0.000000
v 1.784825 0.258229 0.000000
v 1.800185 0.242667 0.000000
v 1.816781 0.223437 0.000000
v 1.834815 0.200167 0.000000
v 1.854487 0.172479 0.000000
v 1.876000 0.140000 0.000000
v 1.966000 0.000000 0.000000
v 2.083000 0.000000 0.000000
v 2.071847 0.015411 0.000000
v 2.061793 0.029298 0.000000
v 2.052694 0.041891 0.000000
v 2.044405 0.053420 0.000000
v 2.036783 0.064116 0.000000
v 2.029683 0.074209 0.000000
v 2.022962 0.083929 0.000000
v 2.016476 0.093507 0.000000
v 2.010081 0.103172 0.000000
v 2.003632 0.113156 0.000000
v 1.996987 0.123689 0.000000
v 1.990000 0.135000 0.000000
v 1.977270 0.155792 0.000000
v 1.964991 0.175667 0.000000
v 1.953031 0.194625 0.000000
v 1.941259 0.212667 0.000000
v 1.929543 0.229792 0.000000
v 1.917750 0.246000 0.000000
v 1.905749 0.261292 0.000000
v 1.893407 0.275667 0.000000
v 1.880594 0.289125 0.000000
v 1.867176 0.301667 0.000000
v 1.853022 0.313292 0.000000
v 1.838000 0.324000 0.000000
v 1.855578 0.331869 0.000000
v 1.871792 0.340954 0.000000
v 1.886609 0.351219 0.000000
v 1.900000 0.362630 0.000000
v 1.911932 0.375152 0.000000
v 1.922375 0.388750 0.000000
v 1.931297 0.403390 0.000000
v 1.938667 0.419037 0.000000
v 1.944453 0.435656 0.000000
v 1.948625 0.453213 0.000000
v 1.951151 0.471673 0.000000
v 1.952000 0.491000 0.000000
v 1.950228 0.519546 0.000000
v 1.944991 0.546120 0.000000
v 1.936406 0.570625 0.000000
v 1.924593 0.592963 0.000000
v 1.909668 0.613037 0.000000
v 1.891750 0.630750 0.000000
v 1.870957 0.646005 0.000000
v 1.847407 0.658704 0.000000
v 1.821219 0.668750 0.000000
v 1.792509 0.676046 0.000000
v 1.761397 0.680495 0.000000
v 1.728000 0.682000 0.000000
v 1.654000 0.598000 0.000000
v 1.717000 0.598000 0.000000
v 1.739572 0.597196 0.000000
v 1.759834 0.594815 0.000000
v 1.777858 0.590906 0.000000
v 1.793713 0.585518 0.000000
v 1.807472 0.578700 0.000000
v 1.819204 0.570499 0.000000
v 1.828980 0.560966 0.000000
v 1.836871 0.550147 0.000000
v 1.842948 0.538093 0.000000
v 1.847281 0.524851 0.000000
v 1.849942 0.510471 0.000000
v 1.851000 0.495000 0.000000
v 1.850579 0.480842 0.000000
v 1.848713 0.466986 0.000000
v 1.845250 0.453609 0.000000
v 1.840037 0.440889 0.000000
v 1.832922 0.429002 0.000000
v 1.823750 0.418125 0.000000
v 1.812371 0.408436 0.000000
v 1.798630 0.400111 0.000000
v 1.782375 0.393328 0.000000
v 1.763454 0.388264 0.000000
v 1.741713 0.385095 0.000000
v 1.717000 0.384000 0.000000
v 1.654000 0.384000 0.000000
v 2.553000 0.341000 0.000000
v 2.551192 0.392001 0.000000
v 2.545871 0.439843 0.000000
v 2.537188 0.484281 0.000000
v 2.525296 0.525074 0.000000
v 2.510350 0.561978 0.000000
v 2.492500 0.594750 0.000000
v 2.471901 0.623147 0.000000
v 2.448704 0.646926 0.000000
v 2.423063 0.665844 0.000000
v 2.395130 0.679658 0.000000
v 2.365058 0.688124 0.000000
v 2.333000 0.691000 0.000000
v 2.300942 0.688124 0.000000
v 2.270871 0.679657 0.000000
v 2.242938 0.665844 0.000000
v 2.217297 0.646926 0.000000
v 2.194100 0.623147 0.000000
v 2.173500 0.594750 0.000000
v 2.155651 0.561978 0.000000
v 2.140704 0.525074 0.000000
v 2.128813 0.484281 0.000000
v 2.120130 0.439843 0.000000
v 2.114808 0.392001 0.000000
v 2.113000 0.341000 0.000000
v 2.114808 0.289999 0.000000
v 2.120130 0.242157 0.000000
v 2.128813 0.197719 0.000000
v 2.140704 0.156926 0.000000
v 2.155651 0.120022 0.000000
v 2.173500 0.087250 0.000000
v 2.194100 0.058853 0.000000
v 2.217296 0.035074 0.000000
v 2.242938 0.016156 0.000000
v 2.270870 0.002343 0.000000
v 2.300942 -0.006124 -0.000000
v 2.333000 -0.009000 -0.000000
v 2.365058 -0.006124 -0.000000
v 2.395130 0.002343 0.000000
v 2.423063 0.016156 0.000000
v 2.448704 0.035074 0.000000
v 2.471900 0.058853 0.000000
v 2.492500 0.087250 0.000000
v 2.510350 0.120022 0.000000
v 2.525296 0.156926 0.000000
v 2.537187 0.197719 0.000000
v 2.545870 0.242157 0.000000
v 2.551192 0.289999 0.000000
v 2.455000 0.341000 0.000000
v 2.454051 0.302332 0.000000
v 2.451241 0.266407 0.000000
v 2.446625 0.233344 0.000000
v 2.440259 0.203259 0.000000
v 2.432199 0.176272 0.000000
v 2.422500 0.152500 0.000000
v 2.411217 0.132061 0.000000
v 2.398407 0.115074 0.000000
v 2.384125 0.101656 0.000000
v 2.368426 0.091926 0.000000
v 2.351365 0.086001 0.000000
v 2.333000 0.084000 0.000000
v 2.314635 0.086001 0.000000
v 2.297574 0.091926 0.000000
v 2.281875 0.101656 0.000000
v 2.267593 0.115074 0.000000
v 2.254782 0.132061 0.000000
v 2.243500 0.152500 0.000000
v 2.233801 0.176272 0.000000
v 2.225741 0.203259 0.000000
v 2.219375 0.233344 0.000000
v 2.214759 0.266407 0.000000
v 2.211949 0.302332 0.000000
v 2.211000 0.341000 0.000000
v 2.211949 0.379668 0.000000
v 2.214760 0.415593 0.000000
v 2.219375 0.448656 0.000000
v 2.225741 0.478741 0.000000
v 2.233801 0.505728 0.000000
v 2.243500 0.529500 0.000000
v 2.254783 0.549939 0.000000
v 2.267593 0.566926 0.000000
v 2.281876 0.580344 0.000000
v 2.297575 0.590074 0.000000
v 2.314635 0.595999 0.000000
v 2.333000 0.598000 0.000000
v 2.351366 0.595999 0.000000
v 2.368426 0.590074 0.000000
v 2.384125 0.580344 0.000000
v 2.398408 0.566926 0.000000
v 2.411218 0.549939 0.000000
v 2.422500 0.529500 0.000000
v 2.432199 0.505728 0.000000
v 2.440260 0.478741 0.000000
v 2.446625 0.448656 0.000000
v 2.451241 0.415593 0.000000
v 2.454051 0.379668 0.000000
v 2.664000 0.569000 0.000000
v 2.675449 0.573982 0.000000
v 2.686343 0.578440 0.000000
v 2.696750 0.582391 0.000000
v 2.706741 0.585852 0.000000
v 2.716385 0.588841 0.000000
v 2.725750 0.591375 0.000000
v 2.734908 0.593472 0.000000
v 2.743926 0.595148 0.000000
v 2.752875 0.596422 0.000000
v 2.761824 0.597310 0.000000
v 2.770843 0.597830 0.000000
v 2.780000 0.598000 0.000000
v 2.797447 0.597196 0.000000
v 2.813741 0.594819 0.000000
v 2.828813 0.590922 0.000000
v 2.842593 0.585556 0.000000
v 2.855012 0.578773 0.000000
v 2.866000 0.570625 0.000000
v 2.875489 0.561165 0.000000
v 2.883408 0.550444 0.000000
v 2.889688 0.538516 0.000000
v 2.894260 0.525431 0.000000
v 2.897054 0.511241 0.000000
v 2.898000 0.496000 0.000000
v 2.897063 0.481028 0.000000
v 2.894250 0.467139 0.000000
v 2.889563 0.454375 0.000000
v 2.883000 0.442778 0.000000
v 2.874563 0.432389 0.000000
v 2.864250 0.423250 0.000000
v 2.852063 0.415403 0.000000
v 2.838001 0.408889 0.000000
v 2.822063 0.403750 0.000000
v 2.804250 0.400028 0.000000
v 2.784563 0.397764 0.000000
v 2.763000 0.397000 0.000000
v 2.763000 0.307000 0.000000
v 2.786250 0.307087 0.000000
v 2.807496 0.304944 0.000000
v 2.826735 0.300719 0.000000
v 2.843963 0.294556 0.000000
v 2.859178 0.286601 0.000000
v 2.872375 0.277000 0.000000
v 2.883552 0.265899 0.000000
v 2.892704 0.253444 0.000000
v 2.899828 0.239781 0.000000
v 2.904922 0.225056 0.000000
v 2.907980 0.209413 0.000000
v 2.909000 0.193000 0.000000
v 2.908115 0.176991 0.000000
v 2.905505 0.162009 0.000000
v 2.901235 0.148125 0.000000
v 2.895371 0.135407 0.000000
v 2.887979 0.123926 0.000000
v 2.879125 0.113750 0.000000
v 2.868876 0.104949 0.000000
v 2.857297 0.097593 0.000000
v 2.844454 0.091750 0.000000
v 2.830412 0.087491 0.000000
v 2.815239 0.084884 0.000000
v 2.799000 0.084000 0.000000
v 2.786499 0.084355 0.000000
v 2.773991 0.085421 0.000000
v 2.761469 0.087203 0.000000
v 2.748926 0.089704 0.000000
v 2.736355 0.092927 0.000000
v 2.723750 0.096875 0.000000
v 2.711103 0.101553 0.000000
v 2.698407 0.106963 0.000000
v 2.685656 0.113109 0.000000
v 2.672843 0.119995 0.000000
v 2.659960 0.127624 0.000000
v 2.647000 0.136000 0.000000
v 2.647000 0.030000 0.000000
v 2.659249 0.023981 0.000000
v 2.671491 0.018431 0.000000
v 2.683719 0.013359 0.000000
v 2.695926 0.008778 0.000000
v 2.708105 0.004696 0.000000
v 2.720250 0.001125 0.000000
v 2.732353 -0.001925 -0.000000
v 2.744408 -0.004444 -0.000000
v 2.756407 -0.006422 -0.000000
v 2.768343 -0.007847 -0.000000
v 2.780210 -0.008710 -0.000000
v 2.792000 -0.009000 -0.000000
v 2.822699 -0.007257 -0.000000
v 2.851676 -0.002139 -0.000000
v 2.878750 0.006188 0.000000
v 2.903741 0.017556 0.000000
v 2.926468 0.031799 0.000000
v 2.946750 0.048750 0.000000
v 2.964408 0.068243 0.000000
v 2.979260 0.090111 0.000000
v 2.991126 0.114188 0.000000
v 2.999825 0.140306 0.000000
v 3.005177 0.168299 0.000000
v 3.007000 0.198000 0.000000
v 3.006371 0.215491 0.000000
v 3.004463 0.232847 0.000000
v 3.001250 0.249891 0.000000
v 2.996704 0.266444 0.000000
v 2.990797 0.282332 0.000000
v 2.983500 0.297375 0.000000
v 2.974787 0.311398 0.000000
v 2.964630 0.324222 0.000000
v 2.953000 0.335672 0.000000
v 2.939871 0.345569 0.000000
v 2.925213 0.353738 0.000000
v 2.909000 0.360000 0.000000
v 2.923736 0.368701 0.000000
v 2.936972 0.377861 0.000000
v 2.948750 0.387563 0.000000
v 2.959111 0.397889 0.000000
v 2.968098 0.408924 0.000000
v 2.975750 0.420750 0.000000
v 2.982111 0.433451 0.000000
v 2.987223 0.447111 0.000000
v 2.991125 0.461813 0.000000
v 2.993861 0.477639 0.000000
v 2.995472 0.494674 0.000000
v 2.996000 0.513000 0.000000
v 2.994375 0.539190 0.000000
v 2.989583 0.563685 0.000000
v 2.981750 0.586375 0.000000
v 2.971000 0.607148 0.000000
v 2.957458 0.625894 0.000000
v 2.941250 0.642500 0.000000
v 2.922500 0.656857 0.000000
v 2.901333 0.668852 0.000000
v 2.877875 0.678375 0.000000
v 2.852250 0.685315 0.000000
v 2.824583 0.689560 0.000000
v 2.795000 0.691000 0.000000
v 2.782492 0.690811 0.000000
v 2.770435 0.690241 0.000000
v 2.758781 0.689281 0.000000
v 2.747482 0.687926 0.000000
v 2.736487 0.686168 0.000000
v 2.725750 0.684000 0.000000
v 2.715221 0.681415 0.000000
v 2.704852 0.678407 0.000000
v 2.694594 0.674969 0.000000
v 2.684398 0.671093 0.000000
v 2.674217 0.666772 0.000000
v 2.664000 0.662000 0.000000
v 3.553000 0.341000 0.000000
v 3.551192 0.392001 0.000000
v 3.545871 0.439843 0.000000
v 3.537188 0.484281 0.000000
v 3.525296 0.525074 0.000000
v 3.510350 0.561978 0.000000
v 3.492500 0.594750 0.000000
v 3.471901 0.623147 0.000000
v 3.448704 0.646926 0.000000
v 3.423063 0.665844 0.000000
v 3.395130 0.679658 0.000000
v 3.365058 0.688124 0.000000
v 3.333000 0.691000 0.000000
v 3.300942 0.688124 0.000000
v 3.270871 0.679657 0.000000
v 3.242938 0.665844 0.000000
v 3.217297 0.646926 0.000000
v 3.194100 0.623147 0.000000
v 3.173500 0.594750 0.000000
v 3.155651 0.561978 0.000000
v 3.140704 0.525074 0.000000
v 3.128813 0.484281 0.000000
v 3.120130 0.439843 0.000000
v 3.114808 0.392001 0.000000
v 3.113000 0.341000 0.000000
v 3.114808 0.289999 0.000000
v 3.120130 0.242157 0.000000
v 3.128813 0.197719 0.000000
v 3.140704 0.156926 0.000000
v 3.155651 0.120022 0.000000
v 3.173500 0.087250 0.000000
v 3.194100 0.058853 0.000000
v 3.217296 0.035074 0.000000
v 3.242938 0.016156 0.000000
v 3.270870 0.002343 0.000000
v 3.300942 -0.006124 -0.000000
v 3.333000 -0.009000 -0.000000
v 3.365058 -0.006124 -0.000000
v 3.395130 0.002343 0.000000
v 3.423063 0.016156 0.000000
v 3.448704 0.035074 0.000000
v 3.471900 0.058853 0.000000
v 3.492500 0.087250 0.000000
v 3.510350 0.120022 0.000000
v 3.525296 0.156926 0.000000
v 3.537187 0.197719 0.000000
v 3.545870 0.242157 0.000000
v 3.551192 0.289999 0.000000
v 3.455000 0.341000 0.000000
v 3.454051 0.302332 0.000000
v 3.451241 0.266407 0.000000
v 3.446625 0.233344 0.000000
v 3.440259 0.203259 0.000000
v 3.432199 0.176272 0.000000
v 3.422500 0.152500 0.000000
v 3.411217 0.132061 0.000000
v 3.398407 0.115074 0.000000
v 3.384125 0.101656 0.000000
v 3.368426 0.091926 0.000000
v 3.351365 0.086001 0.000000
v 3.333000 0.084000 0.000000
v 3.314635 0.086001 0.000000
v 3.297574 0.091926 0.000000
v 3.281875 0.101656 0.000000
v 3.267593 0.115074 0.000000
v 3.254782 0.132061 0.000000
v 3.243500 0.152500 0.000000
v 3.233801 0.176272 0.000000
v 3.225741 0.203259 0.000000
v 3.219375 0.233344 0.000000
v 3.214759 0.266407 0.000000
v 3.211949 0.302332 0.000000
v 3.211000 0.341000 0.000000
v 3.211949 0.379668 0.000000
v 3.214760 0.415593 0.000000
v 3.219375 0.448656 0.000000
v 3.225741 0.478741 0.000000
v 3.233801 0.505728 0.000000
v 3.243500 0.529500 0.000000
v 3.254783 0.549939 0.000000
v 3.267593 0.566926 0.000000
v 3.281876 0.580344 0.000000
v 3.297575 0.590074 0.000000
v 3.314635 0.595999 0.000000
v 3.333000 0.598000 0.000000
v 3.351366 0.595999 0.000000
v 3.368426 0.590074 0.000000
v 3.384125 0.580344 0.000000
v 3.398408 0.566926 0.000000
v 3.411218 0.549939 0.000000
v 3.422500 0.529500 0.000000
v 3.432199 0.505728 0.000000
v 3.440260 0.478741 0.000000
v 3.446625 0.448656 0.000000
v 3.451241 0.415593 0.000000
v 3.454051 0.379668 0.000000
v 4.051000 0.184000 -0.546934
v 4.050334 0.201091 -0.546934
v 4.048338 0.217815 -0.546934
v 4.045016 0.234094 -0.546934
v 4.040370 0.249852 -0.546934
v 4.034406 0.265013 -0.546934
v 4.027125 0.279500 -0.546934
v 4.018532 0.293237 -0.546934
v 4.008630 0.306148 -0.546934
v 3.997422 0.318156 -0.546934
v 3.984912 0.329185 -0.546934
v 3.971104 0.339159 -0.546934
v 3.956000 0.348000 -0.546934
v 3.969857 0.357862 -0.546934
v 3.982435 0.368394 -0.546934
v 3.993750 0.379516 -0.546934
v 4.003815 0.391148 -0.546934
v 4.012644 0.403211 -0.546934
v 4.020250 0.415625 -0.546934
v 4.026649 0.428310 -0.546934
v 4.031852 0.441185 -0.546934
v 4.035875 0.454172 -0.546934
v 4.038732 0.467190 -0.546934
v 4.040435 0.480159 -0.546934
v 4.041000 0.493000 -0.546934
v 4.039242 0.520634 -0.546934
v 4.034098 0.546903 -0.546934
v 4.025766 0.571609 -0.546934
v 4.014445 0.594556 -0.546934
v 4.000332 0.615543 -0.546934
v 3.983625 0.634375 -0.546934
v 3.964523 0.650852 -0.546934
v 3.943223 0.664778 -0.546934
v 3.919922 0.675953 -0.546934
v 3.894820 0.684181 -0.546934
v 3.868113 0.689262 -0.546934
v 3.840000 0.691000 -0.546934
v 3.810890 0.689282 -0.546934
v 3.783199 0.684259 -0.546934
v 3.757141 0.676125 -0.546934
v 3.732926 0.665074 -0.546934
v 3.710767 0.651301 -0.546934
v 3.690875 0.635000 -0.546934
v 3.673463 0.616366 -0.546934
v 3.658741 0.595593 -0.546934
v 3.646922 0.572875 -0.546934
v 3.638218 0.548407 -0.546934
v 3.632840 0.522384 -0.546934
v 3.631000 0.495000 -0.546934
v 3.631620 0.480630 -0.546934
v 3.633459 0.466542 -0.546934
v 3.636485 0.452766 -0.546934
v 3.640667 0.439333 -0.546934
v 3.645974 0.426276 -0.546934
v 3.652375 0.413625 -0.546934
v 3.659839 0.401412 -0.546934
v 3.668334 0.389667 -0.546934
v 3.677828 0.378422 -0.546934
v 3.688292 0.367708 -0.546934
v 3.699693 0.357557 -0.546934
v 3.712000 0.348000 -0.546934
v 3.696437 0.338185 -0.546934
v 3.682245 0.327732 -0.546934
v 3.669422 0.316625 -0.546934
v 3.657963 0.304852 -0.546934
v 3.647865 0.292398 -0.546934
v 3.639125 0.279250 -0.546934
v 3.631739 0.265394 -0.546934
v 3.625704 0.250815 -0.546934
v 3.621016 0.235500 -0.546934
v 3.617671 0.219435 -0.546934
v 3.615667 0.202607 -0.546934
v 3.615000 0.185000 -0.546934
v 3.616961 0.158285 -0.546934
v 3.622685 0.132782 -0.546934
v 3.631938 0.108703 -0.546934
v 3.644482 0.086259 -0.546934
v 3.660081 0.065663 -0.546934
v 3.678500 0.047125 -0.546934
v 3.699502 0.030858 -0.546934
v 3.722852 0.017074 -0.546934
v 3.748313 0.005984 -0.546934
v 3.775648 -0.002199 -0.546934
v 3.804623 -0.007264 -0.546934
v 3.835000 -0.009000 -0.546934
v 3.864879 -0.007284 -0.546934
v 3.893361 -0.002273 -0.546934
v 3.920219 0.005828 -0.546934
v 3.945222 0.016815 -0.546934
v 3.968143 0.030482 -0.546934
v 3.988750 0.046625 -0.546934
v 4.006816 0.065039 -0.546934
v 4.022111 0.085519 -0.546934
v 4.034406 0.107859 -0.546934
v 4.043472 0.131857 -0.546934
v 4.049079 0.157305 -0.546934
v 3.943000 0.495000 -0.546934
v 3.942022 0.481439 -0.546934
v 3.939172 0.468347 -0.546934
v 3.934578 0.455859 -0.546934
v 3.928371 0.444111 -0.546934
v 3.920677 0.433238 -0.546934
v 3.911625 0.423375 -0.546934
v 3.901345 0.414658 -0.546934
v 3.889963 0.407222 -0.546934
v 3.877610 0.401203 -0.546934
v 3.864412 0.396736 -0.546934
v 3.850500 0.393957 -0.546934
v 3.836000 0.393000 -0.546934
v 3.821711 0.393977 -0.546934
v 3.807935 0.396815 -0.546934
v 3.794812 0.401375 -0.546934
v 3.782481 0.407519 -0.546934
v 3.771081 0.415107 -0.546934
v 3.760750 0.424000 -0.546934
v 3.751627 0.434060 -0.546934
v 3.743852 0.445148 -0.546934
v 3.737563 0.457125 -0.546934
v 3.732898 0.469852 -0.546934
v 3.729998 0.483190 -0.546934
v 3.729000 0.497000 -0.546934
v 3.729903 0.511802 -0.546934
v 3.732560 0.525662 -0.546934
v 3.736891 0.538516 -0.546934
v 3.742815 0.550296 -0.546934
v 3.750253 0.560938 -0.546934
v 3.759125 0.570375 -0.546934
v 3.769351 0.578541 -0.546934
v 3.780852 0.585370 -0.546934
v 3.793547 0.590797 -0.546934
v 3.807357 0.594755 -0.546934
v 3.822201 0.597178 -0.546934
v 3.838000 0.598000 -0.546934
v 3.852880 0.597100 -0.546934
v 3.866959 0.594468 -0.546934
v 3.880141 0.590203 -0.546934
v 3.892334 0.584407 -0.546934
v 3.903443 0.577181 -0.546934
v 3.913375 0.568625 -0.546934
v 3.922037 0.558840 -0.546934
v 3.929334 0.547926 -0.546934
v 3.935172 0.535984 -0.546934
v 3.939459 0.523116 -0.546934
v 3.942100 0.509421 -0.546934
v 3.953000 0.192000 -0.546934
v 3.952148 0.177901 -0.546934
v 3.949597 0.164208 -0.546934
v 3.945359 0.151078 -0.546934
v 3.939445 0.138667 -0.546934
v 3.931863 0.127130 -0.546934
v 3.922625 0.116625 -0.546934
v 3.911742 0.107307 -0.546934
v 3.899223 0.099333 -0.546934
v 3.885078 0.092859 -0.546934
v 3.869320 0.088042 -0.546934
v 3.851957 0.085036 -0.546934
v 3.833000 0.084000 -0.546934
v 3.815934 0.084922 -0.546934
v 3.799806 0.087625 -0.546934
v 3.784719 0.092016 -0.546934
v 3.770778 0.098000 -0.546934
v 3.758087 0.105484 -0.546934
v 3.746750 0.114375 -0.546934
v 3.736871 0.124578 -0.546934
v 3.728555 0.136000 -0.546934
v 3.721906 0.148547 -0.546934
v 3.717028 0.162125 -0.546934
v 3.714024 0.176641 -0.546934
v 3.713000 0.192000 -0.546934
v 3.713988 0.207569 -0.546934
v 3.716898 0.222222 -0.546934
v 3.721657 0.235875 -0.546934
v 3.728185 0.248444 -0.546934
v 3.736409 0.259847 -0.546934
v 3.746250 0.270000 -0.546934
v 3.757633 0.278819 -0.546934
v 3.770482 0.286222 -0.546934
v 3.784719 0.292125 -0.546934
v 3.800268 0.296444 -0.546934
v 3.817054 0.299097 -0.546934
v 3.835000 0.300000 -0.546934
v 3.851817 0.299059 -0.546934
v 3.867699 0.296306 -0.546934
v 3.882547 0.291844 -0.546934
v 3.896260 0.285778 -0.546934
v 3.908736 0.278212 -0.546934
v 3.919875 0.269250 -0.546934
v 3.929577 0.258997 -0.546934
v 3.937741 0.247556 -0.546934
v 3.944266 0.235031 -0.546934
v 3.949051 0.221528 -0.546934
v 3.951996 0.207149 -0.546934
v 0.285000 0.359000 -0.546934
v 0.582000 0.682000 -0.546934
v 0.460000 0.682000 -0.546934
v 0.173000 0.370000 -0.546934
v 0.173000 0.682000 -0.546934
v 0.075000 0.682000 -0.546934
v 0.075000 0.000000 -0.546934
v 0.173000 0.000000 -0.546934
v 0.173000 0.337000 -0.546934
v 0.520000 0.000000 -0.546934
v 0.655000 0.000000 -0.546934
v 0.701000 0.341000 -0.546934
v 0.703903 0.295251 -0.546934
v 0.712477 0.250838 -0.546934
v 0.726516 0.208266 -0.546934
v 0.745815 0.168037 -0.546934
v 0.770170 0.130656 -0.546934
v 0.799375 0.096625 -0.546934
v 0.833226 0.066449 -0.546934
v 0.871519 0.040630 -0.546934
v 0.914047 0.019672 -0.546934
v 0.960607 0.004079 -0.546934
v 1.010993 -0.005646 -0.546934
v 1.065000 -0.009000 -0.546934
v 1.120787 -0.005627 -0.546934
v 1.172542 0.004148 -0.546934
v 1.220109 0.019813 -0.546934
v 1.263333 0.040852 -0.546934
v 1.302057 0.066752 -0.546934
v 1.336125 0.097000 -0.546934
v 1.365380 0.131081 -0.546934
v 1.389667 0.168482 -0.546934
v 1.408828 0.208688 -0.546934
v 1.422709 0.251185 -0.546934
v 1.431151 0.295461 -0.546934
v 1.434000 0.341000 -0.546934
v 1.431076 0.387800 -0.546934
v 1.422440 0.432898 -0.546934
v 1.408297 0.475844 -0.546934
v 1.388852 0.516185 -0.546934
v 1.364310 0.553471 -0.546934
v 1.334875 0.587250 -0.546934
v 1.300753 0.617071 -0.546934
v 1.262148 0.642482 -0.546934
v 1.219266 0.663031 -0.546934
v 1.172310 0.678269 -0.546934
v 1.121487 0.687742 -0.546934
v 1.067000 0.691000 -0.546934
v 1.013373 0.687723 -0.546934
v 0.963153 0.678199 -0.546934
v 0.916578 0.662891 -0.546934
v 0.873889 0.642259 -0.546934
v 0.835325 0.616767 -0.546934
v 0.801125 0.586875 -0.546934
v 0.771529 0.553046 -0.546934
v 0.746778 0.515741 -0.546934
v 0.727109 0.475422 -0.546934
v 0.712764 0.432551 -0.546934
v 0.703981 0.387590 -0.546934
v 0.802000 0.341000 -0.546934
v 0.804311 0.377626 -0.546934
v 0.811074 0.412343 -0.546934
v 0.822031 0.444906 -0.546934
v 0.836926 0.475074 -0.546934
v 0.855501 0.502603 -0.546934
v 0.877500 0.527250 -0.546934
v 0.902666 0.548772 -0.546934
v 0.930741 0.566926 -0.546934
v 0.961469 0.581469 -0.546934
v 0.994593 0.592157 -0.546934
v 1.029855 0.598749 -0.546934
v 1.067000 0.601000 -0.546934
v 1.104374 0.598749 -0.546934
v 1.139829 0.592157 -0.546934
v 1.173109 0.581469 -0.546934
v 1.203963 0.566926 -0.546934
v 1.232136 0.548772 -0.546934
v 1.257375 0.527250 -0.546934
v 1.279427 0.502603 -0.546934
v 1.298037 0.475074 -0.546934
v 1.312953 0.444906 -0.546934
v 1.323921 0.412343 -0.546934
v 1.330688 0.377626 -0.546934
v 1.333000 0.341000 -0.546934
v 1.330688 0.304584 -0.546934
v 1.323921 0.270005 -0.546934
v 1.312953 0.237516 -0.546934
v 1.298037 0.207370 -0.546934
v 1.279427 0.179822 -0.546934
v 1.257375 0.155125 -0.546934
v 1.232136 0.133532 -0.546934
v 1.203963 0.115296 -0.546934
v 1.173109 0.100672 -0.546934
v 1.139829 0.089912 -0.546934
v 1.104374 0.083270 -0.546934
v 1.067000 0.081000 -0.546934
v 1.029855 0.083270 -0.546934
v 0.994593 0.089912 -0.546934
v 0.961469 0.100672 -0.546934
v 0.930741 0.115296 -0.546934
v 0.902666 0.133532 -0.546934
v 0.877500 0.155125 -0.546934
v 0.855501 0.179822 -0.546934
v 0.836926 0.207370 -0.546934
v 0.822031 0.237516 -0.546934
v 0.811074 0.270005 -0.546934
v 0.804311 0.304584 -0.546934
v 1.556000 0.682000 -0.546934
v 1.556000 0.000000 -0.546934
v 1.654000 0.000000 -0.546934
v 1.654000 0.296000 -0.546934
v 1.695000 0.296000 -0.546934
v 1.707346 0.295604 -0.546934
v 1.719519 0.294167 -0.546934
v 1.731719 0.291313 -0.546934
v 1.744148 0.286667 -0.546934
v 1.757008 0.279854 -0.546934
v 1.770500 0.270500 -0.546934
v 1.784825 0.258229 -0.546934
v 1.800185 0.242667 -0.546934
v 1.816781 0.223438 -0.546934
v 1.834815 0.200167 -0.546934
v 1.854487 0.172479 -0.546934
v 1.876000 0.140000 -0.546934
v 1.966000 0.000000 -0.546934
v 2.083000 0.000000 -0.546934
v 2.071847 0.015411 -0.546934
v 2.061793 0.029298 -0.546934
v 2.052694 0.041891 -0.546934
v 2.044405 0.053420 -0.546934
v 2.036783 0.064116 -0.546934
v 2.029683 0.074209 -0.546934
v 2.022962 0.083929 -0.546934
v 2.016476 0.093507 -0.546934
v 2.010081 0.103172 -0.546934
v 2.003632 0.113156 -0.546934
v 1.996987 0.123689 -0.546934
v 1.990000 0.135000 -0.546934
v 1.977270 0.155792 -0.546934
v 1.964991 0.175667 -0.546934
v 1.953031 0.194625 -0.546934
v 1.941259 0.212667 -0.546934
v 1.929543 0.229792 -0.546934
v 1.917750 0.246000 -0.546934
v 1.905749 0.261292 -0.546934
v 1.893407 0.275667 -0.546934
v 1.880594 0.289125 -0.546934
v 1.867176 0.301667 -0.546934
v 1.853022 0.313292 -0.546934
v 1.838000 0.324000 -0.546934
v 1.855578 0.331869 -0.546934
v 1.871792 0.340954 -0.546934
v 1.886609 0.351219 -0.546934
v 1.900000 0.362630 -0.546934
v 1.911932 0.375152 -0.546934
v 1.922375 0.388750 -0.546934
v 1.931297 0.403390 -0.546934
v 1.938667 0.419037 -0.546934
v 1.944453 0.435656 -0.546934
v 1.948625 0.453213 -0.546934
v 1.951151 0.471673 -0.546934
v 1.952000 0.491000 -0.546934
v 1.950228 0.519546 -0.546934
v 1.944991 0.546120 -0.546934
v 1.936406 0.570625 -0.546934
v 1.924593 0.592963 -0.546934
v 1.909668 0.613037 -0.546934
v 1.891750 0.630750 -0.546934
v 1.870957 0.646005 -0.546934
v 1.847407 0.658704 -0.546934
v 1.821219 0.668750 -0.546934
v 1.792509 0.676046 -0.546934
v 1.761397 0.680495 -0.546934
v 1.728000 0.682000 -0.546934
v 1.654000 0.598000 -0.546934
v 1.717000 0.598000 -0.546934
v 1.739572 0.597196 -0.546934
v 1.759834 0.594815 -0.546934
v 1.777858 0.590906 -0.546934
v 1.793713 0.585518 -0.546934
v 1.807472 0.578700 -0.546934
v 1.819204 0.570499 -0.546934
v 1.828980 0.560966 -0.546934
v 1.836871 0.550147 -0.546934
v 1.842948 0.538093 -0.546934
v 1.847281 0.524851 -0.546934
v 1.849942 0.510471 -0.546934
v 1.851000 0.495000 -0.546934
v 1.850579 0.480842 -0.546934
v 1.848713 0.466986 -0.546934
v 1.845250 0.453609 -0.546934
v 1.840037 0.440889 -0.546934
v 1.832922 0.429002 -0.546934
v 1.823750 0.418125 -0.546934
v 1.812371 0.408436 -0.546934
v 1.798630 0.400111 -0.546934
v 1.782375 0.393328 -0.546934
v 1.763454 0.388264 -0.546934
v 1.741713 0.385096 -0.546934
v 1.717000 0.384000 -0.546934
v 1.654000 0.384000 -0.546934
v 2.553000 0.341000 -0.546934
v 2.551192 0.392001 -0.546934
v 2.545871 0.439843 -0.546934
v 2.537188 0.484281 -0.546934
v 2.525296 0.525074 -0.546934
v 2.510350 0.561978 -0.546934
v 2.492500 0.594750 -0.546934
v 2.471901 0.623147 -0.546934
v 2.448704 0.646926 -0.546934
v 2.423063 0.665844 -0.546934
v 2.395130 0.679658 -0.546934
v 2.365058 0.688124 -0.546934
v 2.333000 0.691000 -0.546934
v 2.300942 0.688124 -0.546934
v 2.270871 0.679657 -0.546934
v 2.242938 0.665844 -0.546934
v 2.217297 0.646926 -0.546934
v 2.194100 0.623147 -0.546934
v 2.173500 0.594750 -0.546934
v 2.155651 0.561978 -0.546934
v 2.140704 0.525074 -0.546934
v 2.128813 0.484281 -0.546934
v 2.120130 0.439843 -0.546934
v 2.114808 0.392001 -0.546934
v 2.113000 0.341000 -0.546934
v 2.114808 0.289999 -0.546934
v 2.120130 0.242157 -0.546934
v 2.128813 0.197719 -0.546934
v 2.140704 0.156926 -0.546934
v 2.155651 0.120022 -0.546934
v 2.173500 0.087250 -0.546934
v 2.194100 0.058853 -0.546934
v 2.217296 0.035074 -0.546934
v 2.242938 0.016156 -0.546934
v 2.270870 0.002343 -0.546934
v 2.300942 -0.006124 -0.546934
v 2.333000 -0.009000 -0.546934
v 2.365058 -0.006124 -0.546934
v 2.395130 0.002343 -0.546934
v 2.423063 0.016156 -0.546934
v 2.448704 0.035074 -0.546934
v 2.471900 0.058853 -0.546934
v 2.492500 0.087250 -0.546934
v 2.510350 0.120022 -0.546934
v 2.525296 0.156926 -0.546934
v 2.537187 0.197719 -0.546934
v 2.545870 0.242157 -0.546934
v 2.551192 0.289999 -0.546934
v 2.455000 0.341000 -0.546934
v 2.454051 0.302332 -0.546934
v 2.451241 0.266407 -0.546934
v 2.446625 0.233344 -0.546934
v 2.440259 0.203259 -0.546934
v 2.432199 0.176272 -0.546934
v 2.422500 0.152500 -0.546934
v 2.411217 0.132061 -0.546934
v 2.398407 0.115074 -0.546934
v 2.384125 0.101656 -0.546934
v 2.368426 0.091926 -0.546934
v 2.351365 0.086001 -0.546934
v 2.333000 0.084000 -0.546934
v 2.314635 0.086001 -0.546934
v 2.297574 0.091926 -0.546934
v 2.281875 0.101656 -0.546934
v 2.267593 0.115074 -0.546934
v 2.254782 0.132061 -0.546934
v 2.243500 0.152500 -0.546934
v 2.233801 0.176272 -0.546934
v 2.225741 0.203259 -0.546934
v 2.219375 0.233344 -0.546934
v 2.214759 0.266407 -0.546934
v 2.211949 0.302332 -0.546934
v 2.211000 0.341000 -0.546934
v 2.211949 0.379668 -0.546934
v 2.214760 0.415593 -0.546934
v 2.219375 0.448656 -0.546934
v 2.225741 0.478741 -0.546934
v 2.233801 0.505728 -0.546934
v 2.243500 0.529500 -0.546934
v 2.254783 0.549939 -0.546934
v 2.267593 0.566926 -0.546934
v 2.281876 0.580344 -0.546934
v 2.297575 0.590074 -0.546934
v 2.314635 0.595999 -0.546934
v 2.333000 0.598000 -0.546934
v 2.351366 0.595999 -0.546934
v 2.368426 0.590074 -0.546934
v 2.384125 0.580344 -0.546934
v 2.398408 0.566926 -0.546934
v 2.411218 0.549939 -0.546934
v 2.422500 0.529500 -0.546934
v 2.432199 0.505728 -0.546934
v 2.440260 0.478741 -0.546934
v 2.446625 0.448656 -0.546934
v 2.451241 0.415593 -0.546934
v 2.454051 0.379668 -0.546934
v 2.664000 0.569000 -0.546934
v 2.675449 0.573982 -0.546934
v 2.686343 0.578440 -0.546934
v 2.696750 0.582391 -0.546934
v 2.706741 0.585852 -0.546934
v 2.716385 0.588841 -0.546934
v 2.725750 0.591375 -0.546934
v 2.734908 0.593472 -0.546934
v 2.743926 0.595148 -0.546934
v 2.752875 0.596422 -0.546934
v 2.761824 0.597310 -0.546934
v 2.770843 0.597830 -0.546934
v 2.780000 0.598000 -0.546934
v 2.797447 0.597196 -0.546934
v 2.813741 0.594819 -0.546934
v 2.828813 0.590922 -0.546934
v 2.842593 0.585556 -0.546934
v 2.855012 0.578773 -0.546934
v 2.866000 0.570625 -0.546934
v 2.875489 0.561165 -0.546934
v 2.883408 0.550444 -0.546934
v 2.889688 0.538516 -0.546934
v 2.894260 0.525431 -0.546934
v 2.897054 0.511241 -0.546934
v 2.898000 0.496000 -0.546934
v 2.897063 0.481028 -0.546934
v 2.894250 0.467139 -0.546934
v 2.889563 0.454375 -0.546934
v 2.883000 0.442778 -0.546934
v 2.874563 0.432389 -0.546934
v 2.864250 0.423250 -0.546934
v 2.852063 0.415403 -0.546934
v 2.838001 0.408889 -0.546934
v 2.822063 0.403750 -0.546934
v 2.804250 0.400028 -0.546934
v 2.784563 0.397764 -0.546934
v 2.763000 0.397000 -0.546934
v 2.763000 0.307000 -0.546934
v 2.786250 0.307087 -0.546934
v 2.807496 0.304944 -0.546934
v 2.826735 0.300719 -0.546934
v 2.843963 0.294556 -0.546934
v 2.859178 0.286601 -0.546934
v 2.872375 0.277000 -0.546934
v 2.883552 0.265899 -0.546934
v 2.892704 0.253444 -0.546934
v 2.899828 0.239781 -0.546934
v 2.904922 0.225056 -0.546934
v 2.907980 0.209413 -0.546934
v 2.909000 0.193000 -0.546934
v 2.908115 0.176991 -0.546934
v 2.905505 0.162009 -0.546934
v 2.901235 0.148125 -0.546934
v 2.895371 0.135407 -0.546934
v 2.887979 0.123926 -0.546934
v 2.879125 0.113750 -0.546934
v 2.868876 0.104949 -0.546934
v 2.857297 0.097593 -0.546934
v 2.844454 0.091750 -0.546934
v 2.830412 0.087491 -0.546934
v 2.815239 0.084884 -0.546934
v 2.799000 0.084000 -0.546934
v 2.786499 0.084355 -0.546934
v 2.773991 0.085421 -0.546934
v 2.761469 0.087203 -0.546934
v 2.748926 0.089704 -0.546934
v 2.736355 0.092927 -0.546934
v 2.723750 0.096875 -0.546934
v 2.711103 0.101553 -0.546934
v 2.698407 0.106963 -0.546934
v 2.685656 0.113109 -0.546934
v 2.672843 0.119995 -0.546934
v 2.659960 0.127624 -0.546934
v 2.647000 0.136000 -0.546934
v 2.647000 0.030000 -0.546934
v 2.659249 0.023981 -0.546934
v 2.671491 0.018431 -0.546934
v 2.683719 0.013359 -0.546934
v 2.695926 0.008778 -0.546934
v 2.708105 0.004696 -0.546934
v 2.720250 0.001125 -0.546934
v 2.732353 -0.001925 -0.546934
v 2.744408 -0.004444 -0.546934
v 2.756407 -0.006422 -0.546934
v 2.768343 -0.007847 -0.546934
v 2.780210 -0.008710 -0.546934
v 2.792000 -0.009000 -0.546934
v 2.822699 -0.007257 -0.546934
v 2.851676 -0.002139 -0.546934
v 2.878750 0.006188 -0.546934
v 2.903741 0.017556 -0.546934
v 2.926468 0.031799 -0.546934
v 2.946750 0.048750 -0.546934
v 2.964408 0.068243 -0.546934
v 2.979260 0.090111 -0.546934
v 2.991126 0.114188 -0.546934
v 2.999825 0.140306 -0.546934
v 3.005177 0.168299 -0.546934
v 3.007000 0.198000 -0.546934
v 3.006371 0.215491 -0.546934
v 3.004463 0.232847 -0.546934
v 3.001250 0.249891 -0.546934
v 2.996704 0.266444 -0.546934
v 2.990797 0.282332 -0.546934
v 2.983500 0.297375 -0.546934
v 2.974787 0.311398 -0.546934
v 2.964630 0.324222 -0.546934
v 2.953000 0.335672 -0.546934
v 2.939871 0.345569 -0.546934
v 2.925213 0.353738 -0.546934
v 2.909000 0.360000 -0.546934
v 2.923736 0.368701 -0.546934
v 2.936972 0.377861 -0.546934
v 2.948750 0.387563 -0.546934
v 2.959111 0.397889 -0.546934
v 2.968098 0.408924 -0.546934
v 2.975750 0.420750 -0.546934
v 2.982111 0.433451 -0.546934
v 2.987223 0.447111 -0.546934
v 2.991125 0.461813 -0.546934
v 2.993861 0.477639 -0.546934
v 2.995472 0.494674 -0.546934
v 2.996000 0.513000 -0.546934
v 2.994375 0.539190 -0.546934
v 2.989583 0.563685 -0.546934
v 2.981750 0.586375 -0.546934
v 2.971000 0.607148 -0.546934
v 2.957458 0.625894 -0.546934
v 2.941250 0.642500 -0.546934
v 2.922500 0.656857 -0.546934
v 2.901333 0.668852 -0.546934
v 2.877875 0.678375 -0.546934
v 2.852250 0.685315 -0.546934
v 2.824583 0.689560 -0.546934
v 2.795000 0.691000 -0.546934
v 2.782492 0.690811 -0.546934
v 2.770435 0.690241 -0.546934
v 2.758781 0.689281 -0.546934
v 2.747482 0.687926 -0.546934
v 2.736487 0.686168 -0.546934
v 2.725750 0.684000 -0.546934
v 2.715221 0.681415 -0.546934
v 2.704852 0.678407 -0.546934
v 2.694594 0.674969 -0.546934
v 2.684398 0.671093 -0.546934
v 2.674217 0.666772 -0.546934
v 2.664000 0.662000 -0.546934
v 3.553000 0.341000 -0.546934
v 3.551192 0.392001 -0.546934
v 3.545871 0.439843 -0.546934
v 3.537188 0.484281 -0.546934
v 3.525296 0.525074 -0.546934
v 3.510350 0.561978 -0.546934
v 3.492500 0.594750 -0.546934
v 3.471901 0.623147 -0.546934
v 3.448704 0.646926 -0.546934
v 3.423063 0.665844 -0.546934
v 3.395130 0.679658 -0.546934
v 3.365058 0.688124 -0.546934
v 3.333000 0.691000 -0.546934
v 3.300942 0.688124 -0.546934
v 3.270871 0.679657 -0.546934
v 3.242938 0.665844 -0.546934
v 3.217297 0.646926 -0.546934
v 3.194100 0.623147 -0.546934
v 3.173500 0.594750 -0.546934
v 3.155651 0.561978 -0.546934
v 3.140704 0.525074 -0.546934
v 3.128813 0.484281 -0.546934
v 3.120130 0.439843 -0.546934
v 3.114808 0.392001 -0.546934
v 3.113000 0.341000 -0.546934
v 3.114808 0.289999 -0.546934
v 3.120130 0.242157 -0.546934
v 3.128813 0.197719 -0.546934
v 3.140704 0.156926 -0.546934
v 3.155651 0.120022 -0.546934
v 3.173500 0.087250 -0.546934
v 3.194100 0.058853 -0.546934
v 3.217296 0.035074 -0.546934
v 3.242938 0.016156 -0.546934
v 3.270870 0.002343 -0.546934
v 3.300942 -0.006124 -0.546934
v 3.333000 -0.009000 -0.546934
v 3.365058 -0.006124 -0.546934
v 3.395130 0.002343 -0.546934
v 3.423063 0.016156 -0.546934
v 3.448704 0.035074 -0.546934
v 3.471900 0.058853 -0.546934
v 3.492500 0.087250 -0.546934
v 3.510350 0.120022 -0.546934
v 3.525296 0.156926 -0.546934
v 3.537187 0.197719 -0.546934
v 3.545870 0.242157 -0.546934
v 3.551192 0.289999 -0.546934
v 3.455000 0.341000 -0.546934
v 3.454051 0.302332 -0.546934
v 3.451241 0.266407 -0.546934
v 3.446625 0.233344 -0.546934
v 3.440259 0.203259 -0.546934
v 3.432199 0.176272 -0.546934
v 3.422500 0.152500 -0.546934
v 3.411217 0.132061 -0.546934
v 3.398407 0.115074 -0.546934
v 3.384125 0.101656 -0.546934
v 3.368426 0.091926 -0.546934
v 3.351365 0.086001 -0.546934
v 3.333000 0.084000 -0.546934
v 3.314635 0.086001 -0.546934
v 3.297574 0.091926 -0.546934
v 3.281875 0.101656 -0.546934
v 3.267593 0.115074 -0.546934
v 3.254782 0.132061 -0.546934
v 3.243500 0.152500 -0.546934
v 3.233801 0.176272 -0.546934
v 3.225741 0.203259 -0.546934
v 3.219375 0.233344 -0.546934
v 3.214759 0.266407 -0.546934
v 3.211949 0.302332 -0.546934
v 3.211000 0.341000 -0.546934
v 3.211949 0.379668 -0.546934
v 3.214760 0.415593 -0.546934
v 3.219375 0.448656 -0.546934
v 3.225741 0.478741 -0.546934
v 3.233801 0.505728 -0.546934
v 3.243500 0.529500 -0.546934
v 3.254783 0.549939 -0.546934
v 3.267593 0.566926 -0.546934
v 3.281876 0.580344 -0.546934
v 3.297575 0.590074 -0.546934
v 3.314635 0.595999 -0.546934
v 3.333000 0.598000 -0.546934
v 3.351366 0.595999 -0.546934
v 3.368426 0.590074 -0.546934
v 3.384125 0.580344 -0.546934
v 3.398408 0.566926 -0.546934
v 3.411218 0.549939 -0.546934
v 3.422500 0.529500 -0.546934
v 3.432199 0.505728 -0.546934
v 3.440260 0.478741 -0.546934
v 3.446625 0.448656 -0.546934
v 3.451241 0.415593 -0.546934
v 3.454051 0.379668 -0.546934
v 4.051000 0.184000 0.000000
v 4.050334 0.201091 0.000000
v 4.048338 0.217815 0.000000
v 4.045016 0.234094 0.000000
v 4.040370 0.249852 0.000000
v 4.034406 0.265013 0.000000
v 4.027125 0.279500 0.000000
v 4.018532 0.293237 0.000000
v 4.008630 0.306148 0.000000
v 3.997422 0.318156 0.000000
v 3.984912 0.329185 0.000000
v 3.971104 0.339159 0.000000
v 3.956000 0.348000 0.000000
v 3.969857 0.357862 0.000000
v 3.982435 0.368394 0.000000
v 3.993750 0.379516 0.000000
v 4.003815 0.391148 0.000000
v 4.012644 0.403211 0.000000
v 4.020250 0.415625 0.000000
v 4.026649 0.428310 0.000000
v 4.031852 0.441185 0.000000
v 4.035875 0.454172 0.000000
v 4.038732 0.467190 0.000000
v 4.040435 0.480159 0.000000
v 4.041000 0.493000 0.000000
v 4.039242 0.520634 0.000000
v 4.034098 0.546903 0.000000
v 4.025766 0.571609 0.000000
v 4.014445 0.594556 0.000000
v 4.000332 0.615543 0.000000
v 3.983625 0.634375 0.000000
v 3.964523 0.650852 0.000000
v 3.943223 0.664778 0.000000
v 3.919922 0.675953 0.000000
v 3.894820 0.684181 0.000000
v 3.868113 0.689262 0.000000
v 3.840000 0.691000 0.000000
v 3.810890 0.689282 0.000000
v 3.783199 0.684259 0.000000
v 3.757141 0.676125 0.000000
v 3.732926 0.665074 0.000000
v 3.710767 0.651301 0.000000
v 3.690875 0.635000 0.000000
v 3.673463 0.616366 0.000000
v 3.658741 0.595593 0.000000
v 3.646922 0.572875 0.000000
v 3.638218 0.548407 0.000000
v 3.632840 0.522384 0.000000
v 3.631000 0.495000 0.000000
v 3.631620 0.480630 0.000000
v 3.633459 0.466542 0.000000
v 3.636485 0.452766 0.000000
v 3.640667 0.439333 0.000000
v 3.645974 0.426276 0.000000
v 3.652375 0.413625 0.000000
v 3.659839 0.401412 0.000000
v 3.668334 0.389667 0.000000
v 3.677828 0.378422 0.000000
v 3.688292 0.367708 0.000000
v 3.699693 0.357557 0.000000
v 3.712000 0.348000 0.000000
v 3.696437 0.338185 0.000000
v 3.682245 0.327731 0.000000
v 3.669422 0.316625 0.000000
v 3.657963 0.304852 0.000000
v 3.647865 0.292398 0.000000
v 3.639125 0.279250 0.000000
v 3.631739 0.265394 0.000000
v 3.625704 0.250815 0.000000
v 3.621016 0.235500 0.000000
v 3.617671 0.219435 0.000000
v 3.615667 0.202606 0.000000
v 3.615000 0.185000 0.000000
v 3.616961 0.158285 0.000000
v 3.622685 0.132782 0.000000
v 3.631938 0.108703 0.000000
v 3.644482 0.086259 0.000000
v 3.660081 0.065663 0.000000
v 3.678500 0.047125 0.000000
v 3.699502 0.030858 0.000000
v 3.722852 0.017074 0.000000
v 3.748313 0.005984 0.000000
v 3.775648 -0.002199 -0.000000
v 3.804623 -0.007264 -0.000000
v 3.835000 -0.009000 -0.000000
v 3.864879 -0.007284 -0.000000
v 3.893361 -0.002273 -0.000000
v 3.920219 0.005828 0.000000
v 3.945222 0.016815 0.000000
v 3.968143 0.030482 0.000000
v 3.988750 0.046625 0.000000
v 4.006816 0.065039 0.000000
v 4.022111 0.085519 0.000000
v 4.034406 0.107859 0.000000
v 4.043472 0.131857 0.000000
v 4.049079 0.157305 0.000000
v 3.943000 0.495000 0.000000
v 3.942022 0.481439 0.000000
v 3.939172 0.468347 0.000000
v 3.934578 0.455859 0.000000
v 3.928371 0.444111 0.000000
v 3.920677 0.433238 0.000000
v 3.911625 0.423375 0.000000
v 3.901345 0.414658 0.000000
v 3.889963 0.407222 0.000000
v 3.877610 0.401203 0.000000
v 3.864412 0.396736 0.000000
v 3.850500 0.393957 0.000000
v 3.836000 0.393000 0.000000
v 3.821711 0.393977 0.000000
v 3.807935 0.396815 0.000000
v 3.794812 0.401375 0.000000
v 3.782481 0.407519 0.000000
v 3.771081 0.415106 0.000000
v 3.760750 0.424000 0.000000
v 3.751627 0.434060 0.000000
v 3.743852 0.445148 0.000000
v 3.737563 0.457125 0.000000
v 3.732898 0.469852 0.000000
v 3.729998 0.483190 0.000000
v 3.729000 0.497000 0.000000
v 3.729903 0.511802 0.000000
v 3.732560 0.525662 0.000000
v 3.736891 0.538516 0.000000
v 3.742815 0.550296 0.000000
v 3.750253 0.560938 0.000000
v 3.759125 0.570375 0.000000
v 3.769351 0.578541 0.000000
v 3.780852 0.585370 0.000000
v 3.793547 0.590797 0.000000
v 3.807357 0.594755 0.000000
v 3.822201 0.597178 0.000000
v 3.838000 0.598000 0.000000
v 3.852880 0.597100 0.000000
v 3.866959 0.594468 0.000000
v 3.880141 0.590203 0.000000
v 3.892334 0.584407 0.000000
v 3.903443 0.577181 0.000000
v 3.913375 0.568625 0.000000
v 3.922037 0.558840 0.000000
v 3.929334 0.547926 0.000000
v 3.935172 0.535984 0.000000
v 3.939459 0.523116 0.000000
v 3.942100 0.509421 0.000000
v 3.953000 0.192000 0.000000
v 3.952148 0.177901 0.000000
v 3.949597 0.164208 0.000000
v 3.945359 0.151078 0.000000
v 3.939445 0.138667 0.000000
v 3.931863 0.127130 0.000000
v 3.922625 0.116625 0.000000
v 3.911742 0.107307 0.000000
v 3.899223 0.099333 0.000000
v 3.885078 0.092859 0.000000
v 3.869320 0.088042 0.000000
v 3.851957 0.085036 0.000000
v 3.833000 0.084000 0.000000
v 3.815934 0.084922 0.000000
v 3.799806 0.087625 0.000000
v 3.784719 0.092016 0.000000
v 3.770778 0.098000 0.000000
v 3.758087 0.105484 0.000000
v 3.746750 0.114375 0.000000
v 3.736871 0.124578 0.000000
v 3.728555 0.136000 0.000000
v 3.721906 0.148547 0.000000
v 3.717028 0.162125 0.000000
v 3.714024 0.176641 0.000000
v 3.713000 0.192000 0.000000
v 3.713988 0.207569 0.000000
v 3.716898 0.222222 0.000000
v 3.721657 0.235875 0.000000
v 3.728185 0.248444 0.000000
v 3.736409 0.259847 0.000000
v 3.746250 0.270000 0.000000
v 3.757633 0.278819 0.000000
v 3.770482 0.286222 0.000000
v 3.784719 0.292125 0.000000
v 3.800268 0.296444 0.000000
v 3.817054 0.299097 0.000000
v 3.835000 0.300000 0.000000
v 3.851817 0.299059 0.000000
v 3.867699 0.296306 0.000000
v 3.882547 0.291844 0.000000
v 3.896260 0.285778 0.000000
v 3.908736 0.278212 0.000000
v 3.919875 0.269250 0.000000
v 3.929577 0.258997 0.000000
v 3.937741 0.247556 0.000000
v 3.944266 0.235031 0.000000
v 3.949051 0.221528 0.000000
v 3.951996 0.207149 0.000000
v 0.285000 0.359000 0.000000
v 0.582000 0.682000 0.000000
v 0.460000 0.682000 0.000000
v 0.173000 0.370000 0.000000
v 0.173000 0.682000 0.000000
v 0.075000 0.682000 0.000000
v 0.075000 0.000000 0.000000
v 0.173000 0.000000 0.000000
v 0.173000 0.337000 0.000000
v 0.520000 0.000000 0.000000
v 0.655000 0.000000 0.000000
v 0.701000 0.341000 0.000000
v 0.703903 0.295251 0.000000
v 0.712477 0.250838 0.000000
v 0.726516 0.208266 0.000000
v 0.745815 0.168037 0.000000
v 0.770170 0.130656 0.000000
v 0.799375 0.096625 0.000000
v 0.833226 0.066448 0.000000
v 0.871519 0.040630 0.000000
v 0.914047 0.019672 0.000000
v 0.960607 0.004079 0.000000
v 1.010993 -0.005646 -0.000000
v 1.065000 -0.009000 -0.000000
v 1.120787 -0.005627 -0.000000
v 1.172542 0.004148 0.000000
v 1.220109 0.019813 0.000000
v 1.263333 0.040852 0.000000
v 1.302057 0.066752 0.000000
v 1.336125 0.097000 0.000000
v 1.365380 0.131081 0.000000
v 1.389667 0.168481 0.000000
v 1.408828 0.208688 0.000000
v 1.422709 0.251185 0.000000
v 1.431151 0.295461 0.000000
v 1.434000 0.341000 0.000000
v 1.431076 0.387800 0.000000
v 1.422440 0.432898 0.000000
v 1.408297 0.475844 0.000000
v 1.388852 0.516185 0.000000
v 1.364310 0.553471 0.000000
v 1.334875 0.587250 0.000000
v 1.300753 0.617071 0.000000
v 1.262148 0.642482 0.000000
v 1.219266 0.663031 0.000000
v 1.172310 0.678269 0.000000
v 1.121487 0.687742 0.000000
v 1.067000 0.691000 0.000000
v 1.013373 0.687723 0.000000
v 0.963153 0.678199 0.000000
v 0.916578 0.662891 0.000000
v 0.873889 0.642259 0.000000
v 0.835325 0.616767 0.000000
v 0.801125 0.586875 0.000000
v 0.771529 0.553046 0.000000
v 0.746778 0.515741 0.000000
v 0.727109 0.475422 0.000000
v 0.712764 0.432551 0.000000
v 0.703981 0.387590 0.000000
v 0.802000 0.341000 0.000000
v 0.804311 0.377626 0.000000
v 0.811074 0.412343 0.000000
v 0.822031 0.444906 0.000000
v 0.836926 0.475074 0.000000
v 0.855501 0.502603 0.000000
v 0.877500 0.527250 0.000000
v 0.902666 0.548772 0.000000
v 0.930741 0.566926 0.000000
v 0.961469 0.581469 0.000000
v 0.994593 0.592157 0.000000
v 1.029855 0.598749 0.000000
v 1.067000 0.601000 0.000000
v 1.104374 0.598749 0.000000
v 1.139829 0.592157 0.000000
v 1.173109 0.581469 0.000000
v 1.203963 0.566926 0.000000
v 1.232136 0.548772 0.000000
v 1.257375 0.527250 0.000000
v 1.279427 0.502603 0.000000
v 1.298037 0.475074 0.000000
v 1.312953 0.444906 0.000000
v 1.323921 0.412343 0.000000
v 1.330688 0.377626 0.000000
v 1.333000 0.341000 0.000000
v 1.330688 0.304584 0.000000
v 1.323921 0.270005 0.000000
v 1.312953 0.237516 0.000000
v 1.298037 0.207370 0.000000
v 1.279427 0.179822 0.000000
v 1.257375 0.155125 0.000000
v 1.232136 0.133532 0.000000
v 1.203963 0.115296 0.000000
v 1.173109 0.100672 0.000000
v 1.139829 0.089912 0.000000
v 1.104374 0.083270 0.000000
v 1.067000 0.081000 0.000000
v 1.029855 0.083270 0.000000
v 0.994593 0.089912 0.000000
v 0.961469 0.100672 0.000000
v 0.930741 0.115296 0.000000
v 0.902666 0.133532 0.000000
v 0.877500 0.155125 0.000000
v 0.855501 0.179822 0.000000
v 0.836926 0.207370 0.000000
v 0.822031 0.237516 0.000000
v 0.811074 0.270005 0.000000
v 0.804311 0.304584 0.000000
v 1.556000 0.682000 0.000000
v 1.556000 0.000000 0.000000
v 1.654000 0.000000 0.000000
v 1.654000 0.296000 0.000000
v 1.695000 0.296000 0.000000
v 1.707346 0.295604 0.000000
v 1.719519 0.294167 0.000000
v 1.731719 0.291313 0.000000
v 1.744148 0.286667 0.000000
v 1.757008 0.279854 0.000000
v 1.770500 0.270500 0.000000
v 1.784825 0.258229 0.000000
v 1.800185 0.242667 0.000000
v 1.816781 0.223437 0.000000
v 1.834815 0.200167 0.000000
v 1.854487 0.172479 0.000000
v 1.876000 0.140000 0.000000
v 1.966000 0.000000 0.000000
v 2.083000 0.000000 0.000000
v 2.071847 0.015411 0.000000
v 2.061793 0.029298 0.000000
v 2.052694 0.041891 0.000000
v 2.044405 0.053420 0.000000
v 2.036783 0.064116 0.000000
v 2.029683 0.074209 0.000000
v 2.022962 0.083929 0.000000
v 2.016476 0.093507 0.000000
v 2.010081 0.103172 0.000000
v 2.003632 0.113156 0.000000
v 1.996987 0.123689 0.000000
v 1.990000 0.135000 0.000000
v 1.977270 0.155792 0.000000
v 1.964991 0.175667 0.000000
v 1.953031 0.194625 0.000000
v 1.941259 0.212667 0.000000
v 1.929543 0.229792 0.000000
v 1.917750 0.246000 0.000000
v 1.905749 0.261292 0.000000
v 1.893407 0.275667 0.000000
v 1.880594 0.289125 0.000000
v 1.867176 0.301667 0.000000
v 1.853022 0.313292 0.000000
v 1.838000 0.324000 0.000000
v 1.855578 0.331869 0.000000
v 1.871792 0.340954 0.000000
v 1.886609 0.351219 0.000000
v 1.900000 0.362630 0.000000
v 1.911932 0.375152 0.000000
v 1.922375 0.388750 0.000000
v 1.931297 0.403390 0.000000
v 1.938667 0.419037 0.000000
v 1.944453 0.435656 0.000000
v 1.948625 0.453213 0.000000
v 1.951151 0.471673 0.000000
v 1.952000 0.491000 0.000000
v 1.950228 0.519546 0.000000
v 1.944991 0.546120 0.000000
v 1.936406 0.570625 0.000000
v 1.924593 0.592963 0.000000
v 1.909668 0.613037 0.000000
v 1.891750 0.630750 0.000000
v 1.870957 0.646005 0.000000
v 1.847407 0.658704 0.000000
v 1.821219 0.668750 0.000000
v 1.792509 0.676046 0.000000
v 1.761397 0.680495 0.000000
v 1.728000 0.682000 0.000000
v 1.654000 0.598000 0.000000
v 1.717000 0.598000 0.000000
v 1.739572 0.597196 0.000000
v 1.759834 0.594815 0.000000
v 1.777858 0.590906 0.000000
v 1.793713 0.585518 0.000000
v 1.807472 0.578700 0.000000
v 1.819204 0.570499 0.000000
v 1.828980 0.560966 0.000000
v 1.836871 0.550147 0.000000
v 1.842948 0.538093 0.000000
v 1.847281 0.524851 0.000000
v 1.849942 0.510471 0.000000
v 1.851000 0.495000 0.000000
v 1.850579 0.480842 0.000000
v 1.848713 0.466986 0.000000
v 1.845250 0.453609 0.000000
v 1.840037 0.440889 0.000000
v 1.832922 0.429002 0.000000
v 1.823750 0.418125 0.000000
v 1.812371 0.408436 0.000000
v 1.798630 0.400111 0.000000
v 1.782375 0.393328 0.000000
v 1.763454 0.388264 0.000000
v 1.741713 0.385095 0.000000
v 1.717000 0.384000 0.000000
v 1.654000 0.384000 0.000000
v 2.553000 0.341000 0.000000
v 2.551192 0.392001 0.000000
v 2.545871 0.439843 0.000000
v 2.537188 0.484281 0.000000
v 2.525296 0.525074 0.000000
v 2.510350 0.561978 0.000000
v 2.492500 0.594750 0.000000
v 2.471901 0.623147 0.000000
v 2.448704 0.646926 0.000000
v 2.423063 0.665844 0.000000
v 2.395130 0.679658 0.000000
v 2.365058 0.688124 0.000000
v 2.333000 0.691000 0.000000
v 2.300942 0.688124 0.000000
v 2.270871 0.679657 0.000000
v 2.242938 0.665844 0.000000
v 2.217297 0.646926 0.000000
v 2.194100 0.623147 0.000000
v 2.173500 0.594750 0.000000
v 2.155651 0.561978 0.000000
v 2.140704 0.525074 0.000000
v 2.128813 0.484281 0.000000
v 2.120130 0.439843 0.000000
v 2.114808 0.392001 0.000000
v 2.113000 0.341000 0.000000
v 2.114808 0.289999 0.000000
v 2.120130 0.242157 0.000000
v 2.128813 0.197719 0.000000
v 2.140704 0.156926 0.000000
v 2.155651 0.120022 0.000000
v 2.173500 0.087250 0.000000
v 2.194100 0.058853 0.000000
v 2.217296 0.035074 0.000000
v 2.242938 0.016156 0.000000
v 2.270870 0.002343 0.000000
v 2.300942 -0.006124 -0.000000
v 2.333000 -0.009000 -0.000000
v 2.365058 -0.006124 -0.000000
v 2.395130 0.002343 0.000000
v 2.423063 0.016156 0.000000
v 2.448704 0.035074 0.000000
v 2.471900 0.058853 0.000000
v 2.492500 0.087250 0.000000
v 2.510350 0.120022 0.000000
v 2.525296 0.156926 0.000000
v 2.537187 0.197719 0.000000
v 2.545870 0.242157 0.000000
v 2.551192 0.289999 0.000000
v 2.455000 0.341000 0.000000
v 2.454051 0.302332 0.000000
v 2.451241 0.266407 0.000000
v 2.446625 0.233344 0.000000
v 2.440259 0.203259 0.000000
v 2.432199 0.176272 0.000000
v 2.422500 0.152500 0.000000
v 2.411217 0.132061 0.000000
v 2.398407 0.115074 0.000000
v 2.384125 0.101656 0.000000
v 2.368426 0.091926 0.000000
v 2.351365 0.086001 0.000000
v 2.333000 0.084000 0.000000
v 2.314635 0.086001 0.000000
v 2.297574 0.091926 0.000000
v 2.281875 0.101656 0.000000
v 2.267593 0.115074 0.000000
v 2.254782 0.132061 0.000000
v 2.243500 0.152500 0.000000
v 2.233801 0.176272 0.000000
v 2.225741 0.203259 0.000000
v 2.219375 0.233344 0.000000
v 2.214759 0.266407 0.000000
v 2.211949 0.302332 0.000000
v 2.211000 0.341000 0.000000
v 2.211949 0.379668 0.000000
v 2.214760 0.415593 0.000000
v 2.219375 0.448656 0.000000
v 2.225741 0.478741 0.000000
v 2.233801 0.505728 0.000000
v 2.243500 0.529500 0.000000
v 2.254783 0.549939 0.000000
v 2.267593 0.566926 0.000000
v 2.281876 0.580344 0.000000
v 2.297575 0.590074 0.000000
v 2.314635 0.595999 0.000000
v 2.333000 0.598000 0.000000
v 2.351366 0.595999 0.000000
v 2.368426 0.590074 0.000000
v 2.384125 0.580344 0.000000
v 2.398408 0.566926 0.000000
v 2.411218 0.549939 0.000000
v 2.422500 0.529500 0.000000
v 2.432199 0.505728 0.000000
v 2.440260 0.478741 0.000000
v 2.446625 0.448656 0.000000
v 2.451241 0.415593 0.000000
v 2.454051 0.379668 0.000000
v 2.664000 0.569000 0.000000
v 2.675449 0.573982 0.000000
v 2.686343 0.578440 0.000000
v 2.696750 0.582391 0.000000
v 2.706741 0.585852 0.000000
v 2.716385 0.588841 0.000000
v 2.725750 0.591375 0.000000
v 2.734908 0.593472 0.000000
v 2.743926 0.595148 0.000000
v 2.752875 0.596422 0.000000
v 2.761824 0.597310 0.000000
v 2.770843 0.597830 0.000000
v 2.780000 0.598000 0.000000
v 2.797447 0.597196 0.000000
v 2.813741 0.594819 0.000000
v 2.828813 0.590922 0.000000
v 2.842593 0.585556 0.000000
v 2.855012 0.578773 0.000000
v 2.866000 0.570625 0.000000
v 2.875489 0.561165 0.000000
v 2.883408 0.550444 0.000000
v 2.889688 0.538516 0.000000
v 2.894260 0.525431 0.000000
v 2.897054 0.511241 0.000000
v 2.898000 0.496000 0.000000
v 2.897063 0.481028 0.000000
v 2.894250 0.467139 0.000000
v 2.889563 0.454375 0.000000
v 2.883000 0.442778 0.000000
v 2.874563 0.432389 0.000000
v 2.864250 0.423250 0.000000
v 2.852063 0.415403 0.000000
v 2.838001 0.408889 0.000000
v 2.822063 0.403750 0.000000
v 2.804250 0.400028 0.000000
v 2.784563 0.397764 0.000000
v 2.763000 0.397000 0.000000
v 2.763000 0.307000 0.000000
v 2.786250 0.307087 0.000000
v 2.807496 0.304944 0.000000
v 2.826735 0.300719 0.000000
v 2.843963 0.294556 0.000000
v 2.859178 0.286601 0.000000
v 2.872375 0.277000 0.000000
v 2.883552 0.265899 0.000000
v 2.892704 0.253444 0.000000
v 2.899828 0.239781 0.000000
v 2.904922 0.225056 0.000000
v 2.907980 0.209413 0.000000
v 2.909000 0.193000 0.000000
v 2.908115 0.176991 0.000000
v 2.905505 0.162009 0.000000
v 2.901235 0.148125 0.000000
v 2.895371 0.135407 0.000000
v 2.887979 0.123926 0.000000
v 2.879125 0.113750 0.000000
v 2.868876 0.104949 0.000000
v 2.857297 0.097593 0.000000
v 2.844454 0.091750 0.000000
v 2.830412 0.087491 0.000000
v 2.815239 0.084884 0.000000
v 2.799000 0.084000 0.000000
v 2.786499 0.084355 0.000000
v 2.773991 0.085421 0.000000
v 2.761469 0.087203 0.000000
v 2.748926 0.089704 0.000000
v 2.736355 0.092927 0.000000
v 2.723750 0.096875 0.000000
v 2.711103 0.101553 0.000000
v 2.698407 0.106963 0.000000
v 2.685656 0.113109 0.000000
v 2.672843 0.119995 0.000000
v 2.659960 0.127624 0.000000
v 2.647000 0.136000 0.000000
v 2.647000 0.030000 0.000000
v 2.659249 0.023981 0.000000
v 2.671491 0.018431 0.000000
v 2.683719 0.013359 0.000000
v 2.695926 0.008778 0.000000
v 2.708105 0.004696 0.000000
v 2.720250 0.001125 0.000000
v 2.732353 -0.001925 -0.000000
v 2.744408 -0.004444 -0.000000
v 2.756407 -0.006422 -0.000000
v 2.768343 -0.007847 -0.000000
v 2.780210 -0.008710 -0.000000
v 2.792000 -0.009000 -0.000000
v 2.822699 -0.007257 -0.000000
v 2.851676 -0.002139 -0.000000
v 2.878750 0.006188 0.000000
v 2.903741 0.017556 0.000000
v 2.926468 0.031799 0.000000
v 2.946750 0.048750 0.000000
v 2.964408 0.068243 0.000000
v 2.979260 0.090111 0.000000
v 2.991126 0.114188 0.000000
v 2.999825 0.140306 0.000000
v 3.005177 0.168299 0.000000
v 3.007000 0.198000 0.000000
v 3.006371 0.215491 0.000000
v 3.004463 0.232847 0.000000
v 3.001250 0.249891 0.000000
v 2.996704 0.266444 0.000000
v 2.990797 0.282332 0.000000
v 2.983500 0.297375 0.000000
v 2.974787 0.311398 0.000000
v 2.964630 0.324222 0.000000
v 2.953000 0.335672 0.000000
v 2.939871 0.345569 0.000000
v 2.925213 0.353738 0.000000
v 2.909000 0.360000 0.000000
v 2.923736 0.368701 0.000000
v 2.936972 0.377861 0.000000
v 2.948750 0.387563 0.000000
v 2.959111 0.397889 0.000000
v 2.968098 0.408924 0.000000
v 2.975750 0.420750 0.000000
v 2.982111 0.433451 0.000000
v 2.987223 0.447111 0.000000
v 2.991125 0.461813 0.000000
v 2.993861 0.477639 0.000000
v 2.995472 0.494674 0.000000
v 2.996000 0.513000 0.000000
v 2.994375 0.539190 0.000000
v 2.989583 0.563685 0.000000
v 2.981750 0.586375 0.000000
v 2.971000 0.607148 0.000000
v 2.957458 0.625894 0.000000
v 2.941250 0.642500 0.000000
v 2.922500 0.656857 0.000000
v 2.901333 0.668852 0.000000
v 2.877875 0.678375 0.000000
v 2.852250 0.685315 0.000000
v 2.824583 0.689560 0.000000
v 2.795000 0.691000 0.000000
v 2.782492 0.690811 0.000000
v 2.770435 0.690241 0.000000
v 2.758781 0.689281 0.000000
v 2.747482 0.687926 0.000000
v 2.736487 0.686168 0.000000
v 2.725750 0.684000 0.000000
v 2.715221 0.681415 0.000000
v 2.704852 0.678407 0.000000
v 2.694594 0.674969 0.000000
v 2.684398 0.671093 0.000000
v 2.674217 0.666772 0.000000
v 2.664000 0.662000 0.000000
v 3.553000 0.341000 0.000000
v 3.551192 0.392001 0.000000
v 3.545871 0.439843 0.000000
v 3.537188 0.484281 0.000000
v 3.525296 0.525074 0.000000
v 3.510350 0.561978 0.000000
v 3.492500 0.594750 0.000000
v 3.471901 0.623147 0.000000
v 3.448704 0.646926 0.000000
v 3.423063 0.665844 0.000000
v 3.395130 0.679658 0.000000
v 3.365058 0.688124 0.000000
v 3.333000 0.691000 0.000000
v 3.300942 0.688124 0.000000
v 3.270871 0.679657 0.000000
v 3.242938 0.665844 0.000000
v 3.217297 0.646926 0.000000
v 3.194100 0.623147 0.000000
v 3.173500 0.594750 0.000000
v 3.155651 0.561978 0.000000
v 3.140704 0.525074 0.000000
v 3.128813 0.484281 0.000000
v 3.120130 0.439843 0.000000
v 3.114808 0.392001 0.000000
v 3.113000 0.341000 0.000000
v 3.114808 0.289999 0.000000
v 3.120130 0.242157 0.000000
v 3.128813 0.197719 0.000000
v 3.140704 0.156926 0.000000
v 3.155651 0.120022 0.000000
v 3.173500 0.087250 0.000000
v 3.194100 0.058853 0.000000
v 3.217296 0.035074 0.000000
v 3.242938 0.016156 0.000000
v 3.270870 0.002343 0.000000
v 3.300942 -0.006124 -0.000000
v 3.333000 -0.009000 -0.000000
v 3.365058 -0.006124 -0.000000
v 3.395130 0.002343 0.000000
v 3.423063 0.016156 0.000000
v 3.448704 0.035074 0.000000
v 3.471900 0.058853 0.000000
v 3.492500 0.087250 0.000000
v 3.510350 0.120022 0.000000
v 3.525296 0.156926 0.000000
v 3.537187 0.197719 0.000000
v 3.545870 0.242157 0.000000
v 3.551192 0.289999 0.000000
v 3.455000 0.341000 0.000000
v 3.454051 0.302332 0.000000
v 3.451241 0.266407 0.000000
v 3.446625 0.233344 0.000000
v 3.440259 0.203259 0.000000
v 3.432199 0.176272 0.000000
v 3.422500 0.152500 0.000000
v 3.411217 0.132061 0.000000
v 3.398407 0.115074 0.000000
v 3.384125 0.101656 0.000000
v 3.368426 0.091926 0.000000
v 3.351365 0.086001 0.000000
v 3.333000 0.084000 0.000000
v 3.314635 0.086001 0.000000
v 3.297574 0.091926 0.000000
v 3.281875 0.101656 0.000000
v 3.267593 0.115074 0.000000
v 3.254782 0.132061 0.000000
v 3.243500 0.152500 0.000000
v 3.233801 0.176272 0.000000
v 3.225741 0.203259 0.000000
v 3.219375 0.233344 0.000000
v 3.214759 0.266407 0.000000
v 3.211949 0.302332 0.000000
v 3.211000 0.341000 0.000000
v 3.211949 0.379668 0.000000
v 3.214760 0.415593 0.000000
v 3.219375 0.448656 0.000000
v 3.225741 0.478741 0.000000
v 3.233801 0.505728 0.000000
v 3.243500 0.529500 0.000000
v 3.254783 0.549939 0.000000
v 3.267593 0.566926 0.000000
v 3.281876 0.580344 0.000000
v 3.297575 0.590074 0.000000
v 3.314635 0.595999 0.000000
v 3.333000 0.598000 0.000000
v 3.351366 0.595999 0.000000
v 3.368426 0.590074 0.000000
v 3.384125 0.580344 0.000000
v 3.398408 0.566926 0.000000
v 3.411218 0.549939 0.000000
v 3.422500 0.529500 0.000000
v 3.432199 0.505728 0.000000
v 3.440260 0.478741 0.000000
v 3.446625 0.448656 0.000000
v 3.451241 0.415593 0.000000
v 3.454051 0.379668 0.000000
v 4.051000 0.184000 -0.546934
v 4.050334 0.201091 -0.546934
v 4.048338 0.217815 -0.546934
v 4.045016 0.234094 -0.546934
v 4.040370 0.249852 -0.546934
v 4.034406 0.265013 -0.546934
v 4.027125 0.279500 -0.546934
v 4.018532 0.293237 -0.546934
v 4.008630 0.306148 -0.546934
v 3.997422 0.318156 -0.546934
v 3.984912 0.329185 -0.546934
v 3.971104 0.339159 -0.546934
v 3.956000 0.348000 -0.546934
v 3.969857 0.357862 -0.546934
v 3.982435 0.368394 -0.546934
v 3.993750 0.379516 -0.546934
v 4.003815 0.391148 -0.546934
v 4.012644 0.403211 -0.546934
v 4.020250 0.415625 -0.546934
v 4.026649 0.428310 -0.546934
v 4.031852 0.441185 -0.546934
v 4.035875 0.454172 -0.546934
v 4.038732 0.467190 -0.546934
v 4.040435 0.480159 -0.546934
v 4.041000 0.493000 -0.546934
v 4.039242 0.520634 -0.546934
v 4.034098 0.546903 -0.546934
v 4.025766 0.571609 -0.546934
v 4.014445 0.594556 -0.546934
v 4.000332 0.615543 -0.546934
v 3.983625 0.634375 -0.546934
v 3.964523 0.650852 -0.546934
v 3.943223 0.664778 -0.546934
v 3.919922 0.675953 -0.546934
v 3.894820 0.684181 -0.546934
v 3.868113 0.689262 -0.546934
v 3.840000 0.691000 -0.546934
v 3.810890 0.689282 -0.546934
v 3.783199 0.684259 -0.546934
v 3.757141 0.676125 -0.546934
v 3.732926 0.665074 -0.546934
v 3.710767 0.651301 -0.546934
v 3.690875 0.635000 -0.546934
v 3.673463 0.616366 -0.546934
v 3.658741 0.595593 -0.546934
v 3.646922 0.572875 -0.546934
v 3.638218 0.548407 -0.546934
v 3.632840 0.522384 -0.546934
v 3.631000 0.495000 -0.546934
v 3.631620 0.480630 -0.546934
v 3.633459 0.466542 -0.546934
v 3.636485 0.452766 -0.546934
v 3.640667 0.439333 -0.546934
v 3.645974 0.426276 -0.546934
v 3.652375 0.413625 -0.546934
v 3.659839 0.401412 -0.546934
v 3.668334 0.389667 -0.546934
v 3.677828 0.378422 -0.546934
v 3.688292 0.367708 -0.546934
v 3.699693 0.357557 -0.546934
v 3.712000 0.348000 -0.546934
v 3.696437 0.338185 -0.546934
v 3.682245 0.327732 -0.546934
v 3.669422 0.316625 -0.546934
v 3.657963 0.304852 -0.546934
v 3.647865 0.292398 -0.546934
v 3.639125 0.279250 -0.546934
v 3.631739 0.265394 -0.546934
v 3.625704 0.250815 -0.546934
v 3.621016 0.235500 -0.546934
v 3.617671 0.219435 -0.546934
v 3.615667 0.202607 -0.546934
v 3.615000 0.185000 -0.546934
v 3.616961 0.158285 -0.546934
v 3.622685 0.132782 -0.546934
v 3.631938 0.108703 -0.546934
v 3.644482 0.086259 -0.546934
v 3.660081 0.065663 -0.546934
v 3.678500 0.047125 -0.546934
v 3.699502 0.030858 -0.546934
v 3.722852 0.017074 -0.546934
v 3.748313 0.005984 -0.546934
v 3.775648 -0.002199 -0.546934
v 3.804623 -0.007264 -0.546934
v 3.835000 -0.009000 -0.546934
v 3.864879 -0.007284 -0.546934
v 3.893361 -0.002273 -0.546934
v 3.920219 0.005828 -0.546934
v 3.945222 0.016815 -0.546934
v 3.968143 0.030482 -0.546934
v 3.988750 0.046625 -0.546934
v 4.006816 0.065039 -0.546934
v 4.022111 0.085519 -0.546934
v 4.034406 0.107859 -0.546934
v 4.043472 0.131857 -0.546934
v 4.049079 0.157305 -0.546934
v 3.943000 0.495000 -0.546934
v 3.942022 0.481439 -0.546934
v 3.939172 0.468347 -0.546934
v 3.934578 0.455859 -0.546934
v 3.928371 0.444111 -0.546934
v 3.920677 0.433238 -0.546934
v 3.911625 0.423375 -0.546934
v 3.901345 0.414658 -0.546934
v 3.889963 0.407222 -0.546934
v 3.877610 0.401203 -0.546934
v 3.864412 0.396736 -0.546934
v 3.850500 0.393957 -0.546934
v 3.836000 0.393000 -0.546934
v 3.821711 0.393977 -0.546934
v 3.807935 0.396815 -0.546934
v 3.794812 0.401375 -0.546934
v 3.782481 0.407519 -0.546934
v 3.771081 0.415107 -0.546934
v 3.760750 0.424000 -0.546934
v 3.751627 0.434060 -0.546934
v 3.743852 0.445148 -0.546934
v 3.737563 0.457125 -0.546934
v 3.732898 0.469852 -0.546934
v 3.729998 0.483190 -0.546934
v 3.729000 0.497000 -0.546934
v 3.729903 0.511802 -0.546934
v 3.732560 0.525662 -0.546934
v 3.736891 0.538516 -0.546934
v 3.742815 0.550296 -0.546934
v 3.750253 0.560938 -0.546934
v 3.759125 0.570375 -0.546934
v 3.769351 0.578541 -0.546934
v 3.780852 0.585370 -0.546934
v 3.793547 0.590797 -0.546934
v 3.807357 0.594755 -0.546934
v 3.822201 0.597178 -0.546934
v 3.838000 0.598000 -0.546934
v 3.852880 0.597100 -0.546934
v 3.866959 0.594468 -0.546934
v 3.880141 0.590203 -0.546934
v 3.892334 0.584407 -0.546934
v 3.903443 0.577181 -0.546934
v 3.913375 0.568625 -0.546934
v 3.922037 0.558840 -0.546934
v 3.929334 0.547926 -0.546934
v 3.935172 0.535984 -0.546934
v 3.939459 0.523116 -0.546934
v 3.942100 0.509421 -0.546934
v 3.953000 0.192000 -0.546934
v 3.952148 0.177901 -0.546934
v 3.949597 0.164208 -0.546934
v 3.945359 0.151078 -0.546934
v 3.939445 0.138667 -0.546934
v 3.931863 0.127130 -0.546934
v 3.922625 0.116625 -0.546934
v 3.911742 0.107307 -0.546934
v 3.899223 0.099333 -0.546934
v 3.885078 0.092859 -0.546934
v 3.869320 0.088042 -0.546934
v 3.851957 0.085036 -0.546934
v 3.833000 0.084000 -0.546934
v 3.815934 0.084922 -0.546934
v 3.799806 0.087625 -0.546934
v 3.784719 0.092016 -0.546934
v 3.770778 0.098000 -0.546934
v 3.758087 0.105484 -0.546934
v 3.746750 0.114375 -0.546934
v 3.736871 0.124578 -0.546934
v 3.728555 0.136000 -0.546934
v 3.721906 0.148547 -0.546934
v 3.717028 0.162125 -0.546934
v 3.714024 0.176641 -0.546934
v 3.713000 0.192000 -0.546934
v 3.713988 0.207569 -0.546934
v 3.716898 0.222222 -0.546934
v 3.721657 0.235875 -0.546934
v 3.728185 0.248444 -0.546934
v 3.736409 0.259847 -0.546934
v 3.746250 0.270000 -0.546934
v 3.757633 0.278819 -0.546934
v 3.770482 0.286222 -0.546934
v 3.784719 0.292125 -0.546934
v 3.800268 0.296444 -0.546934
v 3.817054 0.299097 -0.546934
v 3.835000 0.300000 -0.546934
v 3.851817 0.299059 -0.546934
v 3.867699 0.296306 -0.546934
v 3.882547 0.291844 -0.546934
v 3.896260 0.285778 -0.546934
v 3.908736 0.278212 -0.546934
v 3.919875 0.269250 -0.546934
v 3.929577 0.258997 -0.546934
v 3.937741 0.247556 -0.546934
v 3.944266 0.235031 -0.546934
v 3.949051 0.221528 -0.546934
v 3.951996 0.207149 -0.546934
v 0.285000 0.359000 -0.546934
v 0.582000 0.682000 -0.546934
v 0.460000 0.682000 -0.546934
v 0.173000 0.370000 -0.546934
v 0.173000 0.682000 -0.546934
v 0.075000 0.682000 -0.546934
v 0.075000 0.000000 -0.546934
v 0.173000 0.000000 -0.546934
v 0.173000 0.337000 -0.546934
v 0.520000 0.000000 -0.546934
v 0.655000 0.000000 -0.546934
v 0.701000 0.341000 -0.546934
v 0.703903 0.295251 -0.546934
v 0.712477 0.250838 -0.546934
v 0.726516 0.208266 -0.546934
v 0.745815 0.168037 -0.546934
v 0.770170 0.130656 -0.546934
v 0.799375 0.096625 -0.546934
v 0.833226 0.066449 -0.546934
v 0.871519 0.040630 -0.546934
v 0.914047 0.019672 -0.546934
v 0.960607 0.004079 -0.546934
v 1.010993 -0.005646 -0.546934
v 1.065000 -0.009000 -0.546934
v 1.120787 -0.005627 -0.546934
v 1.172542 0.004148 -0.546934
v 1.220109 0.019813 -0.546934
v 1.263333 0.040852 -0.546934
v 1.302057 0.066752 -0.546934
v 1.336125 0.097000 -0.546934
v 1.365380 0.131081 -0.546934
v 1.389667 0.168482 -0.546934
v 1.408828 0.208688 -0.546934
v 1.422709 0.251185 -0.546934
v 1.431151 0.295461 -0.546934
v 1.434000 0.341000 -0.546934
v 1.431076 0.387800 -0.546934
v 1.422440 0.432898 -0.546934
v 1.408297 0.475844 -0.546934
v 1.388852 0.516185 -0.546934
v 1.364310 0.553471 -0.546934
v 1.334875 0.587250 -0.546934
v 1.300753 0.617071 -0.546934
v 1.262148 0.642482 -0.546934
v 1.219266 0.663031 -0.546934
v 1.172310 0.678269 -0.546934
v 1.121487 0.687742 -0.546934
v 1.067000 0.691000 -0.546934
v 1.013373 0.687723 -0.546934
v 0.963153 0.678199 -0.546934
v 0.916578 0.662891 -0.546934
v 0.873889 0.642259 -0.546934
v 0.835325 0.616767 -0.546934
v 0.801125 0.586875 -0.546934
v 0.771529 0.553046 -0.546934
v 0.746778 0.515741 -0.546934
v 0.727109 0.475422 -0.546934
v 0.712764 0.432551 -0.546934
v 0.703981 0.387590 -0.546934
v 0.802000 0.341000 -0.546934
v 0.804311 0.377626 -0.546934
v 0.811074 0.412343 -0.546934
v 0.822031 0.444906 -0.546934
v 0.836926 0.475074 -0.546934
v 0.855501 0.502603 -0.546934
v 0.877500 0.527250 -0.546934
v 0.902666 0.548772 -0.546934
v 0.930741 0.566926 -0.546934
v 0.961469 0.581469 -0.546934
v 0.994593 0.592157 -0.546934
v 1.029855 0.598749 -0.546934
v 1.067000 0.601000 -0.546934
v 1.104374 0.598749 -0.546934
v 1.139829 0.592157 -0.546934
v 1.173109 0.581469 -0.546934
v 1.203963 0.566926 -0.546934
v 1.232136 0.548772 -0.546934
v 1.257375 0.527250 -0.546934
v 1.279427 0.502603 -0.546934
v 1.298037 0.475074 -0.546934
v 1.312953 0.444906 -0.546934
v 1.323921 0.412343 -0.546934
v 1.330688 0.377626 -0.546934
v 1.333000 0.341000 -0.546934
v 1.330688 0.304584 -0.546934
v 1.323921 0.270005 -0.546934
v 1.312953 0.237516 -0.546934
v 1.298037 0.207370 -0.546934
v 1.279427 0.179822 -0.546934
v 1.257375 0.155125 -0.546934
v 1.232136 0.133532 -0.546934
v 1.203963 0.115296 -0.546934
v 1.173109 0.100672 -0.546934
v 1.139829 0.089912 -0.546934
v 1.104374 0.083270 -0.546934
v 1.067000 0.081000 -0.546934
v 1.029855 0.083270 -0.546934
v 0.994593 0.089912 -0.546934
v 0.961469 0.100672 -0.546934
v 0.930741 0.115296 -0.546934
v 0.902666 0.133532 -0.546934
v 0.877500 0.155125 -0.546934
v 0.855501 0.179822 -0.546934
v 0.836926 0.207370 -0.546934
v 0.822031 0.237516 -0.546934
v 0.811074 0.270005 -0.546934
v 0.804311 0.304584 -0.546934
v 1.556000 0.682000 -0.546934
v 1.556000 0.000000 -0.546934
v 1.654000 0.000000 -0.546934
v 1.654000 0.296000 -0.546934
v 1.695000 0.296000 -0.546934
v 1.707346 0.295604 -0.546934
v 1.719519 0.294167 -0.546934
v 1.731719 0.291313 -0.546934
v 1.744148 0.286667 -0.546934
v 1.757008 0.279854 -0.546934
v 1.770500 0.270500 -0.546934
v 1.784825 0.258229 -0.546934
v 1.800185 0.242667 -0.546934
v 1.816781 0.223438 -0.546934
v 1.834815 0.200167 -0.546934
v 1.854487 0.172479 -0.546934
v 1.876000 0.140000 -0.546934
v 1.966000 0.000000 -0.546934
v 2.083000 0.000000 -0.546934
v 2.071847 0.015411 -0.546934
v 2.061793 0.029298 -0.546934
v 2.052694 0.041891 -0.546934
v 2.044405 0.053420 -0.546934
v 2.036783 0.064116 -0.546934
v 2.029683 0.074209 -0.546934
v 2.022962 0.083929 -0.546934
v 2.016476 0.093507 -0.546934
v 2.010081 0.103172 -0.546934
v 2.003632 0.113156 -0.546934
v 1.996987 0.123689 -0.546934
v 1.990000 0.135000 -0.546934
v 1.977270 0.155792 -0.546934
v 1.964991 0.175667 -0.546934
v 1.953031 0.194625 -0.546934
v 1.941259 0.212667 -0.546934
v 1.929543 0.229792 -0.546934
v 1.917750 0.246000 -0.546934
v 1.905749 0.261292 -0.546934
v 1.893407 0.275667 -0.546934
v 1.880594 0.289125 -0.546934
v 1.867176 0.301667 -0.546934
v 1.853022 0.313292 -0.546934
v 1.838000 0.324000 -0.546934
v 1.855578 0.331869 -0.546934
v 1.871792 0.340954 -0.546934
v 1.886609 0.351219 -0.546934
v 1.900000 0.362630 -0.546934
v 1.911932 0.375152 -0.546934
v 1.922375 0.388750 -0.546934
v 1.931297 0.403390 -0.546934
v 1.938667 0.419037 -0.546934
v 1.944453 0.435656 -0.546934
v 1.948625 0.453213 -0.546934
v 1.951151 0.471673 -0.546934
v 1.952000 0.491000 -0.546934
v 1.950228 0.519546 -0.546934
v 1.944991 0.546120 -0.546934
v 1.936406 0.570625 -0.546934
v 1.924593 0.592963 -0.546934
v 1.909668 0.613037 -0.546934
v 1.891750 0.630750 -0.546934
v 1.870957 0.646005 -0.546934
v 1.847407 0.658704 -0.546934
v 1.821219 0.668750 -0.546934
v 1.792509 0.676046 -0.546934
v 1.761397 0.680495 -0.546934
v 1.728000 0.682000 -0.546934
v 1.654000 0.598000 -0.546934
v 1.717000 0.598000 -0.546934
v 1.739572 0.597196 -0.546934
v 1.759834 0.594815 -0.546934
v 1.777858 0.590906 -0.546934
v 1.793713 0.585518 -0.546934
v 1.807472 0.578700 -0.546934
v 1.819204 0.570499 -0.546934
v 1.828980 0.560966 -0.546934
v 1.836871 0.550147 -0.546934
v 1.842948 0.538093 -0.546934
v 1.847281 0.524851 -0.546934
v 1.849942 0.510471 -0.546934
v 1.851000 0.495000 -0.546934
v 1.850579 0.480842 -0.546934
v 1.848713 0.466986 -0.546934
v 1.845250 0.453609 -0.546934
v 1.840037 0.440889 -0.546934
v 1.832922 0.429002 -0.546934
v 1.823750 0.418125 -0.546934
v 1.812371 0.408436 -0.546934
v 1.798630 0.400111 -0.546934
v 1.782375 0.393328 -0.546934
v 1.763454 0.388264 -0.546934
v 1.741713 0.385096 -0.546934
v 1.717000 0.384000 -0.546934
v 1.654000 0.384000 -0.546934
v 2.553000 0.341000 -0.546934
v 2.551192 0.392001 -0.546934
v 2.545871 0.439843 -0.546934
v 2.537188 0.484281 -0.546934
v 2.525296 0.525074 -0.546934
v 2.510350 0.561978 -0.546934
v 2.492500 0.594750 -0.546934
v 2.471901 0.623147 -0.546934
v 2.448704 0.646926 -0.546934
v 2.423063 0.665844 -0.546934
v 2.395130 0.679658 -0.546934
v 2.365058 0.688124 -0.546934
v 2.333000 0.691000 -0.546934
v 2.300942 0.688124 -0.546934
v 2.270871 0.679657 -0.546934
v 2.242938 0.665844 -0.546934
v 2.217297 0.646926 -0.546934
v 2.194100 0.623147 -0.546934
v 2.173500 0.594750 -0.546934
v 2.155651 0.561978 -0.546934
v 2.140704 0.525074 -0.546934
v 2.128813 0.484281 -0.546934
v 2.120130 0.439843 -0.546934
v 2.114808 0.392001 -0.546934
v 2.113000 0.341000 -0.546934
v 2.114808 0.289999 -0.546934
v 2.120130 0.242157 -0.546934
v 2.128813 0.197719 -0.546934
v 2.140704 0.156926 -0.546934
v 2.155651 0.120022 -0.546934
v 2.173500 0.087250 -0.546934
v 2.194100 0.058853 -0.546934
v 2.217296 0.035074 -0.546934
v 2.242938 0.016156 -0.546934
v 2.270870 0.002343 -0.546934
v 2.300942 -0.006124 -0.546934
v 2.333000 -0.009000 -0.546934
v 2.365058 -0.006124 -0.546934
v 2.395130 0.002343 -0.546934
v 2.423063 0.016156 -0.546934
v 2.448704 0.035074 -0.546934
v 2.471900 0.058853 -0.546934
v 2.492500 0.087250 -0.546934
v 2.510350 0.120022 -0.546934
v 2.525296 0.156926 -0.546934
v 2.537187 0.197719 -0.546934
v 2.545870 0.242157 -0.546934
v 2.551192 0.289999 -0.546934
v 2.455000 0.341000 -0.546934
v 2.454051 0.302332 -0.546934
v 2.451241 0.266407 -0.546934
v 2.446625 0.233344 -0.546934
v 2.440259 0.203259 -0.546934
v 2.432199 0.176272 -0.546934
v 2.422500 0.152500 -0.546934
v 2.411217 0.132061 -0.546934
v 2.398407 0.115074 -0.546934
v 2.384125 0.101656 -0.546934
v 2.368426 0.091926 -0.546934
v 2.351365 0.086001 -0.546934
v 2.333000 0.084000 -0.546934
v 2.314635 0.086001 -0.546934
v 2.297574 0.091926 -0.546934
v 2.281875 0.101656 -0.546934
v 2.267593 0.115074 -0.546934
v 2.254782 0.132061 -0.546934
v 2.243500 0.152500 -0.546934
v 2.233801 0.176272 -0.546934
v 2.225741 0.203259 -0.546934
v 2.219375 0.233344 -0.546934
v 2.214759 0.266407 -0.546934
v 2.211949 0.302332 -0.546934
v 2.211000 0.341000 -0.546934
v 2.211949 0.379668 -0.546934
v 2.214760 0.415593 -0.546934
v 2.219375 0.448656 -0.546934
v 2.225741 0.478741 -0.546934
v 2.233801 0.505728 -0.546934
v 2.243500 0.529500 -0.546934
v 2.254783 0.549939 -0.546934
v 2.267593 0.566926 -0.546934
v 2.281876 0.580344 -0.546934
v 2.297575 0.590074 -0.546934
v 2.314635 0.595999 -0.546934
v 2.333000 0.598000 -0.546934
v 2.351366 0.595999 -0.546934
v 2.368426 0.590074 -0.546934
v 2.384125 0.580344 -0.546934
v 2.398408 0.566926 -0.546934
v 2.411218 0.549939 -0.546934
v 2.422500 0.529500 -0.546934
v 2.432199 0.505728 -0.546934
v 2.440260 0.478741 -0.546934
v 2.446625 0.448656 -0.546934
v 2.451241 0.415593 -0.546934
v 2.454051 0.379668 -0.546934
v 2.664000 0.569000 -0.546934
v 2.675449 0.573982 -0.546934
v 2.686343 0.578440 -0.546934
v 2.696750 0.582391 -0.546934
v 2.706741 0.585852 -0.546934
v 2.716385 0.588841 -0.546934
v 2.725750 0.591375 -0.546934
v 2.734908 0.593472 -0.546934
v 2.743926 0.595148 -0.546934
v 2.752875 0.596422 -0.546934
v 2.761824 0.597310 -0.546934
v 2.770843 0.597830 -0.546934
v 2.780000 0.598000 -0.546934
v 2.797447 0.597196 -0.546934
v 2.813741 0.594819 -0.546934
v 2.828813 0.590922 -0.546934
v 2.842593 0.585556 -0.546934
v 2.855012 0.578773 -0.546934
v 2.866000 0.570625 -0.546934
v 2.875489 0.561165 -0.546934
v 2.883408 0.550444 -0.546934
v 2.889688 0.538516 -0.546934
v 2.894260 0.525431 -0.546934
v 2.897054 0.511241 -0.546934
v 2.898000 0.496000 -0.546934
v 2.897063 0.481028 -0.546934
v 2.894250 0.467139 -0.546934
v 2.889563 0.454375 -0.546934
v 2.883000 0.442778 -0.546934
v 2.874563 0.432389 -0.546934
v 2.864250 0.423250 -0.546934
v 2.852063 0.415403 -0.546934
v 2.838001 0.408889 -0.546934
v 2.822063 0.403750 -0.546934
v 2.804250 0.400028 -0.546934
v 2.784563 0.397764 -0.546934
v 2.763000 0.397000 -0.546934
v 2.763000 0.307000 -0.546934
v 2.786250 0.307087 -0.546934
v 2.807496 0.304944 -0.546934
v 2.826735 0.300719 -0.546934
v 2.843963 0.294556 -0.546934
v 2.859178 0.286601 -0.546934
v 2.872375 0.277000 -0.546934
v 2.883552 0.265899 -0.546934
v 2.892704 0.253444 -0.546934
v 2.899828 0.239781 -0.546934
v 2.904922 0.225056 -0.546934
v 2.907980 0.209413 -0.546934
v 2.909000 0.193000 -0.546934
v 2.908115 0.176991 -0.546934
v 2.905505 0.162009 -0.546934
v 2.901235 0.148125 -0.546934
v 2.895371 0.135407 -0.546934
v 2.887979 0.123926 -0.546934
v 2.879125 0.113750 -0.546934
v 2.868876 0.104949 -0.546934
v 2.857297 0.097593 -0.546934
v 2.844454 0.091750 -0.546934
v 2.830412 0.087491 -0.546934
v 2.815239 0.084884 -0.546934
v 2.799000 0.084000 -0.546934
v 2.786499 0.084355 -0.546934
v 2.773991 0.085421 -0.546934
v 2.761469 0.087203 -0.546934
v 2.748926 0.089704 -0.546934
v 2.736355 0.092927 -0.546934
v 2.723750 0.096875 -0.546934
v 2.711103 0.101553 -0.546934
v 2.698407 0.106963 -0.546934
v 2.685656 0.113109 -0.546934
v 2.672843 0.119995 -0.546934
v 2.659960 0.127624 -0.546934
v 2.647000 0.136000 -0.546934
v 2.647000 0.030000 -0.546934
v 2.659249 0.023981 -0.546934
v 2.671491 0.018431 -0.546934
v 2.683719 0.013359 -0.546934
v 2.695926 0.008778 -0.546934
v 2.708105 0.004696 -0.546934
v 2.720250 0.001125 -0.546934
v 2.732353 -0.001925 -0.546934
v 2.744408 -0.004444 -0.546934
v 2.756407 -0.006422 -0.546934
v 2.768343 -0.007847 -0.546934
v 2.780210 -0.008710 -0.546934
v 2.792000 -0.009000 -0.546934
v 2.822699 -0.007257 -0.546934
v 2.851676 -0.002139 -0.546934
v 2.878750 0.006188 -0.546934
v 2.903741 0.017556 -0.546934
v 2.926468 0.031799 -0.546934
v 2.946750 0.048750 -0.546934
v 2.964408 0.068243 -0.546934
v 2.979260 0.090111 -0.546934
v 2.991126 0.114188 -0.546934
v 2.999825 0.140306 -0.546934
v 3.005177 0.168299 -0.546934
v 3.007000 0.198000 -0.546934
v 3.006371 0.215491 -0.546934
v 3.004463 0.232847 -0.546934
v 3.001250 0.249891 -0.546934
v 2.996704 0.266444 -0.546934
v 2.990797 0.282332 -0.546934
v 2.983500 0.297375 -0.546934
v 2.974787 0.311398 -0.546934
v 2.964630 0.324222 -0.546934
v 2.953000 0.335672 -0.546934
v 2.939871 0.345569 -0.546934
v 2.925213 0.353738 -0.546934
v 2.909000 0.360000 -0.546934
v 2.923736 0.368701 -0.546934
v 2.936972 0.377861 -0.546934
v 2.948750 0.387563 -0.546934
v 2.959111 0.397889 -0.546934
v 2.968098 0.408924 -0.546934
v 2.975750 0.420750 -0.546934
v 2.982111 0.433451 -0.546934
v 2.987223 0.447111 -0.546934
v 2.991125 0.461813 -0.546934
v 2.993861 0.477639 -0.546934
v 2.995472 0.494674 -0.546934
v 2.996000 0.513000 -0.546934
v 2.994375 0.539190 -0.546934
v 2.989583 0.563685 -0.546934
v 2.981750 0.586375 -0.546934
v 2.971000 0.607148 -0.546934
v 2.957458 0.625894 -0.546934
v 2.941250 0.642500 -0.546934
v 2.922500 0.656857 -0.546934
v 2.901333 0.668852 -0.546934
v 2.877875 0.678375 -0.546934
v 2.852250 0.685315 -0.546934
v 2.824583 0.689560 -0.546934
v 2.795000 0.691000 -0.546934
v 2.782492 0.690811 -0.546934
v 2.770435 0.690241 -0.546934
v 2.758781 0.689281 -0.546934
v 2.747482 0.687926 -0.546934
v 2.736487 0.686168 -0.546934
v 2.725750 0.684000 -0.546934
v 2.715221 0.681415 -0.546934
v 2.704852 0.678407 -0.546934
v 2.694594 0.674969 -0.546934
v 2.684398 0.671093 -0.546934
v 2.674217 0.666772 -0.546934
v 2.664000 0.662000 -0.546934
v 3.553000 0.341000 -0.546934
v 3.551192 0.392001 -0.546934
v 3.545871 0.439843 -0.546934
v 3.537188 0.484281 -0.546934
v 3.525296 0.525074 -0.546934
v 3.510350 0.561978 -0.546934
v 3.492500 0.594750 -0.546934
v 3.471901 0.623147 -0.546934
v 3.448704 0.646926 -0.546934
v 3.423063 0.665844 -0.546934
v 3.395130 0.679658 -0.546934
v 3.365058 0.688124 -0.546934
v 3.333000 0.691000 -0.546934
v 3.300942 0.688124 -0.546934
v 3.270871 0.679657 -0.546934
v 3.242938 0.665844 -0.546934
v 3.217297 0.646926 -0.546934
v 3.194100 0.623147 -0.546934
v 3.173500 0.594750 -0.546934
v 3.155651 0.561978 -0.546934
v 3.140704 0.525074 -0.546934
v 3.128813 0.484281 -0.546934
v 3.120130 0.439843 -0.546934
v 3.114808 0.392001 -0.546934
v 3.113000 0.341000 -0.546934
v 3.114808 0.289999 -0.546934
v 3.120130 0.242157 -0.546934
v 3.128813 0.197719 -0.546934
v 3.140704 0.156926 -0.546934
v 3.155651 0.120022 -0.546934
v 3.173500 0.087250 -0.546934
v 3.194100 0.058853 -0.546934
v 3.217296 0.035074 -0.546934
v 3.242938 0.016156 -0.546934
v 3.270870 0.002343 -0.546934
v 3.300942 -0.006124 -0.546934
v 3.333000 -0.009000 -0.546934
v 3.365058 -0.006124 -0.546934
v 3.395130 0.002343 -0.546934
v 3.423063 0.016156 -0.546934
v 3.448704 0.035074 -0.546934
v 3.471900 0.058853 -0.546934
v 3.492500 0.087250 -0.546934
v 3.510350 0.120022 -0.546934
v 3.525296 0.156926 -0.546934
v 3.537187 0.197719 -0.546934
v 3.545870 0.242157 -0.546934
v 3.551192 0.289999 -0.546934
v 3.455000 0.341000 -0.546934
v 3.454051 0.302332 -0.546934
v 3.451241 0.266407 -0.546934
v 3.446625 0.233344 -0.546934
v 3.440259 0.203259 -0.546934
v 3.432199 0.176272 -0.546934
v 3.422500 0.152500 -0.546934
v 3.411217 0.132061 -0.546934
v 3.398407 0.115074 -0.546934
v 3.384125 0.101656 -0.546934
v 3.368426 0.091926 -0.546934
v 3.351365 0.086001 -0.546934
v 3.333000 0.084000 -0.546934
v 3.314635 0.086001 -0.546934
v 3.297574 0.091926 -0.546934
v 3.281875 0.101656 -0.546934
v 3.267593 0.115074 -0.546934
v 3.254782 0.132061 -0.546934
v 3.243500 0.152500 -0.546934
v 3.233801 0.176272 -0.546934
v 3.225741 0.203259 -0.546934
v 3.219375 0.233344 -0.546934
v 3.214759 0.266407 -0.546934
v 3.211949 0.302332 -0.546934
v 3.211000 0.341000 -0.546934
v 3.211949 0.379668 -0.546934
v 3.214760 0.415593 -0.546934
v 3.219375 0.448656 -0.546934
v 3.225741 0.478741 -0.546934
v 3.233801 0.505728 -0.546934
v 3.243500 0.529500 -0.546934
v 3.254783 0.549939 -0.546934
v 3.267593 0.566926 -0.546934
v 3.281876 0.580344 -0.546934
v 3.297575 0.590074 -0.546934
v 3.314635 0.595999 -0.546934
v 3.333000 0.598000 -0.546934
v 3.351366 0.595999 -0.546934
v 3.368426 0.590074 -0.546934
v 3.384125 0.580344 -0.546934
v 3.398408 0.566926 -0.546934
v 3.411218 0.549939 -0.546934
v 3.422500 0.529500 -0.546934
v 3.432199 0.505728 -0.546934
v 3.440260 0.478741 -0.546934
v 3.446625 0.448656 -0.546934
v 3.451241 0.415593 -0.546934
v 3.454051 0.379668 -0.546934
v 4.051000 0.184000 0.000000
v 4.050334 0.201091 0.000000
v 4.048338 0.217815 0.000000
v 4.045016 0.234094 0.000000
v 4.040370 0.249852 0.000000
v 4.034406 0.265013 0.000000
v 4.027125 0.279500 0.000000
v 4.018532 0.293237 0.000000
v 4.008630 0.306148 0.000000
v 3.997422 0.318156 0.000000
v 3.984912 0.329185 0.000000
v 3.971104 0.339159 0.000000
v 3.956000 0.348000 0.000000
v 3.969857 0.357862 0.000000
v 3.982435 0.368394 0.000000
v 3.993750 0.379516 0.000000
v 4.003815 0.391148 0.000000
v 4.012644 0.403211 0.000000
v 4.020250 0.415625 0.000000
v 4.026649 0.428310 0.000000
v 4.031852 0.441185 0.000000
v 4.035875 0.454172 0.000000
v 4.038732 0.467190 0.000000
v 4.040435 0.480159 0.000000
v 4.041000 0.493000 0.000000
v 4.039242 0.520634 0.000000
v 4.034098 0.546903 0.000000
v 4.025766 0.571609 0.000000
v 4.014445 0.594556 0.000000
v 4.000332 0.615543 0.000000
v 3.983625 0.634375 0.000000
v 3.964523 0.650852 0.000000
v 3.943223 0.664778 0.000000
v 3.919922 0.675953 0.000000
v 3.894820 0.684181 0.000000
v 3.868113 0.689262 0.000000
v 3.840000 0.691000 0.000000
v 3.810890 0.689282 0.000000
v 3.783199 0.684259 0.000000
v 3.757141 0.676125 0.000000
v 3.732926 0.665074 0.000000
v 3.710767 0.651301 0.000000
v 3.690875 0.635000 0.000000
v 3.673463 0.616366 0.000000
v 3.658741 0.595593 0.000000
v 3.646922 0.572875 0.000000
v 3.638218 0.548407 0.000000
v 3.632840 0.522384 0.000000
v 3.631000 0.495000 0.000000
v 3.631620 0.480630 0.000000
v 3.633459 0.466542 0.000000
v 3.636485 0.452766 0.000000
v 3.640667 0.439333 0.000000
v 3.645974 0.426276 0.000000
v 3.652375 0.413625 0.000000
v 3.659839 0.401412 0.000000
v 3.668334 0.389667 0.000000
v 3.677828 0.378422 0.000000
v 3.688292 0.367708 0.000000
v 3.699693 0.357557 0.000000
v 3.712000 0.348000 0.000000
v 3.696437 0.338185 0.000000
v 3.682245 0.327731 0.000000
v 3.669422 0.316625 0.000000
v 3.657963 0.304852 0.000000
v 3.647865 0.292398 0.000000
v 3.639125 0.279250 0.000000
v 3.631739 0.265394 0.000000
v 3.625704 0.250815 0.000000
v 3.621016 0.235500 0.000000
v 3.617671 0.219435 0.000000
v 3.615667 0.202606 0.000000
v 3.615000 0.185000 0.000000
v 3.616961 0.158285 0.000000
v 3.622685 0.132782 0.000000
v 3.631938 0.108703 0.000000
v 3.644482 0.086259 0.000000
v 3.660081 0.065663 0.000000
v 3.678500 0.047125 0.000000
v 3.699502 0.030858 0.000000
v 3.722852 0.017074 0.000000
v 3.748313 0.005984 0.000000
v 3.775648 -0.002199 -0.000000
v 3.804623 -0.007264 -0.000000
v 3.835000 -0.009000 -0.000000
v 3.864879 -0.007284 -0.000000
v 3.893361 -0.002273 -0.000000
v 3.920219 0.005828 0.000000
v 3.945222 0.016815 0.000000
v 3.968143 0.030482 0.000000
v 3.988750 0.046625 0.000000
v 4.006816 0.065039 0.000000
v 4.022111 0.085519 0.000000
v 4.034406 0.107859 0.000000
v 4.043472 0.131857 0.000000
v 4.049079 0.157305 0.000000
v 3.943000 0.495000 0.000000
v 3.942022 0.481439 0.000000
v 3.939172 0.468347 0.000000
v 3.934578 0.455859 0.000000
v 3.928371 0.444111 0.000000
v 3.920677 0.433238 0.000000
v 3.911625 0.423375 0.000000
v 3.901345 0.414658 0.000000
v 3.889963 0.407222 0.000000
v 3.877610 0.401203 0.000000
v 3.864412 0.396736 0.000000
v 3.850500 0.393957 0.000000
v 3.836000 0.393000 0.000000
v 3.821711 0.393977 0.000000
v 3.807935 0.396815 0.000000
v 3.794812 0.401375 0.000000
v 3.782481 0.407519 0.000000
v 3.771081 0.415106 0.000000
v 3.760750 0.424000 0.000000
v 3.751627 0.434060 0.000000
v 3.743852 0.445148 0.000000
v 3.737563 0.457125 0.000000
v 3.732898 0.469852 0.000000
v 3.729998 0.483190 0.000000
v 3.729000 0.497000 0.000000
v 3.729903 0.511802 0.000000
v 3.732560 0.525662 0.000000
v 3.736891 0.538516 0.000000
v 3.742815 0.550296 0.000000
v 3.750253 0.560938 0.000000
v 3.759125 0.570375 0.000000
v 3.769351 0.578541 0.000000
v 3.780852 0.585370 0.000000
v 3.793547 0.590797 0.000000
v 3.807357 0.594755 0.000000
v 3.822201 0.597178 0.000000
v 3.838000 0.598000 0.000000
v 3.852880 0.597100 0.000000
v 3.866959 0.594468 0.000000
v 3.880141 0.590203 0.000000
v 3.892334 0.584407 0.000000
v 3.903443 0.577181 0.000000
v 3.913375 0.568625 0.000000
v 3.922037 0.558840 0.000000
v 3.929334 0.547926 0.000000
v 3.935172 0.535984 0.000000
v 3.939459 0.523116 0.000000
v 3.942100 0.509421 0.000000
v 3.953000 0.192000 0.000000
v 3.952148 0.177901 0.000000
v 3.949597 0.164208 0.000000
v 3.945359 0.151078 0.000000
v 3.939445 0.138667 0.000000
v 3.931863 0.127130 0.000000
v 3.922625 0.116625 0.000000
v 3.911742 0.107307 0.000000
v 3.899223 0.099333 0.000000
v 3.885078 0.092859 0.000000
v 3.869320 0.088042 0.000000
v 3.851957 0.085036 0.000000
v 3.833000 0.084000 0.000000
v 3.815934 0.084922 0.000000
v 3.799806 0.087625 0.000000
v 3.784719 0.092016 0.000000
v 3.770778 0.098000 0.000000
v 3.758087 0.105484 0.000000
v 3.746750 0.114375 0.000000
v 3.736871 0.124578 0.000000
v 3.728555 0.136000 0.000000
v 3.721906 0.148547 0.000000
v 3.717028 0.162125 0.000000
v 3.714024 0.176641 0.000000
v 3.713000 0.192000 0.000000
v 3.713988 0.207569 0.000000
v 3.716898 0.222222 0.000000
v 3.721657 0.235875 0.000000
v 3.728185 0.248444 0.000000
v 3.736409 0.259847 0.000000
v 3.746250 0.270000 0.000000
v 3.757633 0.278819 0.000000
v 3.770482 0.286222 0.000000
v 3.784719 0.292125 0.000000
v 3.800268 0.296444 0.000000
v 3.817054 0.299097 0.000000
v 3.835000 0.300000 0.000000
v 3.851817 0.299059 0.000000
v 3.867699 0.296306 0.000000
v 3.882547 0.291844 0.000000
v 3.896260 0.285778 0.000000
v 3.908736 0.278212 0.000000
v 3.919875 0.269250 0.000000
v 3.929577 0.258997 0.000000
v 3.937741 0.247556 0.000000
v 3.944266 0.235031 0.000000
v 3.949051 0.221528 0.000000
v 3.951996 0.207149 0.000000
v 0.285000 0.359000 0.000000
v 0.582000 0.682000 0.000000
v 0.460000 0.682000 0.000000
v 0.173000 0.370000 0.000000
v 0.173000 0.682000 0.000000
v 0.075000 0.682000 0.000000
v 0.075000 0.000000 0.000000
v 0.173000 0.000000 0.000000
v 0.173000 0.337000 0.000000
v 0.520000 0.000000 0.000000
v 0.655000 0.000000 0.000000
v 0.701000 0.341000 0.000000
v 0.703903 0.295251 0.000000
v 0.712477 0.250838 0.000000
v 0.726516 0.208266 0.000000
v 0.745815 0.168037 0.000000
v 0.770170 0.130656 0.000000
v 0.799375 0.096625 0.000000
v 0.833226 0.066448 0.000000
v 0.871519 0.040630 0.000000
v 0.914047 0.019672 0.000000
v 0.960607 0.004079 0.000000
v 1.010993 -0.005646 -0.000000
v 1.065000 -0.009000 -0.000000
v 1.120787 -0.005627 -0.000000
v 1.172542 0.004148 0.000000
v 1.220109 0.019813 0.000000
v 1.263333 0.040852 0.000000
v 1.302057 0.066752 0.000000
v 1.336125 0.097000 0.000000
v 1.365380 0.131081 0.000000
v 1.389667 0.168481 0.000000
v 1.408828 0.208688 0.000000
v 1.422709 0.251185 0.000000
v 1.431151 0.295461 0.000000
v 1.434000 0.341000 0.000000
v 1.431076 0.387800 0.000000
v 1.422440 0.432898 0.000000
v 1.408297 0.475844 0.000000
v 1.388852 0.516185 0.000000
v 1.364310 0.553471 0.000000
v 1.334875 0.587250 0.000000
v 1.300753 0.617071 0.000000
v 1.262148 0.642482 0.000000
v 1.219266 0.663031 0.000000
v 1.172310 0.678269 0.000000
v 1.121487 0.687742 0.000000
v 1.067000 0.691000 0.000000
v 1.013373 0.687723 0.000000
v 0.963153 0.678199 0.000000
v 0.916578 0.662891 0.000000
v 0.873889 0.642259 0.000000
v 0.835325 0.616767 0.000000
v 0.801125 0.586875 0.000000
v 0.771529 0.553046 0.000000
v 0.746778 0.515741 0.000000
v 0.727109 0.475422 0.000000
v 0.712764 0.432551 0.000000
v 0.703981 0.387590 0.000000
v 0.802000 0.341000 0.000000
v 0.804311 0.377626 0.000000
v 0.811074 0.412343 0.000000
v 0.822031 0.444906 0.000000
v 0.836926 0.475074 0.000000
v 0.855501 0.502603 0.000000
v 0.877500 0.527250 0.000000
v 0.902666 0.548772 0.000000
v 0.930741 0.566926 0.000000
v 0.961469 0.581469 0.000000
v 0.994593 0.592157 0.000000
v 1.029855 0.598749 0.000000
v 1.067000 0.601000 0.000000
v 1.104374 0.598749 0.000000
v 1.139829 0.592157 0.000000
v 1.173109 0.581469 0.000000
v 1.203963 0.566926 0.000000
v 1.232136 0.548772 0.000000
v 1.257375 0.527250 0.000000
v 1.279427 0.502603 0.000000
v 1.298037 0.475074 0.000000
v 1.312953 0.444906 0.000000
v 1.323921 0.412343 0.000000
v 1.330688 0.377626 0.000000
v 1.333000 0.341000 0.000000
v 1.330688 0.304584 0.000000
v 1.323921 0.270005 0.000000
v 1.312953 0.237516 0.000000
v 1.298037 0.207370 0.000000
v 1.279427 0.179822 0.000000
v 1.257375 0.155125 0.000000
v 1.232136 0.133532 0.000000
v 1.203963 0.115296 0.000000
v 1.173109 0.100672 0.000000
v 1.139829 0.089912 0.000000
v 1.104374 0.083270 0.000000
v 1.067000 0.081000 0.000000
v 1.029855 0.083270 0.000000
v 0.994593 0.089912 0.000000
v 0.961469 0.100672 0.000000
v 0.930741 0.115296 0.000000
v 0.902666 0.133532 0.000000
v 0.877500 0.155125 0.000000
v 0.855501 0.179822 0.000000
v 0.836926 0.207370 0.000000
v 0.822031 0.237516 0.000000
v 0.811074 0.270005 0.000000
v 0.804311 0.304584 0.000000
v 1.556000 0.682000 0.000000
v 1.556000 0.000000 0.000000
v 1.654000 0.000000 0.000000
v 1.654000 0.296000 0.000000
v 1.695000 0.296000 0.000000
v 1.707346 0.295604 0.000000
v 1.719519 0.294167 0.000000
v 1.731719 0.291313 0.000000
v 1.744148 0.286667 0.000000
v 1.757008 0.279854 0.000000
v 1.770500 0.270500 0.000000
v 1.784825 0.258229 0.000000
v 1.800185 0.242667 0.000000
v 1.816781 0.223437 0.000000
v 1.834815 0.200167 0.000000
v 1.854487 0.172479 0.000000
v 1.876000 0.140000 0.000000
v 1.966000 0.000000 0.000000
v 2.083000 0.000000 0.000000
v 2.071847 0.015411 0.000000
v 2.061793 0.029298 0.000000
v 2.052694 0.041891 0.000000
v 2.044405 0.053420 0.000000
v 2.036783 0.064116 0.000000
v 2.029683 0.074209 0.000000
v 2.022962 0.083929 0.000000
v 2.016476 0.093507 0.000000
v 2.010081 0.103172 0.000000
v 2.003632 0.113156 0.000000
v 1.996987 0.123689 0.000000
v 1.990000 0.135000 0.000000
v 1.977270 0.155792 0.000000
v 1.964991 0.175667 0.000000
v 1.953031 0.194625 0.000000
v 1.941259 0.212667 0.000000
v 1.929543 0.229792 0.000000
v 1.917750 0.246000 0.000000
v 1.905749 0.261292 0.000000
v 1.893407 0.275667 0.000000
v 1.880594 0.289125 0.000000
v 1.867176 0.301667 0.000000
v 1.853022 0.313292 0.000000
v 1.838000 0.324000 0.000000
v 1.855578 0.331869 0.000000
v 1.871792 0.340954 0.000000
v 1.886609 0.351219 0.000000
v 1.900000 0.362630 0.000000
v 1.911932 0.375152 0.000000
v 1.922375 0.388750 0.000000
v 1.931297 0.403390 0.000000
v 1.938667 0.419037 0.000000
v 1.944453 0.435656 0.000000
v 1.948625 0.453213 0.000000
v 1.951151 0.471673 0.000000
v 1.952000 0.491000 0.000000
v 1.950228 0.519546 0.000000
v 1.944991 0.546120 0.000000
v 1.936406 0.570625 0.000000
v 1.924593 0.592963 0.000000
v 1.909668 0.613037 0.000000
v 1.891750 0.630750 0.000000
v 1.870957 0.646005 0.000000
v 1.847407 0.658704 0.000000
v 1.821219 0.668750 0.000000
v 1.792509 0.676046 0.000000
v 1.761397 0.680495 0.000000
v 1.728000 0.682000 0.000000
v 1.654000 0.598000 0.000000
v 1.717000 0.598000 0.000000
v 1.739572 0.597196 0.000000
v 1.759834 0.594815 0.000000
v 1.777858 0.590906 0.000000
v 1.793713 0.585518 0.000000
v 1.807472 0.578700 0.000000
v 1.819204 0.570499 0.000000
v 1.828980 0.560966 0.000000
v 1.836871 0.550147 0.000000
v 1.842948 0.538093 0.000000
v 1.847281 0.524851 0.000000
v 1.849942 0.510471 0.000000
v 1.851000 0.495000 0.000000
v 1.850579 0.480842 0.000000
v 1.848713 0.466986 0.000000
v 1.845250 0.453609 0.000000
v 1.840037 0.440889 0.000000
v 1.832922 0.429002 0.000000
v 1.823750 0.418125 0.000000
v 1.812371 0.408436 0.000000
v 1.798630 0.400111 0.000000
v 1.782375 0.393328 0.000000
v 1.763454 0.388264 0.000000
v 1.741713 0.385095 0.000000
v 1.717000 0.384000 0.000000
v 1.654000 0.384000 0.000000
v 2.553000 0.341000 0.000000
v 2.551192 0.392001 0.000000
v 2.545871 0.439843 0.000000
v 2.537188 0.484281 0.000000
v 2.525296 0.525074 0.000000
v 2.510350 0.561978 0.000000
v 2.492500 0.594750 0.000000
v 2.471901 0.623147 0.000000
v 2.448704 0.646926 0.000000
v 2.423063 0.665844 0.000000
v 2.395130 0.679658 0.000000
v 2.365058 0.688124 0.000000
v 2.333000 0.691000 0.000000
v 2.300942 0.688124 0.000000
v 2.270871 0.679657 0.000000
v 2.242938 0.665844 0.000000
v 2.217297 0.646926 0.000000
v 2.194100 0.623147 0.000000
v 2.173500 0.594750 0.000000
v 2.155651 0.561978 0.000000
v 2.140704 0.525074 0.000000
v 2.128813 0.484281 0.000000
v 2.120130 0.439843 0.000000
v 2.114808 0.392001 0.000000
v 2.113000 0.341000 0.000000
v 2.114808 0.289999 0.000000
v 2.120130 0.242157 0.000000
v 2.128813 0.197719 0.000000
v 2.140704 0.156926 0.000000
v 2.155651 0.120022 0.000000
v 2.173500 0.087250 0.000000
v 2.194100 0.058853 0.000000
v 2.217296 0.035074 0.000000
v 2.242938 0.016156 0.000000
v 2.270870 0.002343 0.000000
v 2.300942 -0.006124 -0.000000
v 2.333000 -0.009000 -0.000000
v 2.365058 -0.006124 -0.000000
v 2.395130 0.002343 0.000000
v 2.423063 0.016156 0.000000
v 2.448704 0.035074 0.000000
v 2.471900 0.058853 0.000000
v 2.492500 0.087250 0.000000
v 2.510350 0.120022 0.000000
v 2.525296 0.156926 0.000000
v 2.537187 0.197719 0.000000
v 2.545870 0.242157 0.000000
v 2.551192 0.289999 0.000000
v 2.455000 0.341000 0.000000
v 2.454051 0.302332 0.000000
v 2.451241 0.266407 0.000000
v 2.446625 0.233344 0.000000
v 2.440259 0.203259 0.000000
v 2.432199 0.176272 0.000000
v 2.422500 0.152500 0.000000
v 2.411217 0.132061 0.000000
v 2.398407 0.115074 0.000000
v 2.384125 0.101656 0.000000
v 2.368426 0.091926 0.000000
v 2.351365 0.086001 0.000000
v 2.333000 0.084000 0.000000
v 2.314635 0.086001 0.000000
v 2.297574 0.091926 0.000000
v 2.281875 0.101656 0.000000
v 2.267593 0.115074 0.000000
v 2.254782 0.132061 0.000000
v 2.243500 0.152500 0.000000
v 2.233801 0.176272 0.000000
v 2.225741 0.203259 0.000000
v 2.219375 0.233344 0.000000
v 2.214759 0.266407 0.000000
v 2.211949 0.302332 0.000000
v 2.211000 0.341000 0.000000
v 2.211949 0.379668 0.000000
v 2.214760 0.415593 0.000000
v 2.219375 0.448656 0.000000
v 2.225741 0.478741 0.000000
v 2.233801 0.505728 0.000000
v 2.243500 0.529500 0.000000
v 2.254783 0.549939 0.000000
v 2.267593 0.566926 0.000000
v 2.281876 0.580344 0.000000
v 2.297575 0.590074 0.000000
v 2.314635 0.595999 0.000000
v 2.333000 0.598000 0.000000
v 2.351366 0.595999 0.000000
v 2.368426 0.590074 0.000000
v 2.384125 0.580344 0.000000
v 2.398408 0.566926 0.000000
v 2.411218 0.549939 0.000000
v 2.422500 0.529500 0.000000
v 2.432199 0.505728 0.000000
v 2.440260 0.478741 0.000000
v 2.446625 0.448656 0.000000
v 2.451241 0.415593 0.000000
v 2.454051 0.379668 0.000000
v 2.664000 0.569000 0.000000
v 2.675449 0.573982 0.000000
v 2.686343 0.578440 0.000000
v 2.696750 0.582391 0.000000
v 2.706741 0.585852 0.000000
v 2.716385 0.588841 0.000000
v 2.725750 0.591375 0.000000
v 2.734908 0.593472 0.000000
v 2.743926 0.595148 0.000000
v 2.752875 0.596422 0.000000
v 2.761824 0.597310 0.000000
v 2.770843 0.597830 0.000000
v 2.780000 0.598000 0.000000
v 2.797447 0.597196 0.000000
v 2.813741 0.594819 0.000000
v 2.828813 0.590922 0.000000
v 2.842593 0.585556 0.000000
v 2.855012 0.578773 0.000000
v 2.866000 0.570625 0.000000
v 2.875489 0.561165 0.000000
v 2.883408 0.550444 0.000000
v 2.889688 0.538516 0.000000
v 2.894260 0.525431 0.000000
v 2.897054 0.511241 0.000000
v 2.898000 0.496000 0.000000
v 2.897063 0.481028 0.000000
v 2.894250 0.467139 0.000000
v 2.889563 0.454375 0.000000
v 2.883000 0.442778 0.000000
v 2.874563 0.432389 0.000000
v 2.864250 0.423250 0.000000
v 2.852063 0.415403 0.000000
v 2.838001 0.408889 0.000000
v 2.822063 0.403750 0.000000
v 2.804250 0.400028 0.000000
v 2.784563 0.397764 0.000000
v 2.763000 0.397000 0.000000
v 2.763000 0.307000 0.000000
v 2.786250 0.307087 0.000000
v 2.807496 0.304944 0.000000
v 2.826735 0.300719 0.000000
v 2.843963 0.294556 0.000000
v 2.859178 0.286601 0.000000
v 2.872375 0.277000 0.000000
v 2.883552 0.265899 0.000000
v 2.892704 0.253444 0.000000
v 2.899828 0.239781 0.000000
v 2.904922 0.225056 0.000000
v 2.907980 0.209413 0.000000
v 2.909000 0.193000 0.000000
v 2.908115 0.176991 0.000000
v 2.905505 0.162009 0.000000
v 2.901235 0.148125 0.000000
v 2.895371 0.135407 0.000000
v 2.887979 0.123926 0.000000
v 2.879125 0.113750 0.000000
v 2.868876 0.104949 0.000000
v 2.857297 0.097593 0.000000
v 2.844454 0.091750 0.000000
v 2.830412 0.087491 0.000000
v 2.815239 0.084884 0.000000
v 2.799000 0.084000 0.000000
v 2.786499 0.084355 0.000000
v 2.773991 0.085421 0.000000
v 2.761469 0.087203 0.000000
v 2.748926 0.089704 0.000000
v 2.736355 0.092927 0.000000
v 2.723750 0.096875 0.000000
v 2.711103 0.101553 0.000000
v 2.698407 0.106963 0.000000
v 2.685656 0.113109 0.000000
v 2.672843 0.119995 0.000000
v 2.659960 0.127624 0.000000
v 2.647000 0.136000 0.000000
v 2.647000 0.030000 0.000000
v 2.659249 0.023981 0.000000
v 2.671491 0.018431 0.000000
v 2.683719 0.013359 0.000000
v 2.695926 0.008778 0.000000
v 2.708105 0.004696 0.000000
v 2.720250 0.001125 0.000000
v 2.732353 -0.001925 -0.000000
v 2.744408 -0.004444 -0.000000
v 2.756407 -0.006422 -0.000000
v 2.768343 -0.007847 -0.000000
v 2.780210 -0.008710 -0.000000
v 2.792000 -0.009000 -0.000000
v 2.822699 -0.007257 -0.000000
v 2.851676 -0.002139 -0.000000
v 2.878750 0.006188 0.000000
v 2.903741 0.017556 0.000000
v 2.926468 0.031799 0.000000
v 2.946750 0.048750 0.000000
v 2.964408 0.068243 0.000000
v 2.979260 0.090111 0.000000
v 2.991126 0.114188 0.000000
v 2.999825 0.140306 0.000000
v 3.005177 0.168299 0.000000
v 3.007000 0.198000 0.000000
v 3.006371 0.215491 0.000000
v 3.004463 0.232847 0.000000
v 3.001250 0.249891 0.000000
v 2.996704 0.266444 0.000000
v 2.990797 0.282332 0.000000
v 2.983500 0.297375 0.000000
v 2.974787 0.311398 0.000000
v 2.964630 0.324222 0.000000
v 2.953000 0.335672 0.000000
v 2.939871 0.345569 0.000000
v 2.925213 0.353738 0.000000
v 2.909000 0.360000 0.000000
v 2.923736 0.368701 0.000000
v 2.936972 0.377861 0.000000
v 2.948750 0.387563 0.000000
v 2.959111 0.397889 0.000000
v 2.968098 0.408924 0.000000
v 2.975750 0.420750 0.000000
v 2.982111 0.433451 0.000000
v 2.987223 0.447111 0.000000
v 2.991125 0.461813 0.000000
v 2.993861 0.477639 0.000000
v 2.995472 0.494674 0.000000
v 2.996000 0.513000 0.000000
v 2.994375 0.539190 0.000000
v 2.989583 0.563685 0.000000
v 2.981750 0.586375 0.000000
v 2.971000 0.607148 0.000000
v 2.957458 0.625894 0.000000
v 2.941250 0.642500 0.000000
v 2.922500 0.656857 0.000000
v 2.901333 0.668852 0.000000
v 2.877875 0.678375 0.000000
v 2.852250 0.685315 0.000000
v 2.824583 0.689560 0.000000
v 2.795000 0.691000 0.000000
v 2.782492 0.690811 0.000000
v 2.770435 0.690241 0.000000
v 2.758781 0.689281 0.000000
v 2.747482 0.687926 0.000000
v 2.736487 0.686168 0.000000
v 2.725750 0.684000 0.000000
v 2.715221 0.681415 0.000000
v 2.704852 0.678407 0.000000
v 2.694594 0.674969 0.000000
v 2.684398 0.671093 0.000000
v 2.674217 0.666772 0.000000
v 2.664000 0.662000 0.000000
v 3.553000 0.341000 0.000000
v 3.551192 0.392001 0.000000
v 3.545871 0.439843 0.000000
v 3.537188 0.484281 0.000000
v 3.525296 0.525074 0.000000
v 3.510350 0.561978 0.000000
v 3.492500 0.594750 0.000000
v 3.471901 0.623147 0.000000
v 3.448704 0.646926 0.000000
v 3.423063 0.665844 0.000000
v 3.395130 0.679658 0.000000
v 3.365058 0.688124 0.000000
v 3.333000 0.691000 0.000000
v 3.300942 0.688124 0.000000
v 3.270871 0.679657 0.000000
v 3.242938 0.665844 0.000000
v 3.217297 0.646926 0.000000
v 3.194100 0.623147 0.000000
v 3.173500 0.594750 0.000000
v 3.155651 0.561978 0.000000
v 3.140704 0.525074 0.000000
v 3.128813 0.484281 0.000000
v 3.120130 0.439843 0.000000
v 3.114808 0.392001 0.000000
v 3.113000 0.341000 0.000000
v 3.114808 0.289999 0.000000
v 3.120130 0.242157 0.000000
v 3.128813 0.197719 0.000000
v 3.140704 0.156926 0.000000
v 3.155651 0.120022 0.000000
v 3.173500 0.087250 0.000000
v 3.194100 0.058853 0.000000
v 3.217296 0.035074 0.000000
v 3.242938 0.016156 0.000000
v 3.270870 0.002343 0.000000
v 3.300942 -0.006124 -0.000000
v 3.333000 -0.009000 -0.000000
v 3.365058 -0.006124 -0.000000
v 3.395130 0.002343 0.000000
v 3.423063 0.016156 0.000000
v 3.448704 0.035074 0.000000
v 3.471900 0.058853 0.000000
v 3.492500 0.087250 0.000000
v 3.510350 0.120022 0.000000
v 3.525296 0.156926 0.000000
v 3.537187 0.197719 0.000000
v 3.545870 0.242157 0.000000
v 3.551192 0.289999 0.000000
v 3.455000 0.341000 0.000000
v 3.454051 0.302332 0.000000
v 3.451241 0.266407 0.000000
v 3.446625 0.233344 0.000000
v 3.440259 0.203259 0.000000
v 3.432199 0.176272 0.000000
v 3.422500 0.152500 0.000000
v 3.411217 0.132061 0.000000
v 3.398407 0.115074 0.000000
v 3.384125 0.101656 0.000000
v 3.368426 0.091926 0.000000
v 3.351365 0.086001 0.000000
v 3.333000 0.084000 0.000000
v 3.314635 0.086001 0.000000
v 3.297574 0.091926 0.000000
v 3.281875 0.101656 0.000000
v 3.267593 0.115074 0.000000
v 3.254782 0.132061 0.000000
v 3.243500 0.152500 0.000000
v 3.233801 0.176272 0.000000
v 3.225741 0.203259 0.000000
v 3.219375 0.233344 0.000000
v 3.214759 0.266407 0.000000
v 3.211949 0.302332 0.000000
v 3.211000 0.341000 0.000000
v 3.211949 0.379668 0.000000
v 3.214760 0.415593 0.000000
v 3.219375 0.448656 0.000000
v 3.225741 0.478741 0.000000
v 3.233801 0.505728 0.000000
v 3.243500 0.529500 0.000000
v 3.254783 0.549939 0.000000
v 3.267593 0.566926 0.000000
v 3.281876 0.580344 0.000000
v 3.297575 0.590074 0.000000
v 3.314635 0.595999 0.000000
v 3.333000 0.598000 0.000000
v 3.351366 0.595999 0.000000
v 3.368426 0.590074 0.000000
v 3.384125 0.580344 0.000000
v 3.398408 0.566926 0.000000
v 3.411218 0.549939 0.000000
v 3.422500 0.529500 0.000000
v 3.432199 0.505728 0.000000
v 3.440260 0.478741 0.000000
v 3.446625 0.448656 0.000000
v 3.451241 0.415593 0.000000
v 3.454051 0.379668 0.000000
v 4.051000 0.184000 -0.546934
v 4.050334 0.201091 -0.546934
v 4.048338 0.217815 -0.546934
v 4.045016 0.234094 -0.546934
v 4.040370 0.249852 -0.546934
v 4.034406 0.265013 -0.546934
v 4.027125 0.279500 -0.546934
v 4.018532 0.293237 -0.546934
v 4.008630 0.306148 -0.546934
v 3.997422 0.318156 -0.546934
v 3.984912 0.329185 -0.546934
v 3.971104 0.339159 -0.546934
v 3.956000 0.348000 -0.546934
v 3.969857 0.357862 -0.546934
v 3.982435 0.368394 -0.546934
v 3.993750 0.379516 -0.546934
v 4.003815 0.391148 -0.546934
v 4.012644 0.403211 -0.546934
v 4.020250 0.415625 -0.546934
v 4.026649 0.428310 -0.546934
v 4.031852 0.441185 -0.546934
v 4.035875 0.454172 -0.546934
v 4.038732 0.467190 -0.546934
v 4.040435 0.480159 -0.546934
v 4.041000 0.493000 -0.546934
v 4.039242 0.520634 -0.546934
v 4.034098 0.546903 -0.546934
v 4.025766 0.571609 -0.546934
v 4.014445 0.594556 -0.546934
v 4.000332 0.615543 -0.546934
v 3.983625 0.634375 -0.546934
v 3.964523 0.650852 -0.546934
v 3.943223 0.664778 -0.546934
v 3.919922 0.675953 -0.546934
v 3.894820 0.684181 -0.546934
v 3.868113 0.689262 -0.546934
v 3.840000 0.691000 -0.546934
v 3.810890 0.689282 -0.546934
v 3.783199 0.684259 -0.546934
v 3.757141 0.676125 -0.546934
v 3.732926 0.665074 -0.546934
v 3.710767 0.651301 -0.546934
v 3.690875 0.635000 -0.546934
v 3.673463 0.616366 -0.546934
v 3.658741 0.595593 -0.546934
v 3.646922 0.572875 -0.546934
v 3.638218 0.548407 -0.546934
v 3.632840 0.522384 -0.546934
v 3.631000 0.495000 -0.546934
v 3.631620 0.480630 -0.546934
v 3.633459 0.466542 -0.546934
v 3.636485 0.452766 -0.546934
v 3.640667 0.439333 -0.546934
v 3.645974 0.426276 -0.546934
v 3.652375 0.413625 -0.546934
v 3.659839 0.401412 -0.546934
v 3.668334 0.389667 -0.546934
v 3.677828 0.378422 -0.546934
v 3.688292 0.367708 -0.546934
v 3.699693 0.357557 -0.546934
v 3.712000 0.348000 -0.546934
v 3.696437 0.338185 -0.546934
v 3.682245 0.327732 -0.546934
v 3.669422 0.316625 -0.546934
v 3.657963 0.304852 -0.546934
v 3.647865 0.292398 -0.546934
v 3.639125 0.279250 -0.546934
v 3.631739 0.265394 -0.546934
v 3.625704 0.250815 -0.546934
v 3.621016 0.235500 -0.546934
v 3.617671 0.219435 -0.546934
v 3.615667 0.202607 -0.546934
v 3.615000 0.185000 -0.546934
v 3.616961 0.158285 -0.546934
v 3.622685 0.132782 -0.546934
v 3.631938 0.108703 -0.546934
v 3.644482 0.086259 -0.546934
v 3.660081 0.065663 -0.546934
v 3.678500 0.047125 -0.546934
v 3.699502 0.030858 -0.546934
v 3.722852 0.017074 -0.546934
v 3.748313 0.005984 -0.546934
v 3.775648 -0.002199 -0.546934
v 3.804623 -0.007264 -0.546934
v 3.835000 -0.009000 -0.546934
v 3.864879 -0.007284 -0.546934
v 3.893361 -0.002273 -0.546934
v 3.920219 0.005828 -0.546934
v 3.945222 0.016815 -0.546934
v 3.968143 0.030482 -0.546934
v 3.988750 0.046625 -0.546934
v 4.006816 0.065039 -0.546934
v 4.022111 0.085519 -0.546934
v 4.034406 0.107859 -0.546934
v 4.043472 0.131857 -0.546934
v 4.049079 0.157305 -0.546934
v 3.943000 0.495000 -0.546934
v 3.942022 0.481439 -0.546934
v 3.939172 0.468347 -0.546934
v 3.934578 0.455859 -0.546934
v 3.928371 0.444111 -0.546934
v 3.920677 0.433238 -0.546934
v 3.911625 0.423375 -0.546934
v 3.901345 0.414658 -0.546934
v 3.889963 0.407222 -0.546934
v 3.877610 0.401203 -0.546934
v 3.864412 0.396736 -0.546934
v 3.850500 0.393957 -0.546934
v 3.836000 0.393000 -0.546934
v 3.821711 0.393977 -0.546934
v 3.807935 0.396815 -0.546934
v 3.794812 0.401375 -0.546934
v 3.782481 0.407519 -0.546934
v 3.771081 0.415107 -0.546934
v 3.760750 0.424000 -0.546934
v 3.751627 0.434060 -0.546934
v 3.743852 0.445148 -0.546934
v 3.737563 0.457125 -0.546934
v 3.732898 0.469852 -0.546934
v 3.729998 0.483190 -0.546934
v 3.729000 0.497000 -0.546934
v 3.729903 0.511802 -0.546934
v 3.732560 0.525662 -0.546934
v 3.736891 0.538516 -0.546934
v 3.742815 0.550296 -0.546934
v 3.750253 0.560938 -0.546934
v 3.759125 0.570375 -0.546934
v 3.769351 0.578541 -0.546934
v 3.780852 0.585370 -0.546934
v 3.793547 0.590797 -0.546934
v 3.807357 0.594755 -0.546934
v 3.822201 0.597178 -0.546934
v 3.838000 0.598000 -0.546934
v 3.852880 0.597100 -0.546934
v 3.866959 0.594468 -0.546934
v 3.880141 0.590203 -0.546934
v 3.892334 0.584407 -0.546934
v 3.903443 0.577181 -0.546934
v 3.913375 0.568625 -0.546934
v 3.922037 0.558840 -0.546934
v 3.929334 0.547926 -0.546934
v 3.935172 0.535984 -0.546934
v 3.939459 0.523116 -0.546934
v 3.942100 0.509421 -0.546934
v 3.953000 0.192000 -0.546934
v 3.952148 0.177901 -0.546934
v 3.949597 0.164208 -0.546934
v 3.945359 0.151078 -0.546934
v 3.939445 0.138667 -0.546934
v 3.931863 0.127130 -0.546934
v 3.922625 0.116625 -0.546934
v 3.911742 0.107307 -0.546934
v 3.899223 0.099333 -0.546934
v 3.885078 0.092859 -0.546934
v 3.869320 0.088042 -0.546934
v 3.851957 0.085036 -0.546934
v 3.833000 0.084000 -0.546934
v 3.815934 0.084922 -0.546934
v 3.799806 0.087625 -0.546934
v 3.784719 0.092016 -0.546934
v 3.770778 0.098000 -0.546934
v 3.758087 0.105484 -0.546934
v 3.746750 0.114375 -0.546934
v 3.736871 0.124578 -0.546934
v 3.728555 0.136000 -0.546934
v 3.721906 0.148547 -0.546934
v 3.717028 0.162125 -0.546934
v 3.714024 0.176641 -0.546934
v 3.713000 0.192000 -0.546934
v 3.713988 0.207569 -0.546934
v 3.716898 0.222222 -0.546934
v 3.721657 0.235875 -0.546934
v 3.728185 0.248444 -0.546934
v 3.736409 0.259847 -0.546934
v 3.746250 0.270000 -0.546934
v 3.757633 0.278819 -0.546934
v 3.770482 0.286222 -0.546934
v 3.784719 0.292125 -0.546934
v 3.800268 0.296444 -0.546934
v 3.817054 0.299097 -0.546934
v 3.835000 0.300000 -0.546934
v 3.851817 0.299059 -0.546934
v 3.867699 0.296306 -0.546934
v 3.882547 0.291844 -0.546934
v 3.896260 0.285778 -0.546934
v 3.908736 0.278212 -0.546934
v 3.919875 0.269250 -0.546934
v 3.929577 0.258997 -0.546934
v 3.937741 0.247556 -0.546934
v 3.944266 0.235031 -0.546934
v 3.949051 0.221528 -0.546934
v 3.951996 0.207149 -0.546934
v 0.285000 0.359000 -0.546934
v 0.582000 0.682000 -0.546934
v 0.460000 0.682000 -0.546934
v 0.173000 0.370000 -0.546934
v 0.173000 0.682000 -0.546934
v 0.075000 0.682000 -0.546934
v 0.075000 0.000000 -0.546934
v 0.173000 0.000000 -0.546934
v 0.173000 0.337000 -0.546934
v 0.520000 0.000000 -0.546934
v 0.655000 0.000000 -0.546934
v 0.701000 0.341000 -0.546934
v 0.703903 0.295251 -0.546934
v 0.712477 0.250838 -0.546934
v 0.726516 0.208266 -0.546934
v 0.745815 0.168037 -0.546934
v 0.770170 0.130656 -0.546934
v 0.799375 0.096625 -0.546934
v 0.833226 0.066449 -0.546934
v 0.871519 0.040630 -0.546934
v 0.914047 0.019672 -0.546934
v 0.960607 0.004079 -0.546934
v 1.010993 -0.005646 -0.546934
v 1.065000 -0.009000 -0.546934
v 1.120787 -0.005627 -0.546934
v 1.172542 0.004148 -0.546934
v 1.220109 0.019813 -0.546934
v 1.263333 0.040852 -0.546934
v 1.302057 0.066752 -0.546934
v 1.336125 0.097000 -0.546934
v 1.365380 0.131081 -0.546934
v 1.389667 0.168482 -0.546934
v 1.408828 0.208688 -0.546934
v 1.422709 0.251185 -0.546934
v 1.431151 0.295461 -0.546934
v 1.434000 0.341000 -0.546934
v 1.431076 0.387800 -0.546934
v 1.422440 0.432898 -0.546934
v 1.408297 0.475844 -0.546934
v 1.388852 0.516185 -0.546934
v 1.364310 0.553471 -0.546934
v 1.334875 0.587250 -0.546934
v 1.300753 0.617071 -0.546934
v 1.262148 0.642482 -0.546934
v 1.219266 0.663031 -0.546934
v 1.172310 0.678269 -0.546934
v 1.121487 0.687742 -0.546934
v 1.067000 0.691000 -0.546934
v 1.013373 0.687723 -0.546934
v 0.963153 0.678199 -0.546934
v 0.916578 0.662891 -0.546934
v 0.873889 0.642259 -0.546934
v 0.835325 0.616767 -0.546934
v 0.801125 0.586875 -0.546934
v 0.771529 0.553046 -0.546934
v 0.746778 0.515741 -0.546934
v 0.727109 0.475422 -0.546934
v 0.712764 0.432551 -0.546934
v 0.703981 0.387590 -0.546934
v 0.802000 0.341000 -0.546934
v 0.804311 0.377626 -0.546934
v 0.811074 0.412343 -0.546934
v 0.822031 0.444906 -0.546934
v 0.836926 0.475074 -0.546934
v 0.855501 0.502603 -0.546934
v 0.877500 0.527250 -0.546934
v 0.902666 0.548772 -0.546934
v 0.930741 0.566926 -0.546934
v 0.961469 0.581469 -0.546934
v 0.994593 0.592157 -0.546934
v 1.029855 0.598749 -0.546934
v 1.067000 0.601000 -0.546934
v 1.104374 0.598749 -0.546934
v 1.139829 0.592157 -0.546934
v 1.173109 0.581469 -0.546934
v 1.203963 0.566926 -0.546934
v 1.232136 0.548772 -0.546934
v 1.257375 0.527250 -0.546934
v 1.279427 0.502603 -0.546934
v 1.298037 0.475074 -0.546934
v 1.312953 0.444906 -0.546934
v 1.323921 0.412343 -0.546934
v 1.330688 0.377626 -0.546934
v 1.333000 0.341000 -0.546934
v 1.330688 0.304584 -0.546934
v 1.323921 0.270005 -0.546934
v 1.312953 0.237516 -0.546934
v 1.298037 0.207370 -0.546934
v 1.279427 0.179822 -0.546934
v 1.257375 0.155125 -0.546934
v 1.232136 0.133532 -0.546934
v 1.203963 0.115296 -0.546934
v 1.173109 0.100672 -0.546934
v 1.139829 0.089912 -0.546934
v 1.104374 0.083270 -0.546934
v 1.067000 0.081000 -0.546934
v 1.029855 0.083270 -0.546934
v 0.994593 0.089912 -0.546934
v 0.961469 0.100672 -0.546934
v 0.930741 0.115296 -0.546934
v 0.902666 0.133532 -0.546934
v 0.877500 0.155125 -0.546934
v 0.855501 0.179822 -0.546934
v 0.836926 0.207370 -0.546934
v 0.822031 0.237516 -0.546934
v 0.811074 0.270005 -0.546934
v 0.804311 0.304584 -0.546934
v 1.556000 0.682000 -0.546934
v 1.556000 0.000000 -0.546934
v 1.654000 0.000000 -0.546934
v 1.654000 0.296000 -0.546934
v 1.695000 0.296000 -0.546934
v 1.707346 0.295604 -0.546934
v 1.719519 0.294167 -0.546934
v 1.731719 0.291313 -0.546934
v 1.744148 0.286667 -0.546934
v 1.757008 0.279854 -0.546934
v 1.770500 0.270500 -0.546934
v 1.784825 0.258229 -0.546934
v 1.800185 0.242667 -0.546934
v 1.816781 0.223438 -0.546934
v 1.834815 0.200167 -0.546934
v 1.854487 0.172479 -0.546934
v 1.876000 0.140000 -0.546934
v 1.966000 0.000000 -0.546934
v 2.083000 0.000000 -0.546934
v 2.071847 0.015411 -0.546934
v 2.061793 0.029298 -0.546934
v 2.052694 0.041891 -0.546934
v 2.044405 0.053420 -0.546934
v 2.036783 0.064116 -0.546934
v 2.029683 0.074209 -0.546934
v 2.022962 0.083929 -0.546934
v 2.016476 0.093507 -0.546934
v 2.010081 0.103172 -0.546934
v 2.003632 0.113156 -0.546934
v 1.996987 0.123689 -0.546934
v 1.990000 0.135000 -0.546934
v 1.977270 0.155792 -0.546934
v 1.964991 0.175667 -0.546934
v 1.953031 0.194625 -0.546934
v 1.941259 0.212667 -0.546934
v 1.929543 0.229792 -0.546934
v 1.917750 0.246000 -0.546934
v 1.905749 0.261292 -0.546934
v 1.893407 0.275667 -0.546934
v 1.880594 0.289125 -0.546934
v 1.867176 0.301667 -0.546934
v 1.853022 0.313292 -0.546934
v 1.838000 0.324000 -0.546934
v 1.855578 0.331869 -0.546934
v 1.871792 0.340954 -0.546934
v 1.886609 0.351219 -0.546934
v 1.900000 0.362630 -0.546934
v 1.911932 0.375152 -0.546934
v 1.922375 0.388750 -0.546934
v 1.931297 0.403390 -0.546934
v 1.938667 0.419037 -0.546934
v 1.944453 0.435656 -0.546934
v 1.948625 0.453213 -0.546934
v 1.951151 0.471673 -0.546934
v 1.952000 0.491000 -0.546934
v 1.950228 0.519546 -0.546934
v 1.944991 0.546120 -0.546934
v 1.936406 0.570625 -0.546934
v 1.924593 0.592963 -0.546934
v 1.909668 0.613037 -0.546934
v 1.891750 0.630750 -0.546934
v 1.870957 0.646005 -0.546934
v 1.847407 0.658704 -0.546934
v 1.821219 0.668750 -0.546934
v 1.792509 0.676046 -0.546934
v 1.761397 0.680495 -0.546934
v 1.728000 0.682000 -0.546934
v 1.654000 0.598000 -0.546934
v 1.717000 0.598000 -0.546934
v 1.739572 0.597196 -0.546934
v 1.759834 0.594815 -0.546934
v 1.777858 0.590906 -0.546934
v 1.793713 0.585518 -0.546934
v 1.807472 0.578700 -0.546934
v 1.819204 0.570499 -0.546934
v 1.828980 0.560966 -0.546934
v 1.836871 0.550147 -0.546934
v 1.842948 0.538093 -0.546934
v 1.847281 0.524851 -0.546934
v 1.849942 0.510471 -0.546934
v 1.851000 0.495000 -0.546934
v 1.850579 0.480842 -0.546934
v 1.848713 0.466986 -0.546934
v 1.845250 0.453609 -0.546934
v 1.840037 0.440889 -0.546934
v 1.832922 0.429002 -0.546934
v 1.823750 0.418125 -0.546934
v 1.812371 0.408436 -0.546934
v 1.798630 0.400111 -0.546934
v 1.782375 0.393328 -0.546934
v 1.763454 0.388264 -0.546934
v 1.741713 0.385096 -0.546934
v 1.717000 0.384000 -0.546934
v 1.654000 0.384000 -0.546934
v 2.553000 0.341000 -0.546934
v 2.551192 0.392001 -0.546934
v 2.545871 0.439843 -0.546934
v 2.537188 0.484281 -0.546934
v 2.525296 0.525074 -0.546934
v 2.510350 0.561978 -0.546934
v 2.492500 0.594750 -0.546934
v 2.471901 0.623147 -0.546934
v 2.448704 0.646926 -0.546934
v 2.423063 0.665844 -0.546934
v 2.395130 0.679658 -0.546934
v 2.365058 0.688124 -0.546934
v 2.333000 0.691000 -0.546934
v 2.300942 0.688124 -0.546934
v 2.270871 0.679657 -0.546934
v 2.242938 0.665844 -0.546934
v 2.217297 0.646926 -0.546934
v 2.194100 0.623147 -0.546934
v 2.173500 0.594750 -0.546934
v 2.155651 0.561978 -0.546934
v 2.140704 0.525074 -0.546934
v 2.128813 0.484281 -0.546934
v 2.120130 0.439843 -0.546934
v 2.114808 0.392001 -0.546934
v 2.113000 0.341000 -0.546934
v 2.114808 0.289999 -0.546934
v 2.120130 0.242157 -0.546934
v 2.128813 0.197719 -0.546934
v 2.140704 0.156926 -0.546934
v 2.155651 0.120022 -0.546934
v 2.173500 0.087250 -0.546934
v 2.194100 0.058853 -0.546934
v 2.217296 0.035074 -0.546934
v 2.242938 0.016156 -0.546934
v 2.270870 0.002343 -0.546934
v 2.300942 -0.006124 -0.546934
v 2.333000 -0.009000 -0.546934
v 2.365058 -0.006124 -0.546934
v 2.395130 0.002343 -0.546934
v 2.423063 0.016156 -0.546934
v 2.448704 0.035074 -0.546934
v 2.471900 0.058853 -0.546934
v 2.492500 0.087250 -0.546934
v 2.510350 0.120022 -0.546934
v 2.525296 0.156926 -0.546934
v 2.537187 0.197719 -0.546934
v 2.545870 0.242157 -0.546934
v 2.551192 0.289999 -0.546934
v 2.455000 0.341000 -0.546934
v 2.454051 0.302332 -0.546934
v 2.451241 0.266407 -0.546934
v 2.446625 0.233344 -0.546934
v 2.440259 0.203259 -0.546934
v 2.432199 0.176272 -0.546934
v 2.422500 0.152500 -0.546934
v 2.411217 0.132061 -0.546934
v 2.398407 0.115074 -0.546934
v 2.384125 0.101656 -0.546934
v 2.368426 0.091926 -0.546934
v 2.351365 0.086001 -0.546934
v 2.333000 0.084000 -0.546934
v 2.314635 0.086001 -0.546934
v 2.297574 0.091926 -0.546934
v 2.281875 0.101656 -0.546934
v 2.267593 0.115074 -0.546934
v 2.254782 0.132061 -0.546934
v 2.243500 0.152500 -0.546934
v 2.233801 0.176272 -0.546934
v 2.225741 0.203259 -0.546934
v 2.219375 0.233344 -0.546934
v 2.214759 0.266407 -0.546934
v 2.211949 0.302332 -0.546934
v 2.211000 0.341000 -0.546934
v 2.211949 0.379668 -0.546934
v 2.214760 0.415593 -0.546934
v 2.219375 0.448656 -0.546934
v 2.225741 0.478741 -0.546934
v 2.233801 0.505728 -0.546934
v 2.243500 0.529500 -0.546934
v 2.254783 0.549939 -0.546934
v 2.267593 0.566926 -0.546934
v 2.281876 0.580344 -0.546934
v 2.297575 0.590074 -0.546934
v 2.314635 0.595999 -0.546934
v 2.333000 0.598000 -0.546934
v 2.351366 0.595999 -0.546934
v 2.368426 0.590074 -0.546934
v 2.384125 0.580344 -0.546934
v 2.398408 0.566926 -0.546934
v 2.411218 0.549939 -0.546934
v 2.422500 0.529500 -0.546934
v 2.432199 0.505728 -0.546934
v 2.440260 0.478741 -0.546934
v 2.446625 0.448656 -0.546934
v 2.451241 0.415593 -0.546934
v 2.454051 0.379668 -0.546934
v 2.664000 0.569000 -0.546934
v 2.675449 0.573982 -0.546934
v 2.686343 0.578440 -0.546934
v 2.696750 0.582391 -0.546934
v 2.706741 0.585852 -0.546934
v 2.716385 0.588841 -0.546934
v 2.725750 0.591375 -0.546934
v 2.734908 0.593472 -0.546934
v 2.743926 0.595148 -0.546934
v 2.752875 0.596422 -0.546934
v 2.761824 0.597310 -0.546934
v 2.770843 0.597830 -0.546934
v 2.780000 0.598000 -0.546934
v 2.797447 0.597196 -0.546934
v 2.813741 0.594819 -0.546934
v 2.828813 0.590922 -0.546934
v 2.842593 0.585556 -0.546934
v 2.855012 0.578773 -0.546934
v 2.866000 0.570625 -0.546934
v 2.875489 0.561165 -0.546934
v 2.883408 0.550444 -0.546934
v 2.889688 0.538516 -0.546934
v 2.894260 0.525431 -0.546934
v 2.897054 0.511241 -0.546934
v 2.898000 0.496000 -0.546934
v 2.897063 0.481028 -0.546934
v 2.894250 0.467139 -0.546934
v 2.889563 0.454375 -0.546934
v 2.883000 0.442778 -0.546934
v 2.874563 0.432389 -0.546934
v 2.864250 0.423250 -0.546934
v 2.852063 0.415403 -0.546934
v 2.838001 0.408889 -0.546934
v 2.822063 0.403750 -0.546934
v 2.804250 0.400028 -0.546934
v 2.784563 0.397764 -0.546934
v 2.763000 0.397000 -0.546934
v 2.763000 0.307000 -0.546934
v 2.786250 0.307087 -0.546934
v 2.807496 0.304944 -0.546934
v 2.826735 0.300719 -0.546934
v 2.843963 0.294556 -0.546934
v 2.859178 0.286601 -0.546934
v 2.872375 0.277000 -0.546934
v 2.883552 0.265899 -0.546934
v 2.892704 0.253444 -0.546934
v 2.899828 0.239781 -0.546934
v 2.904922 0.225056 -0.546934
v 2.907980 0.209413 -0.546934
v 2.909000 0.193000 -0.546934
v 2.908115 0.176991 -0.546934
v 2.905505 0.162009 -0.546934
v 2.901235 0.148125 -0.546934
v 2.895371 0.135407 -0.546934
v 2.887979 0.123926 -0.546934
v 2.879125 0.113750 -0.546934
v 2.868876 0.104949 -0.546934
v 2.857297 0.097593 -0.546934
v 2.844454 0.091750 -0.546934
v 2.830412 0.087491 -0.546934
v 2.815239 0.084884 -0.546934
v 2.799000 0.084000 -0.546934
v 2.786499 0.084355 -0.546934
v 2.773991 0.085421 -0.546934
v 2.761469 0.087203 -0.546934
v 2.748926 0.089704 -0.546934
v 2.736355 0.092927 -0.546934
v 2.723750 0.096875 -0.546934
v 2.711103 0.101553 -0.546934
v 2.698407 0.106963 -0.546934
v 2.685656 0.113109 -0.546934
v 2.672843 0.119995 -0.546934
v 2.659960 0.127624 -0.546934
v 2.647000 0.136000 -0.546934
v 2.647000 0.030000 -0.546934
v 2.659249 0.023981 -0.546934
v 2.671491 0.018431 -0.546934
v 2.683719 0.013359 -0.546934
v 2.695926 0.008778 -0.546934
v 2.708105 0.004696 -0.546934
v 2.720250 0.001125 -0.546934
v 2.732353 -0.001925 -0.546934
v 2.744408 -0.004444 -0.546934
v 2.756407 -0.006422 -0.546934
v 2.768343 -0.007847 -0.546934
v 2.780210 -0.008710 -0.546934
v 2.792000 -0.009000 -0.546934
v 2.822699 -0.007257 -0.546934
v 2.851676 -0.002139 -0.546934
v 2.878750 0.006188 -0.546934
v 2.903741 0.017556 -0.546934
v 2.926468 0.031799 -0.546934
v 2.946750 0.048750 -0.546934
v 2.964408 0.068243 -0.546934
v 2.979260 0.090111 -0.546934
v 2.991126 0.114188 -0.546934
v 2.999825 0.140306 -0.546934
v 3.005177 0.168299 -0.546934
v 3.007000 0.198000 -0.546934
v 3.006371 0.215491 -0.546934
v 3.004463 0.232847 -0.546934
v 3.001250 0.249891 -0.546934
v 2.996704 0.266444 -0.546934
v 2.990797 0.282332 -0.546934
v 2.983500 0.297375 -0.546934
v 2.974787 0.311398 -0.546934
v 2.964630 0.324222 -0.546934
v 2.953000 0.335672 -0.546934
v 2.939871 0.345569 -0.546934
v 2.925213 0.353738 -0.546934
v 2.909000 0.360000 -0.546934
v 2.923736 0.368701 -0.546934
v 2.936972 0.377861 -0.546934
v 2.948750 0.387563 -0.546934
v 2.959111 0.397889 -0.546934
v 2.968098 0.408924 -0.546934
v 2.975750 0.420750 -0.546934
v 2.982111 0.433451 -0.546934
v 2.987223 0.447111 -0.546934
v 2.991125 0.461813 -0.546934
v 2.993861 0.477639 -0.546934
v 2.995472 0.494674 -0.546934
v 2.996000 0.513000 -0.546934
v 2.994375 0.539190 -0.546934
v 2.989583 0.563685 -0.546934
v 2.981750 0.586375 -0.546934
v 2.971000 0.607148 -0.546934
v 2.957458 0.625894 -0.546934
v 2.941250 0.642500 -0.546934
v 2.922500 0.656857 -0.546934
v 2.901333 0.668852 -0.546934
v 2.877875 0.678375 -0.546934
v 2.852250 0.685315 -0.546934
v 2.824583 0.689560 -0.546934
v 2.795000 0.691000 -0.546934
v 2.782492 0.690811 -0.546934
v 2.770435 0.690241 -0.546934
v 2.758781 0.689281 -0.546934
v 2.747482 0.687926 -0.546934
v 2.736487 0.686168 -0.546934
v 2.725750 0.684000 -0.546934
v 2.715221 0.681415 -0.546934
v 2.704852 0.678407 -0.546934
v 2.694594 0.674969 -0.546934
v 2.684398 0.671093 -0.546934
v 2.674217 0.666772 -0.546934
v 2.664000 0.662000 -0.546934
v 3.553000 0.341000 -0.546934
v 3.551192 0.392001 -0.546934
v 3.545871 0.439843 -0.546934
v 3.537188 0.484281 -0.546934
v 3.525296 0.525074 -0.546934
v 3.510350 0.561978 -0.546934
v 3.492500 0.594750 -0.546934
v 3.471901 0.623147 -0.546934
v 3.448704 0.646926 -0.546934
v 3.423063 0.665844 -0.546934
v 3.395130 0.679658 -0.546934
v 3.365058 0.688124 -0.546934
v 3.333000 0.691000 -0.546934
v 3.300942 0.688124 -0.546934
v 3.270871 0.679657 -0.546934
v 3.242938 0.665844 -0.546934
v 3.217297 0.646926 -0.546934
v 3.194100 0.623147 -0.546934
v 3.173500 0.594750 -0.546934
v 3.155651 0.561978 -0.546934
v 3.140704 0.525074 -0.546934
v 3.128813 0.484281 -0.546934
v 3.120130 0.439843 -0.546934
v 3.114808 0.392001 -0.546934
v 3.113000 0.341000 -0.546934
v 3.114808 0.289999 -0.546934
v 3.120130 0.242157 -0.546934
v 3.128813 0.197719 -0.546934
v 3.140704 0.156926 -0.546934
v 3.155651 0.120022 -0.546934
v 3.173500 0.087250 -0.546934
v 3.194100 0.058853 -0.546934
v 3.217296 0.035074 -0.546934
v 3.242938 0.016156 -0.546934
v 3.270870 0.002343 -0.546934
v 3.300942 -0.006124 -0.546934
v 3.333000 -0.009000 -0.546934
v 3.365058 -0.006124 -0.546934
v 3.395130 0.002343 -0.546934
v 3.423063 0.016156 -0.546934
v 3.448704 0.035074 -0.546934
v 3.471900 0.058853 -0.546934
v 3.492500 0.087250 -0.546934
v 3.510350 0.120022 -0.546934
v 3.525296 0.156926 -0.546934
v 3.537187 0.197719 -0.546934
v 3.545870 0.242157 -0.546934
v 3.551192 0.289999 -0.546934
v 3.455000 0.341000 -0.546934
v 3.454051 0.302332 -0.546934
v 3.451241 0.266407 -0.546934
v 3.446625 0.233344 -0.546934
v 3.440259 0.203259 -0.546934
v 3.432199 0.176272 -0.546934
v 3.422500 0.152500 -0.546934
v 3.411217 0.132061 -0.546934
v 3.398407 0.115074 -0.546934
v 3.384125 0.101656 -0.546934
v 3.368426 0.091926 -0.546934
v 3.351365 0.086001 -0.546934
v 3.333000 0.084000 -0.546934
v 3.314635 0.086001 -0.546934
v 3.297574 0.091926 -0.546934
v 3.281875 0.101656 -0.546934
v 3.267593 0.115074 -0.546934
v 3.254782 0.132061 -0.546934
v 3.243500 0.152500 -0.546934
v 3.233801 0.176272 -0.546934
v 3.225741 0.203259 -0.546934
v 3.219375 0.233344 -0.546934
v 3.214759 0.266407 -0.546934
v 3.211949 0.302332 -0.546934
v 3.211000 0.341000 -0.546934
v 3.211949 0.379668 -0.546934
v 3.214760 0.415593 -0.546934
v 3.219375 0.448656 -0.546934
v 3.225741 0.478741 -0.546934
v 3.233801 0.505728 -0.546934
v 3.243500 0.529500 -0.546934
v 3.254783 0.549939 -0.546934
v 3.267593 0.566926 -0.546934
v 3.281876 0.580344 -0.546934
v 3.297575 0.590074 -0.546934
v 3.314635 0.595999 -0.546934
v 3.333000 0.598000 -0.546934
v 3.351366 0.595999 -0.546934
v 3.368426 0.590074 -0.546934
v 3.384125 0.580344 -0.546934
v 3.398408 0.566926 -0.546934
v 3.411218 0.549939 -0.546934
v 3.422500 0.529500 -0.546934
v 3.432199 0.505728 -0.546934
v 3.440260 0.478741 -0.546934
v 3.446625 0.448656 -0.546934
v 3.451241 0.415593 -0.546934
v 3.454051 0.379668 -0.546934
v 4.051000 0.184000 0.000000
v 4.050334 0.201091 0.000000
v 4.048338 0.217815 0.000000
v 4.045016 0.234094 0.000000
v 4.040370 0.249852 0.000000
v 4.034406 0.265013 0.000000
v 4.027125 0.279500 0.000000
v 4.018532 0.293237 0.000000
v 4.008630 0.306148 0.000000
v 3.997422 0.318156 0.000000
v 3.984912 0.329185 0.000000
v 3.971104 0.339159 0.000000
v 3.956000 0.348000 0.000000
v 3.969857 0.357862 0.000000
v 3.982435 0.368394 0.000000
v 3.993750 0.379516 0.000000
v 4.003815 0.391148 0.000000
v 4.012644 0.403211 0.000000
v 4.020250 0.415625 0.000000
v 4.026649 0.428310 0.000000
v 4.031852 0.441185 0.000000
v 4.035875 0.454172 0.000000
v 4.038732 0.467190 0.000000
v 4.040435 0.480159 0.000000
v 4.041000 0.493000 0.000000
v 4.039242 0.520634 0.000000
v 4.034098 0.546903 0.000000
v 4.025766 0.571609 0.000000
v 4.014445 0.594556 0.000000
v 4.000332 0.615543 0.000000
v 3.983625 0.634375 0.000000
v 3.964523 0.650852 0.000000
v 3.943223 0.664778 0.000000
v 3.919922 0.675953 0.000000
v 3.894820 0.684181 0.000000
v 3.868113 0.689262 0.000000
v 3.840000 0.691000 0.000000
v 3.810890 0.689282 0.000000
v 3.783199 0.684259 0.000000
v 3.757141 0.676125 0.000000
v 3.732926 0.665074 0.000000
v 3.710767 0.651301 0.000000
v 3.690875 0.635000 0.000000
v 3.673463 0.616366 0.000000
v 3.658741 0.595593 0.000000
v 3.646922 0.572875 0.000000
v 3.638218 0.548407 0.000000
v 3.632840 0.522384 0.000000
v 3.631000 0.495000 0.000000
v 3.631620 0.480630 0.000000
v 3.633459 0.466542 0.000000
v 3.636485 0.452766 0.000000
v 3.640667 0.439333 0.000000
v 3.645974 0.426276 0.000000
v 3.652375 0.413625 0.000000
v 3.659839 0.401412 0.000000
v 3.668334 0.389667 0.000000
v 3.677828 0.378422 0.000000
v 3.688292 0.367708 0.000000
v 3.699693 0.357557 0.000000
v 3.712000 0.348000 0.000000
v 3.696437 0.338185 0.000000
v 3.682245 0.327731 0.000000
v 3.669422 0.316625 0.000000
v 3.657963 0.304852 0.000000
v 3.647865 0.292398 0.000000
v 3.639125 0.279250 0.000000
v 3.631739 0.265394 0.000000
v 3.625704 0.250815 0.000000
v 3.621016 0.235500 0.000000
v 3.617671 0.219435 0.000000
v 3.615667 0.202606 0.000000
v 3.615000 0.185000 0.000000
v 3.616961 0.158285 0.000000
v 3.622685 0.132782 0.000000
v 3.631938 0.108703 0.000000
v 3.644482 0.086259 0.000000
v 3.660081 0.065663 0.000000
v 3.678500 0.047125 0.000000
v 3.699502 0.030858 0.000000
v 3.722852 0.017074 0.000000
v 3.748313 0.005984 0.000000
v 3.775648 -0.002199 -0.000000
v 3.804623 -0.007264 -0.000000
v 3.835000 -0.009000 -0.000000
v 3.864879 -0.007284 -0.000000
v 3.893361 -0.002273 -0.000000
v 3.920219 0.005828 0.000000
v 3.945222 0.016815 0.000000
v 3.968143 0.030482 0.000000
v 3.988750 0.046625 0.000000
v 4.006816 0.065039 0.000000
v 4.022111 0.085519 0.000000
v 4.034406 0.107859 0.000000
v 4.043472 0.131857 0.000000
v 4.049079 0.157305 0.000000
v 3.943000 0.495000 0.000000
v 3.942022 0.481439 0.000000
v 3.939172 0.468347 0.000000
v 3.934578 0.455859 0.000000
v 3.928371 0.444111 0.000000
v 3.920677 0.433238 0.000000
v 3.911625 0.423375 0.000000
v 3.901345 0.414658 0.000000
v 3.889963 0.407222 0.000000
v 3.877610 0.401203 0.000000
v 3.864412 0.396736 0.000000
v 3.850500 0.393957 0.000000
v 3.836000 0.393000 0.000000
v 3.821711 0.393977 0.000000
v 3.807935 0.396815 0.000000
v 3.794812 0.401375 0.000000
v 3.782481 0.407519 0.000000
v 3.771081 0.415106 0.000000
v 3.760750 0.424000 0.000000
v 3.751627 0.434060 0.000000
v 3.743852 0.445148 0.000000
v 3.737563 0.457125 0.000000
v 3.732898 0.469852 0.000000
v 3.729998 0.483190 0.000000
v 3.729000 0.497000 0.000000
v 3.729903 0.511802 0.000000
v 3.732560 0.525662 0.000000
v 3.736891 0.538516 0.000000
v 3.742815 0.550296 0.000000
v 3.750253 0.560938 0.000000
v 3.759125 0.570375 0.000000
v 3.769351 0.578541 0.000000
v 3.780852 0.585370 0.000000
v 3.793547 0.590797 0.000000
v 3.807357 0.594755 0.000000
v 3.822201 0.597178 0.000000
v 3.838000 0.598000 0.000000
v 3.852880 0.597100 0.000000
v 3.866959 0.594468 0.000000
v 3.880141 0.590203 0.000000
v 3.892334 0.584407 0.000000
v 3.903443 0.577181 0.000000
v 3.913375 0.568625 0.000000
v 3.922037 0.558840 0.000000
v 3.929334 0.547926 0.000000
v 3.935172 0.535984 0.000000
v 3.939459 0.523116 0.000000
v 3.942100 0.509421 0.000000
v 3.953000 0.192000 0.000000
v 3.952148 0.177901 0.000000
v 3.949597 0.164208 0.000000
v 3.945359 0.151078 0.000000
v 3.939445 0.138667 0.000000
v 3.931863 0.127130 0.000000
v 3.922625 0.116625 0.000000
v 3.911742 0.107307 0.000000
v 3.899223 0.099333 0.000000
v 3.885078 0.092859 0.000000
v 3.869320 0.088042 0.000000
v 3.851957 0.085036 0.000000
v 3.833000 0.084000 0.000000
v 3.815934 0.084922 0.000000
v 3.799806 0.087625 0.000000
v 3.784719 0.092016 0.000000
v 3.770778 0.098000 0.000000
v 3.758087 0.105484 0.000000
v 3.746750 0.114375 0.000000
v 3.736871 0.124578 0.000000
v 3.728555 0.136000 0.000000
v 3.721906 0.148547 0.000000
v 3.717028 0.162125 0.000000
v 3.714024 0.176641 0.000000
v 3.713000 0.192000 0.000000
v 3.713988 0.207569 0.000000
v 3.716898 0.222222 0.000000
v 3.721657 0.235875 0.000000
v 3.728185 0.248444 0.000000
v 3.736409 0.259847 0.000000
v 3.746250 0.270000 0.000000
v 3.757633 0.278819 0.000000
v 3.770482 0.286222 0.000000
v 3.784719 0.292125 0.000000
v 3.800268 0.296444 0.000000
v 3.817054 0.299097 0.000000
v 3.835000 0.300000 0.000000
v 3.851817 0.299059 0.000000
v 3.867699 0.296306 0.000000
v 3.882547 0.291844 0.000000
v 3.896260 0.285778 0.000000
v 3.908736 0.278212 0.000000
v 3.919875 0.269250 0.000000
v 3.929577 0.258997 0.000000
v 3.937741 0.247556 0.000000
v 3.944266 0.235031 0.000000
v 3.949051 0.221528 0.000000
v 3.951996 0.207149 0.000000
v 0.285000 0.359000 0.000000
v 0.582000 0.682000 0.000000
v 0.460000 0.682000 0.000000
v 0.173000 0.370000 0.000000
v 0.173000 0.682000 0.000000
v 0.075000 0.682000 0.000000
v 0.075000 0.000000 0.000000
v 0.173000 0.000000 0.000000
v 0.173000 0.337000 0.000000
v 0.520000 0.000000 0.000000
v 0.655000 0.000000 0.000000
v 0.701000 0.341000 0.000000
v 0.703903 0.295251 0.000000
v 0.712477 0.250838 0.000000
v 0.726516 0.208266 0.000000
v 0.745815 0.168037 0.000000
v 0.770170 0.130656 0.000000
v 0.799375 0.096625 0.000000
v 0.833226 0.066448 0.000000
v 0.871519 0.040630 0.000000
v 0.914047 0.019672 0.000000
v 0.960607 0.004079 0.000000
v 1.010993 -0.005646 -0.000000
v 1.065000 -0.009000 -0.000000
v 1.120787 -0.005627 -0.000000
v 1.172542 0.004148 0.000000
v 1.220109 0.019813 0.000000
v 1.263333 0.040852 0.000000
v 1.302057 0.066752 0.000000
v 1.336125 0.097000 0.000000
v 1.365380 0.131081 0.000000
v 1.389667 0.168481 0.000000
v 1.408828 0.208688 0.000000
v 1.422709 0.251185 0.000000
v 1.431151 0.295461 0.000000
v 1.434000 0.341000 0.000000
v 1.431076 0.387800 0.000000
v 1.422440 0.432898 0.000000
v 1.408297 0.475844 0.000000
v 1.388852 0.516185 0.000000
v 1.364310 0.553471 0.000000
v 1.334875 0.587250 0.000000
v 1.300753 0.617071 0.000000
v 1.262148 0.642482 0.000000
v 1.219266 0.663031 0.000000
v 1.172310 0.678269 0.000000
v 1.121487 0.687742 0.000000
v 1.067000 0.691000 0.000000
v 1.013373 0.687723 0.000000
v 0.963153 0.678199 0.000000
v 0.916578 0.662891 0.000000
v 0.873889 0.642259 0.000000
v 0.835325 0.616767 0.000000
v 0.801125 0.586875 0.000000
v 0.771529 0.553046 0.000000
v 0.746778 0.515741 0.000000
v 0.727109 0.475422 0.000000
v 0.712764 0.432551 0.000000
v 0.703981 0.387590 0.000000
v 0.802000 0.341000 0.000000
v 0.804311 0.377626 0.000000
v 0.811074 0.412343 0.000000
v 0.822031 0.444906 0.000000
v 0.836926 0.475074 0.000000
v 0.855501 0.502603 0.000000
v 0.877500 0.527250 0.000000
v 0.902666 0.548772 0.000000
v 0.930741 0.566926 0.000000
v 0.961469 0.581469 0.000000
v 0.994593 0.592157 0.000000
v 1.029855 0.598749 0.000000
v 1.067000 0.601000 0.000000
v 1.104374 0.598749 0.000000
v 1.139829 0.592157 0.000000
v 1.173109 0.581469 0.000000
v 1.203963 0.566926 0.000000
v 1.232136 0.548772 0.000000
v 1.257375 0.527250 0.000000
v 1.279427 0.502603 0.000000
v 1.298037 0.475074 0.000000
v 1.312953 0.444906 0.000000
v 1.323921 0.412343 0.000000
v 1.330688 0.377626 0.000000
v 1.333000 0.341000 0.000000
v 1.330688 0.304584 0.000000
v 1.323921 0.270005 0.000000
v 1.312953 0.237516 0.000000
v 1.298037 0.207370 0.000000
v 1.279427 0.179822 0.000000
v 1.257375 0.155125 0.000000
v 1.232136 0.133532 0.000000
v 1.203963 0.115296 0.000000
v 1.173109 0.100672 0.000000
v 1.139829 0.089912 0.000000
v 1.104374 0.083270 0.000000
v 1.067000 0.081000 0.000000
v 1.029855 0.083270 0.000000
v 0.994593 0.089912 0.000000
v 0.961469 0.100672 0.000000
v 0.930741 0.115296 0.000000
v 0.902666 0.133532 0.000000
v 0.877500 0.155125 0.000000
v 0.855501 0.179822 0.000000
v 0.836926 0.207370 0.000000
v 0.822031 0.237516 0.000000
v 0.811074 0.270005 0.000000
v 0.804311 0.304584 0.000000
v 1.556000 0.682000 0.000000
v 1.556000 0.000000 0.000000
v 1.654000 0.000000 0.000000
v 1.654000 0.296000 0.000000
v 1.695000 0.296000 0.000000
v 1.707346 0.295604 0.000000
v 1.719519 0.294167 0.000000
v 1.731719 0.291313 0.000000
v 1.744148 0.286667 0.000000
v 1.757008 0.279854 0.000000
v 1.770500 0.270500 0.000000
v 1.784825 0.258229 0.000000
v 1.800185 0.242667 0.000000
v 1.816781 0.223437 0.000000
v 1.834815 0.200167 0.000000
v 1.854487 0.172479 0.000000
v 1.876000 0.140000 0.000000
v 1.966000 0.000000 0.000000
v 2.083000 0.000000 0.000000
v 2.071847 0.015411 0.000000
v 2.061793 0.029298 0.000000
v 2.052694 0.041891 0.000000
v 2.044405 0.053420 0.000000
v 2.036783 0.064116 0.000000
v 2.029683 0.074209 0.000000
v 2.022962 0.083929 0.000000
v 2.016476 0.093507 0.000000
v 2.010081 0.103172 0.000000
v 2.003632 0.113156 0.000000
v 1.996987 0.123689 0.000000
v 1.990000 0.135000 0.000000
v 1.977270 0.155792 0.000000
v 1.964991 0.175667 0.000000
v 1.953031 0.194625 0.000000
v 1.941259 0.212667 0.000000
v 1.929543 0.229792 0.000000
v 1.917750 0.246000 0.000000
v 1.905749 0.261292 0.000000
v 1.893407 0.275667 0.000000
v 1.880594 0.289125 0.000000
v 1.867176 0.301667 0.000000
v 1.853022 0.313292 0.000000
v 1.838000 0.324000 0.000000
v 1.855578 0.331869 0.000000
v 1.871792 0.340954 0.000000
v 1.886609 0.351219 0.000000
v 1.900000 0.362630 0.000000
v 1.911932 0.375152 0.000000
v 1.922375 0.388750 0.000000
v 1.931297 0.403390 0.000000
v 1.938667 0.419037 0.000000
v 1.944453 0.435656 0.000000
v 1.948625 0.453213 0.000000
v 1.951151 0.471673 0.000000
v 1.952000 0.491000 0.000000
v 1.950228 0.519546 0.000000
v 1.944991 0.546120 0.000000
v 1.936406 0.570625 0.000000
v 1.924593 0.592963 0.000000
v 1.909668 0.613037 0.000000
v 1.891750 0.630750 0.000000
v 1.870957 0.646005 0.000000
v 1.847407 0.658704 0.000000
v 1.821219 0.668750 0.000000
v 1.792509 0.676046 0.000000
v 1.761397 0.680495 0.000000
v 1.728000 0.682000 0.000000
v 1.654000 0.598000 0.000000
v 1.717000 0.598000 0.000000
v 1.739572 0.597196 0.000000
v 1.759834 0.594815 0.000000
v 1.777858 0.590906 0.000000
v 1.793713 0.585518 0.000000
v 1.807472 0.578700 0.000000
v 1.819204 0.570499 0.000000
v 1.828980 0.560966 0.000000
v 1.836871 0.550147 0.000000
v 1.842948 0.538093 0.000000
v 1.847281 0.524851 0.000000
v 1.849942 0.510471 0.000000
v 1.851000 0.495000 0.000000
v 1.850579 0.480842 0.000000
v 1.848713 0.466986 0.000000
v 1.845250 0.453609 0.000000
v 1.840037 0.440889 0.000000
v 1.832922 0.429002 0.000000
v 1.823750 0.418125 0.000000
v 1.812371 0.408436 0.000000
v 1.798630 0.400111 0.000000
v 1.782375 0.393328 0.000000
v 1.763454 0.388264 0.000000
v 1.741713 0.385095 0.000000
v 1.717000 0.384000 0.000000
v 1.654000 0.384000 0.000000
v 2.553000 0.341000 0.000000
v 2.551192 0.392001 0.000000
v 2.545871 0.439843 0.000000
v 2.537188 0.484281 0.000000
v 2.525296 0.525074 0.000000
v 2.510350 0.561978 0.000000
v 2.492500 0.594750 0.000000
v 2.471901 0.623147 0.000000
v 2.448704 0.646926 0.000000
v 2.423063 0.665844 0.000000
v 2.395130 0.679658 0.000000
v 2.365058 0.688124 0.000000
v 2.333000 0.691000 0.000000
v 2.300942 0.688124 0.000000
v 2.270871 0.679657 0.000000
v 2.242938 0.665844 0.000000
v 2.217297 0.646926 0.000000
v 2.194100 0.623147 0.000000
v 2.173500 0.594750 0.000000
v 2.155651 0.561978 0.000000
v 2.140704 0.525074 0.000000
v 2.128813 0.484281 0.000000
v 2.120130 0.439843 0.000000
v 2.114808 0.392001 0.000000
v 2.113000 0.341000 0.000000
v 2.114808 0.289999 0.000000
v 2.120130 0.242157 0.000000
v 2.128813 0.197719 0.000000
v 2.140704 0.156926 0.000000
v 2.155651 0.120022 0.000000
v 2.173500 0.087250 0.000000
v 2.194100 0.058853 0.000000
v 2.217296 0.035074 0.000000
v 2.242938 0.016156 0.000000
v 2.270870 0.002343 0.000000
v 2.300942 -0.006124 -0.000000
v 2.333000 -0.009000 -0.000000
v 2.365058 -0.006124 -0.000000
v 2.395130 0.002343 0.000000
v 2.423063 0.016156 0.000000
v 2.448704 0.035074 0.000000
v 2.471900 0.058853 0.000000
v 2.492500 0.087250 0.000000
v 2.510350 0.120022 0.000000
v 2.525296 0.156926 0.000000
v 2.537187 0.197719 0.000000
v 2.545870 0.242157 0.000000
v 2.551192 0.289999 0.000000
v 2.455000 0.341000 0.000000
v 2.454051 0.302332 0.000000
v 2.451241 0.266407 0.000000
v 2.446625 0.233344 0.000000
v 2.440259 0.203259 0.000000
v 2.432199 0.176272 0.000000
v 2.422500 0.152500 0.000000
v 2.411217 0.132061 0.000000
v 2.398407 0.115074 0.000000
v 2.384125 0.101656 0.000000
v 2.368426 0.091926 0.000000
v 2.351365 0.086001 0.000000
v 2.333000 0.084000 0.000000
v 2.314635 0.086001 0.000000
v 2.297574 0.091926 0.000000
v 2.281875 0.101656 0.000000
v 2.267593 0.115074 0.000000
v 2.254782 0.132061 0.000000
v 2.243500 0.152500 0.000000
v 2.233801 0.176272 0.000000
v 2.225741 0.203259 0.000000
v 2.219375 0.233344 0.000000
v 2.214759 0.266407 0.000000
v 2.211949 0.302332 0.000000
v 2.211000 0.341000 0.000000
v 2.211949 0.379668 0.000000
v 2.214760 0.415593 0.000000
v 2.219375 0.448656 0.000000
v 2.225741 0.478741 0.000000
v 2.233801 0.505728 0.000000
v 2.243500 0.529500 0.000000
v 2.254783 0.549939 0.000000
v 2.267593 0.566926 0.000000
v 2.281876 0.580344 0.000000
v 2.297575 0.590074 0.000000
v 2.314635 0.595999 0.000000
v 2.333000 0.598000 0.000000
v 2.351366 0.595999 0.000000
v 2.368426 0.590074 0.000000
v 2.384125 0.580344 0.000000
v 2.398408 0.566926 0.000000
v 2.411218 0.549939 0.000000
v 2.422500 0.529500 0.000000
v 2.432199 0.505728 0.000000
v 2.440260 0.478741 0.000000
v 2.446625 0.448656 0.000000
v 2.451241 0.415593 0.000000
v 2.454051 0.379668 0.000000
v 2.664000 0.569000 0.000000
v 2.675449 0.573982 0.000000
v 2.686343 0.578440 0.000000
v 2.696750 0.582391 0.000000
v 2.706741 0.585852 0.000000
v 2.716385 0.588841 0.000000
v 2.725750 0.591375 0.000000
v 2.734908 0.593472 0.000000
v 2.743926 0.595148 0.000000
v 2.752875 0.596422 0.000000
v 2.761824 0.597310 0.000000
v 2.770843 0.597830 0.000000
v 2.780000 0.598000 0.000000
v 2.797447 0.597196 0.000000
v 2.813741 0.594819 0.000000
v 2.828813 0.590922 0.000000
v 2.842593 0.585556 0.000000
v 2.855012 0.578773 0.000000
v 2.866000 0.570625 0.000000
v 2.875489 0.561165 0.000000
v 2.883408 0.550444 0.000000
v 2.889688 0.538516 0.000000
v 2.894260 0.525431 0.000000
v 2.897054 0.511241 0.000000
v 2.898000 0.496000 0.000000
v 2.897063 0.481028 0.000000
v 2.894250 0.467139 0.000000
v 2.889563 0.454375 0.000000
v 2.883000 0.442778 0.000000
v 2.874563 0.432389 0.000000
v 2.864250 0.423250 0.000000
v 2.852063 0.415403 0.000000
v 2.838001 0.408889 0.000000
v 2.822063 0.403750 0.000000
v 2.804250 0.400028 0.000000
v 2.784563 0.397764 0.000000
v 2.763000 0.397000 0.000000
v 2.763000 0.307000 0.000000
v 2.786250 0.307087 0.000000
v 2.807496 0.304944 0.000000
v 2.826735 0.300719 0.000000
v 2.843963 0.294556 0.000000
v 2.859178 0.286601 0.000000
v 2.872375 0.277000 0.000000
v 2.883552 0.265899 0.000000
v 2.892704 0.253444 0.000000
v 2.899828 0.239781 0.000000
v 2.904922 0.225056 0.000000
v 2.907980 0.209413 0.000000
v 2.909000 0.193000 0.000000
v 2.908115 0.176991 0.000000
v 2.905505 0.162009 0.000000
v 2.901235 0.148125 0.000000
v 2.895371 0.135407 0.000000
v 2.887979 0.123926 0.000000
v 2.879125 0.113750 0.000000
v 2.868876 0.104949 0.000000
v 2.857297 0.097593 0.000000
v 2.844454 0.091750 0.000000
v 2.830412 0.087491 0.000000
v 2.815239 0.084884 0.000000
v 2.799000 0.084000 0.000000
v 2.786499 0.084355 0.000000
v 2.773991 0.085421 0.000000
v 2.761469 0.087203 0.000000
v 2.748926 0.089704 0.000000
v 2.736355 0.092927 0.000000
v 2.723750 0.096875 0.000000
v 2.711103 0.101553 0.000000
v 2.698407 0.106963 0.000000
v 2.685656 0.113109 0.000000
v 2.672843 0.119995 0.000000
v 2.659960 0.127624 0.000000
v 2.647000 0.136000 0.000000
v 2.647000 0.030000 0.000000
v 2.659249 0.023981 0.000000
v 2.671491 0.018431 0.000000
v 2.683719 0.013359 0.000000
v 2.695926 0.008778 0.000000
v 2.708105 0.004696 0.000000
v 2.720250 0.001125 0.000000
v 2.732353 -0.001925 -0.000000
v 2.744408 -0.004444 -0.000000
v 2.756407 -0.006422 -0.000000
v 2.768343 -0.007847 -0.000000
v 2.780210 -0.008710 -0.000000
v 2.792000 -0.009000 -0.000000
v 2.822699 -0.007257 -0.000000
v 2.851676 -0.002139 -0.000000
v 2.878750 0.006188 0.000000
v 2.903741 0.017556 0.000000
v 2.926468 0.031799 0.000000
v 2.946750 0.048750 0.000000
v 2.964408 0.068243 0.000000
v 2.979260 0.090111 0.000000
v 2.991126 0.114188 0.000000
v 2.999825 0.140306 0.000000
v 3.005177 0.168299 0.000000
v 3.007000 0.198000 0.000000
v 3.006371 0.215491 0.000000
v 3.004463 0.232847 0.000000
v 3.001250 0.249891 0.000000
v 2.996704 0.266444 0.000000
v 2.990797 0.282332 0.000000
v 2.983500 0.297375 0.000000
v 2.974787 0.311398 0.000000
v 2.964630 0.324222 0.000000
v 2.953000 0.335672 0.000000
v 2.939871 0.345569 0.000000
v 2.925213 0.353738 0.000000
v 2.909000 0.360000 0.000000
v 2.923736 0.368701 0.000000
v 2.936972 0.377861 0.000000
v 2.948750 0.387563 0.000000
v 2.959111 0.397889 0.000000
v 2.968098 0.408924 0.000000
v 2.975750 0.420750 0.000000
v 2.982111 0.433451 0.000000
v 2.987223 0.447111 0.000000
v 2.991125 0.461813 0.000000
v 2.993861 0.477639 0.000000
v 2.995472 0.494674 0.000000
v 2.996000 0.513000 0.000000
v 2.994375 0.539190 0.000000
v 2.989583 0.563685 0.000000
v 2.981750 0.586375 0.000000
v 2.971000 0.607148 0.000000
v 2.957458 0.625894 0.000000
v 2.941250 0.642500 0.000000
v 2.922500 0.656857 0.000000
v 2.901333 0.668852 0.000000
v 2.877875 0.678375 0.000000
v 2.852250 0.685315 0.000000
v 2.824583 0.689560 0.000000
v 2.795000 0.691000 0.000000
v 2.782492 0.690811 0.000000
v 2.770435 0.690241 0.000000
v 2.758781 0.689281 0.000000
v 2.747482 0.687926 0.000000
v 2.736487 0.686168 0.000000
v 2.725750 0.684000 0.000000
v 2.715221 0.681415 0.000000
v 2.704852 0.678407 0.000000
v 2.694594 0.674969 0.000000
v 2.684398 0.671093 0.000000
v 2.674217 0.666772 0.000000
v 2.664000 0.662000 0.000000
v 3.553000 0.341000 0.000000
v 3.551192 0.392001 0.000000
v 3.545871 0.439843 0.000000
v 3.537188 0.484281 0.000000
v 3.525296 0.525074 0.000000
v 3.510350 0.561978 0.000000
v 3.492500 0.594750 0.000000
v 3.471901 0.623147 0.000000
v 3.448704 0.646926 0.000000
v 3.423063 0.665844 0.000000
v 3.395130 0.679658 0.000000
v 3.365058 0.688124 0.000000
v 3.333000 0.691000 0.000000
v 3.300942 0.688124 0.000000
v 3.270871 0.679657 0.000000
v 3.242938 0.665844 0.000000
v 3.217297 0.646926 0.000000
v 3.194100 0.623147 0.000000
v 3.173500 0.594750 0.000000
v 3.155651 0.561978 0.000000
v 3.140704 0.525074 0.000000
v 3.128813 0.484281 0.000000
v 3.120130 0.439843 0.000000
v 3.114808 0.392001 0.000000
v 3.113000 0.341000 0.000000
v 3.114808 0.289999 0.000000
v 3.120130 0.242157 0.000000
v 3.128813 0.197719 0.000000
v 3.140704 0.156926 0.000000
v 3.155651 0.120022 0.000000
v 3.173500 0.087250 0.000000
v 3.194100 0.058853 0.000000
v 3.217296 0.035074 0.000000
v 3.242938 0.016156 0.000000
v 3.270870 0.002343 0.000000
v 3.300942 -0.006124 -0.000000
v 3.333000 -0.009000 -0.000000
v 3.365058 -0.006124 -0.000000
v 3.395130 0.002343 0.000000
v 3.423063 0.016156 0.000000
v 3.448704 0.035074 0.000000
v 3.471900 0.058853 0.000000
v 3.492500 0.087250 0.000000
v 3.510350 0.120022 0.000000
v 3.525296 0.156926 0.000000
v 3.537187 0.197719 0.000000
v 3.545870 0.242157 0.000000
v 3.551192 0.289999 0.000000
v 3.455000 0.341000 0.000000
v 3.454051 0.302332 0.000000
v 3.451241 0.266407 0.000000
v 3.446625 0.233344 0.000000
v 3.440259 0.203259 0.000000
v 3.432199 0.176272 0.000000
v 3.422500 0.152500 0.000000
v 3.411217 0.132061 0.000000
v 3.398407 0.115074 0.000000
v 3.384125 0.101656 0.000000
v 3.368426 0.091926 0.000000
v 3.351365 0.086001 0.000000
v 3.333000 0.084000 0.000000
v 3.314635 0.086001 0.000000
v 3.297574 0.091926 0.000000
v 3.281875 0.101656 0.000000
v 3.267593 0.115074 0.000000
v 3.254782 0.132061 0.000000
v 3.243500 0.152500 0.000000
v 3.233801 0.176272 0.000000
v 3.225741 0.203259 0.000000
v 3.219375 0.233344 0.000000
v 3.214759 0.266407 0.000000
v 3.211949 0.302332 0.000000
v 3.211000 0.341000 0.000000
v 3.211949 0.379668 0.000000
v 3.214760 0.415593 0.000000
v 3.219375 0.448656 0.000000
v 3.225741 0.478741 0.000000
v 3.233801 0.505728 0.000000
v 3.243500 0.529500 0.000000
v 3.254783 0.549939 0.000000
v 3.267593 0.566926 0.000000
v 3.281876 0.580344 0.000000
v 3.297575 0.590074 0.000000
v 3.314635 0.595999 0.000000
v 3.333000 0.598000 0.000000
v 3.351366 0.595999 0.000000
v 3.368426 0.590074 0.000000
v 3.384125 0.580344 0.000000
v 3.398408 0.566926 0.000000
v 3.411218 0.549939 0.000000
v 3.422500 0.529500 0.000000
v 3.432199 0.505728 0.000000
v 3.440260 0.478741 0.000000
v 3.446625 0.448656 0.000000
v 3.451241 0.415593 0.000000
v 3.454051 0.379668 0.000000
v 4.051000 0.184000 -0.546934
v 4.050334 0.201091 -0.546934
v 4.048338 0.217815 -0.546934
v 4.045016 0.234094 -0.546934
v 4.040370 0.249852 -0.546934
v 4.034406 0.265013 -0.546934
v 4.027125 0.279500 -0.546934
v 4.018532 0.293237 -0.546934
v 4.008630 0.306148 -0.546934
v 3.997422 0.318156 -0.546934
v 3.984912 0.329185 -0.546934
v 3.971104 0.339159 -0.546934
v 3.956000 0.348000 -0.546934
v 3.969857 0.357862 -0.546934
v 3.982435 0.368394 -0.546934
v 3.993750 0.379516 -0.546934
v 4.003815 0.391148 -0.546934
v 4.012644 0.403211 -0.546934
v 4.020250 0.415625 -0.546934
v 4.026649 0.428310 -0.546934
v 4.031852 0.441185 -0.546934
v 4.035875 0.454172 -0.546934
v 4.038732 0.467190 -0.546934
v 4.040435 0.480159 -0.546934
v 4.041000 0.493000 -0.546934
v 4.039242 0.520634 -0.546934
v 4.034098 0.546903 -0.546934
v 4.025766 0.571609 -0.546934
v 4.014445 0.594556 -0.546934
v 4.000332 0.615543 -0.546934
v 3.983625 0.634375 -0.546934
v 3.964523 0.650852 -0.546934
v 3.943223 0.664778 -0.546934
v 3.919922 0.675953 -0.546934
v 3.894820 0.684181 -0.546934
v 3.868113 0.689262 -0.546934
v 3.840000 0.691000 -0.546934
v 3.810890 0.689282 -0.546934
v 3.783199 0.684259 -0.546934
v 3.757141 0.676125 -0.546934
v 3.732926 0.665074 -0.546934
v 3.710767 0.651301 -0.546934
v 3.690875 0.635000 -0.546934
v 3.673463 0.616366 -0.546934
v 3.658741 0.595593 -0.546934
v 3.646922 0.572875 -0.546934
v 3.638218 0.548407 -0.546934
v 3.632840 0.522384 -0.546934
v 3.631000 0.495000 -0.546934
v 3.631620 0.480630 -0.546934
v 3.633459 0.466542 -0.546934
v 3.636485 0.452766 -0.546934
v 3.640667 0.439333 -0.546934
v 3.645974 0.426276 -0.546934
v 3.652375 0.413625 -0.546934
v 3.659839 0.401412 -0.546934
v 3.668334 0.389667 -0.546934
v 3.677828 0.378422 -0.546934
v 3.688292 0.367708 -0.546934
v 3.699693 0.357557 -0.546934
v 3.712000 0.348000 -0.546934
v 3.696437 0.338185 -0.546934
v 3.682245 0.327732 -0.546934
v 3.669422 0.316625 -0.546934
v 3.657963 0.304852 -0.546934
v 3.647865 0.292398 -0.546934
v 3.639125 0.279250 -0.546934
v 3.631739 0.265394 -0.546934
v 3.625704 0.250815 -0.546934
v 3.621016 0.235500 -0.546934
v 3.617671 0.219435 -0.546934
v 3.615667 0.202607 -0.546934
v 3.615000 0.185000 -0.546934
v 3.616961 0.158285 -0.546934
v 3.622685 0.132782 -0.546934
v 3.631938 0.108703 -0.546934
v 3.644482 0.086259 -0.546934
v 3.660081 0.065663 -0.546934
v 3.678500 0.047125 -0.546934
v 3.699502 0.030858 -0.546934
v 3.722852 0.017074 -0.546934
v 3.748313 0.005984 -0.546934
v 3.775648 -0.002199 -0.546934
v 3.804623 -0.007264 -0.546934
v 3.835000 -0.009000 -0.546934
v 3.864879 -0.007284 -0.546934
v 3.893361 -0.002273 -0.546934
v 3.920219 0.005828 -0.546934
v 3.945222 0.016815 -0.546934
v 3.968143 0.030482 -0.546934
v 3.988750 0.046625 -0.546934
v 4.006816 0.065039 -0.546934
v 4.022111 0.085519 -0.546934
v 4.034406 0.107859 -0.546934
v 4.043472 0.131857 -0.546934
v 4.049079 0.157305 -0.546934
v 3.943000 0.495000 -0.546934
v 3.942022 0.481439 -0.546934
v 3.939172 0.468347 -0.546934
v 3.934578 0.455859 -0.546934
v 3.928371 0.444111 -0.546934
v 3.920677 0.433238 -0.546934
v 3.911625 0.423375 -0.546934
v 3.901345 0.414658 -0.546934
v 3.889963 0.407222 -0.546934
v 3.877610 0.401203 -0.546934
v 3.864412 0.396736 -0.546934
v 3.850500 0.393957 -0.546934
v 3.836000 0.393000 -0.546934
v 3.821711 0.393977 -0.546934
v 3.807935 0.396815 -0.546934
v 3.794812 0.401375 -0.546934
v 3.782481 0.407519 -0.546934
v 3.771081 0.415107 -0.546934
v 3.760750 0.424000 -0.546934
v 3.751627 0.434060 -0.546934
v 3.743852 0.445148 -0.546934
v 3.737563 0.457125 -0.546934
v 3.732898 0.469852 -0.546934
v 3.729998 0.483190 -0.546934
v 3.729000 0.497000 -0.546934
v 3.729903 0.511802 -0.546934
v 3.732560 0.525662 -0.546934
v 3.736891 0.538516 -0.546934
v 3.742815 0.550296 -0.546934
v 3.750253 0.560938 -0.546934
v 3.759125 0.570375 -0.546934
v 3.769351 0.578541 -0.546934
v 3.780852 0.585370 -0.546934
v 3.793547 0.590797 -0.546934
v 3.807357 0.594755 -0.546934
v 3.822201 0.597178 -0.546934
v 3.838000 0.598000 -0.546934
v 3.852880 0.597100 -0.546934
v 3.866959 0.594468 -0.546934
v 3.880141 0.590203 -0.546934
v 3.892334 0.584407 -0.546934
v 3.903443 0.577181 -0.546934
v 3.913375 0.568625 -0.546934
v 3.922037 0.558840 -0.546934
v 3.929334 0.547926 -0.546934
v 3.935172 0.535984 -0.546934
v 3.939459 0.523116 -0.546934
v 3.942100 0.509421 -0.546934
v 3.953000 0.192000 -0.546934
v 3.952148 0.177901 -0.546934
v 3.949597 0.164208 -0.546934
v 3.945359 0.151078 -0.546934
v 3.939445 0.138667 -0.546934
v 3.931863 0.127130 -0.546934
v 3.922625 0.116625 -0.546934
v 3.911742 0.107307 -0.546934
v 3.899223 0.099333 -0.546934
v 3.885078 0.092859 -0.546934
v 3.869320 0.088042 -0.546934
v 3.851957 0.085036 -0.546934
v 3.833000 0.084000 -0.546934
v 3.815934 0.084922 -0.546934
v 3.799806 0.087625 -0.546934
v 3.784719 0.092016 -0.546934
v 3.770778 0.098000 -0.546934
v 3.758087 0.105484 -0.546934
v 3.746750 0.114375 -0.546934
v 3.736871 0.124578 -0.546934
v 3.728555 0.136000 -0.546934
v 3.721906 0.148547 -0.546934
v 3.717028 0.162125 -0.546934
v 3.714024 0.176641 -0.546934
v 3.713000 0.192000 -0.546934
v 3.713988 0.207569 -0.546934
v 3.716898 0.222222 -0.546934
v 3.721657 0.235875 -0.546934
v 3.728185 0.248444 -0.546934
v 3.736409 0.259847 -0.546934
v 3.746250 0.270000 -0.546934
v 3.757633 0.278819 -0.546934
v 3.770482 0.286222 -0.546934
v 3.784719 0.292125 -0.546934
v 3.800268 0.296444 -0.546934
v 3.817054 0.299097 -0.546934
v 3.835000 0.300000 -0.546934
v 3.851817 0.299059 -0.546934
v 3.867699 0.296306 -0.546934
v 3.882547 0.291844 -0.546934
v 3.896260 0.285778 -0.546934
v 3.908736 0.278212 -0.546934
v 3.919875 0.269250 -0.546934
v 3.929577 0.258997 -0.546934
v 3.937741 0.247556 -0.546934
v 3.944266 0.235031 -0.546934
v 3.949051 0.221528 -0.546934
v 3.951996 0.207149 -0.546934
v 0.285000 0.359000 -0.546934
v 0.582000 0.682000 -0.546934
v 0.460000 0.682000 -0.546934
v 0.173000 0.370000 -0.546934
v 0.173000 0.682000 -0.546934
v 0.075000 0.682000 -0.546934
v 0.075000 0.000000 -0.546934
v 0.173000 0.000000 -0.546934
v 0.173000 0.337000 -0.546934
v 0.520000 0.000000 -0.546934
v 0.655000 0.000000 -0.546934
v 0.701000 0.341000 -0.546934
v 0.703903 0.295251 -0.546934
v 0.712477 0.250838 -0.546934
v 0.726516 0.208266 -0.546934
v 0.745815 0.168037 -0.546934
v 0.770170 0.130656 -0.546934
v 0.799375 0.096625 -0.546934
v 0.833226 0.066449 -0.546934
v 0.871519 0.040630 -0.546934
v 0.914047 0.019672 -0.546934
v 0.960607 0.004079 -0.546934
v 1.010993 -0.005646 -0.546934
v 1.065000 -0.009000 -0.546934
v 1.120787 -0.005627 -0.546934
v 1.172542 0.004148 -0.546934
v 1.220109 0.019813 -0.546934
v 1.263333 0.040852 -0.546934
v 1.302057 0.066752 -0.546934
v 1.336125 0.097000 -0.546934
v 1.365380 0.131081 -0.546934
v 1.389667 0.168482 -0.546934
v 1.408828 0.208688 -0.546934
v 1.422709 0.251185 -0.546934
v 1.431151 0.295461 -0.546934
v 1.434000 0.341000 -0.546934
v 1.431076 0.387800 -0.546934
v 1.422440 0.432898 -0.546934
v 1.408297 0.475844 -0.546934
v 1.388852 0.516185 -0.546934
v 1.364310 0.553471 -0.546934
v 1.334875 0.587250 -0.546934
v 1.300753 0.617071 -0.546934
v 1.262148 0.642482 -0.546934
v 1.219266 0.663031 -0.546934
v 1.172310 0.678269 -0.546934
v 1.121487 0.687742 -0.546934
v 1.067000 0.691000 -0.546934
v 1.013373 0.687723 -0.546934
v 0.963153 0.678199 -0.546934
v 0.916578 0.662891 -0.546934
v 0.873889 0.642259 -0.546934
v 0.835325 0.616767 -0.546934
v 0.801125 0.586875 -0.546934
v 0.771529 0.553046 -0.546934
v 0.746778 0.515741 -0.546934
v 0.727109 0.475422 -0.546934
v 0.712764 0.432551 -0.546934
v 0.703981 0.387590 -0.546934
v 0.802000 0.341000 -0.546934
v 0.804311 0.377626 -0.546934
v 0.811074 0.412343 -0.546934
v 0.822031 0.444906 -0.546934
v 0.836926 0.475074 -0.546934
v 0.855501 0.502603 -0.546934
v 0.877500 0.527250 -0.546934
v 0.902666 0.548772 -0.546934
v 0.930741 0.566926 -0.546934
v 0.961469 0.581469 -0.546934
v 0.994593 0.592157 -0.546934
v 1.029855 0.598749 -0.546934
v 1.067000 0.601000 -0.546934
v 1.104374 0.598749 -0.546934
v 1.139829 0.592157 -0.546934
v 1.173109 0.581469 -0.546934
v 1.203963 0.566926 -0.546934
v 1.232136 0.548772 -0.546934
v 1.257375 0.527250 -0.546934
v 1.279427 0.502603 -0.546934
v 1.298037 0.475074 -0.546934
v 1.312953 0.444906 -0.546934
v 1.323921 0.412343 -0.546934
v 1.330688 0.377626 -0.546934
v 1.333000 0.341000 -0.546934
v 1.330688 0.304584 -0.546934
v 1.323921 0.270005 -0.546934
v 1.312953 0.237516 -0.546934
v 1.298037 0.207370 -0.546934
v 1.279427 0.179822 -0.546934
v 1.257375 0.155125 -0.546934
v 1.232136 0.133532 -0.546934
v 1.203963 0.115296 -0.546934
v 1.173109 0.100672 -0.546934
v 1.139829 0.089912 -0.546934
v 1.104374 0.083270 -0.546934
v 1.067000 0.081000 -0.546934
v 1.029855 0.083270 -0.546934
v 0.994593 0.089912 -0.546934
v 0.961469 0.100672 -0.546934
v 0.930741 0.115296 -0.546934
v 0.902666 0.133532 -0.546934
v 0.877500 0.155125 -0.546934
v 0.855501 0.179822 -0.546934
v 0.836926 0.207370 -0.546934
v 0.822031 0.237516 -0.546934
v 0.811074 0.270005 -0.546934
v 0.804311 0.304584 -0.546934
v 1.556000 0.682000 -0.546934
v 1.556000 0.000000 -0.546934
v 1.654000 0.000000 -0.546934
v 1.654000 0.296000 -0.546934
v 1.695000 0.296000 -0.546934
v 1.707346 0.295604 -0.546934
v 1.719519 0.294167 -0.546934
v 1.731719 0.291313 -0.546934
v 1.744148 0.286667 -0.546934
v 1.757008 0.279854 -0.546934
v 1.770500 0.270500 -0.546934
v 1.784825 0.258229 -0.546934
v 1.800185 0.242667 -0.546934
v 1.816781 0.223438 -0.546934
v 1.834815 0.200167 -0.546934
v 1.854487 0.172479 -0.546934
v 1.876000 0.140000 -0.546934
v 1.966000 0.000000 -0.546934
v 2.083000 0.000000 -0.546934
v 2.071847 0.015411 -0.546934
v 2.061793 0.029298 -0.546934
v 2.052694 0.041891 -0.546934
v 2.044405 0.053420 -0.546934
v 2.036783 0.064116 -0.546934
v 2.029683 0.074209 -0.546934
v 2.022962 0.083929 -0.546934
v 2.016476 0.093507 -0.546934
v 2.010081 0.103172 -0.546934
v 2.003632 0.113156 -0.546934
v 1.996987 0.123689 -0.546934
v 1.990000 0.135000 -0.546934
v 1.977270 0.155792 -0.546934
v 1.964991 0.175667 -0.546934
v 1.953031 0.194625 -0.546934
v 1.941259 0.212667 -0.546934
v 1.929543 0.229792 -0.546934
v 1.917750 0.246000 -0.546934
v 1.905749 0.261292 -0.546934
v 1.893407 0.275667 -0.546934
v 1.880594 0.289125 -0.546934
v 1.867176 0.301667 -0.546934
v 1.853022 0.313292 -0.546934
v 1.838000 0.324000 -0.546934
v 1.855578 0.331869 -0.546934
v 1.871792 0.340954 -0.546934
v 1.886609 0.351219 -0.546934
v 1.900000 0.362630 -0.546934
v 1.911932 0.375152 -0.546934
v 1.922375 0.388750 -0.546934
v 1.931297 0.403390 -0.546934
v 1.938667 0.419037 -0.546934
v 1.944453 0.435656 -0.546934
v 1.948625 0.453213 -0.546934
v 1.951151 0.471673 -0.546934
v 1.952000 0.491000 -0.546934
v 1.950228 0.519546 -0.546934
v 1.944991 0.546120 -0.546934
v 1.936406 0.570625 -0.546934
v 1.924593 0.592963 -0.546934
v 1.909668 0.613037 -0.546934
v 1.891750 0.630750 -0.546934
v 1.870957 0.646005 -0.546934
v 1.847407 0.658704 -0.546934
v 1.821219 0.668750 -0.546934
v 1.792509 0.676046 -0.546934
v 1.761397 0.680495 -0.546934
v 1.728000 0.682000 -0.546934
v 1.654000 0.598000 -0.546934
v 1.717000 0.598000 -0.546934
v 1.739572 0.597196 -0.546934
v 1.759834 0.594815 -0.546934
v 1.777858 0.590906 -0.546934
v 1.793713 0.585518 -0.546934
v 1.807472 0.578700 -0.546934
v 1.819204 0.570499 -0.546934
v 1.828980 0.560966 -0.546934
v 1.836871 0.550147 -0.546934
v 1.842948 0.538093 -0.546934
v 1.847281 0.524851 -0.546934
v 1.849942 0.510471 -0.546934
v 1.851000 0.495000 -0.546934
v 1.850579 0.480842 -0.546934
v 1.848713 0.466986 -0.546934
v 1.845250 0.453609 -0.546934
v 1.840037 0.440889 -0.546934
v 1.832922 0.429002 -0.546934
v 1.823750 0.418125 -0.546934
v 1.812371 0.408436 -0.546934
v 1.798630 0.400111 -0.546934
v 1.782375 0.393328 -0.546934
v 1.763454 0.388264 -0.546934
v 1.741713 0.385096 -0.546934
v 1.717000 0.384000 -0.546934
v 1.654000 0.384000 -0.546934
v 2.553000 0.341000 -0.546934
v 2.551192 0.392001 -0.546934
v 2.545871 0.439843 -0.546934
v 2.537188 0.484281 -0.546934
v 2.525296 0.525074 -0.546934
v 2.510350 0.561978 -0.546934
v 2.492500 0.594750 -0.546934
v 2.471901 0.623147 -0.546934
v 2.448704 0.646926 -0.546934
v 2.423063 0.665844 -0.546934
v 2.395130 0.679658 -0.546934
v 2.365058 0.688124 -0.546934
v 2.333000 0.691000 -0.546934
v 2.300942 0.688124 -0.546934
v 2.270871 0.679657 -0.546934
v 2.242938 0.665844 -0.546934
v 2.217297 0.646926 -0.546934
v 2.194100 0.623147 -0.546934
v 2.173500 0.594750 -0.546934
v 2.155651 0.561978 -0.546934
v 2.140704 0.525074 -0.546934
v 2.128813 0.484281 -0.546934
v 2.120130 0.439843 -0.546934
v 2.114808 0.392001 -0.546934
v 2.113000 0.341000 -0.546934
v 2.114808 0.289999 -0.546934
v 2.120130 0.242157 -0.546934
v 2.128813 0.197719 -0.546934
v 2.140704 0.156926 -0.546934
v 2.155651 0.120022 -0.546934
v 2.173500 0.087250 -0.546934
v 2.194100 0.058853 -0.546934
v 2.217296 0.035074 -0.546934
v 2.242938 0.016156 -0.546934
v 2.270870 0.002343 -0.546934
v 2.300942 -0.006124 -0.546934
v 2.333000 -0.009000 -0.546934
v 2.365058 -0.006124 -0.546934
v 2.395130 0.002343 -0.546934
v 2.423063 0.016156 -0.546934
v 2.448704 0.035074 -0.546934
v 2.471900 0.058853 -0.546934
v 2.492500 0.087250 -0.546934
v 2.510350 0.120022 -0.546934
v 2.525296 0.156926 -0.546934
v 2.537187 0.197719 -0.546934
v 2.545870 0.242157 -0.546934
v 2.551192 0.289999 -0.546934
v 2.455000 0.341000 -0.546934
v 2.454051 0.302332 -0.546934
v 2.451241 0.266407 -0.546934
v 2.446625 0.233344 -0.546934
v 2.440259 0.203259 -0.546934
v 2.432199 0.176272 -0.546934
v 2.422500 0.152500 -0.546934
v 2.411217 0.132061 -0.546934
v 2.398407 0.115074 -0.546934
v 2.384125 0.101656 -0.546934
v 2.368426 0.091926 -0.546934
v 2.351365 0.086001 -0.546934
v 2.333000 0.084000 -0.546934
v 2.314635 0.086001 -0.546934
v 2.297574 0.091926 -0.546934
v 2.281875 0.101656 -0.546934
v 2.267593 0.115074 -0.546934
v 2.254782 0.132061 -0.546934
v 2.243500 0.152500 -0.546934
v 2.233801 0.176272 -0.546934
v 2.225741 0.203259 -0.546934
v 2.219375 0.233344 -0.546934
v 2.214759 0.266407 -0.546934
v 2.211949 0.302332 -0.546934
v 2.211000 0.341000 -0.546934
v 2.211949 0.379668 -0.546934
v 2.214760 0.415593 -0.546934
v 2.219375 0.448656 -0.546934
v 2.225741 0.478741 -0.546934
v 2.233801 0.505728 -0.546934
v 2.243500 0.529500 -0.546934
v 2.254783 0.549939 -0.546934
v 2.267593 0.566926 -0.546934
v 2.281876 0.580344 -0.546934
v 2.297575 0.590074 -0.546934
v 2.314635 0.595999 -0.546934
v 2.333000 0.598000 -0.546934
v 2.351366 0.595999 -0.546934
v 2.368426 0.590074 -0.546934
v 2.384125 0.580344 -0.546934
v 2.398408 0.566926 -0.546934
v 2.411218 0.549939 -0.546934
v 2.422500 0.529500 -0.546934
v 2.432199 0.505728 -0.546934
v 2.440260 0.478741 -0.546934
v 2.446625 0.448656 -0.546934
v 2.451241 0.415593 -0.546934
v 2.454051 0.379668 -0.546934
v 2.664000 0.569000 -0.546934
v 2.675449 0.573982 -0.546934
v 2.686343 0.578440 -0.546934
v 2.696750 0.582391 -0.546934
v 2.706741 0.585852 -0.546934
v 2.716385 0.588841 -0.546934
v 2.725750 0.591375 -0.546934
v 2.734908 0.593472 -0.546934
v 2.743926 0.595148 -0.546934
v 2.752875 0.596422 -0.546934
v 2.761824 0.597310 -0.546934
v 2.770843 0.597830 -0.546934
v 2.780000 0.598000 -0.546934
v 2.797447 0.597196 -0.546934
v 2.813741 0.594819 -0.546934
v 2.828813 0.590922 -0.546934
v 2.842593 0.585556 -0.546934
v 2.855012 0.578773 -0.546934
v 2.866000 0.570625 -0.546934
v 2.875489 0.561165 -0.546934
v 2.883408 0.550444 -0.546934
v 2.889688 0.538516 -0.546934
v 2.894260 0.525431 -0.546934
v 2.897054 0.511241 -0.546934
v 2.898000 0.496000 -0.546934
v 2.897063 0.481028 -0.546934
v 2.894250 0.467139 -0.546934
v 2.889563 0.454375 -0.546934
v 2.883000 0.442778 -0.546934
v 2.874563 0.432389 -0.546934
v 2.864250 0.423250 -0.546934
v 2.852063 0.415403 -0.546934
v 2.838001 0.408889 -0.546934
v 2.822063 0.403750 -0.546934
v 2.804250 0.400028 -0.546934
v 2.784563 0.397764 -0.546934
v 2.763000 0.397000 -0.546934
v 2.763000 0.307000 -0.546934
v 2.786250 0.307087 -0.546934
v 2.807496 0.304944 -0.546934
v 2.826735 0.300719 -0.546934
v 2.843963 0.294556 -0.546934
v 2.859178 0.286601 -0.546934
v 2.872375 0.277000 -0.546934
v 2.883552 0.265899 -0.546934
v 2.892704 0.253444 -0.546934
v 2.899828 0.239781 -0.546934
v 2.904922 0.225056 -0.546934
v 2.907980 0.209413 -0.546934
v 2.909000 0.193000 -0.546934
v 2.908115 0.176991 -0.546934
v 2.905505 0.162009 -0.546934
v 2.901235 0.148125 -0.546934
v 2.895371 0.135407 -0.546934
v 2.887979 0.123926 -0.546934
v 2.879125 0.113750 -0.546934
v 2.868876 0.104949 -0.546934
v 2.857297 0.097593 -0.546934
v 2.844454 0.091750 -0.546934
v 2.830412 0.087491 -0.546934
v 2.815239 0.084884 -0.546934
v 2.799000 0.084000 -0.546934
v 2.786499 0.084355 -0.546934
v 2.773991 0.085421 -0.546934
v 2.761469 0.087203 -0.546934
v 2.748926 0.089704 -0.546934
v 2.736355 0.092927 -0.546934
v 2.723750 0.096875 -0.546934
v 2.711103 0.101553 -0.546934
v 2.698407 0.106963 -0.546934
v 2.685656 0.113109 -0.546934
v 2.672843 0.119995 -0.546934
v 2.659960 0.127624 -0.546934
v 2.647000 0.136000 -0.546934
v 2.647000 0.030000 -0.546934
v 2.659249 0.023981 -0.546934
v 2.671491 0.018431 -0.546934
v 2.683719 0.013359 -0.546934
v 2.695926 0.008778 -0.546934
v 2.708105 0.004696 -0.546934
v 2.720250 0.001125 -0.546934
v 2.732353 -0.001925 -0.546934
v 2.744408 -0.004444 -0.546934
v 2.756407 -0.006422 -0.546934
v 2.768343 -0.007847 -0.546934
v 2.780210 -0.008710 -0.546934
v 2.792000 -0.009000 -0.546934
v 2.822699 -0.007257 -0.546934
v 2.851676 -0.002139 -0.546934
v 2.878750 0.006188 -0.546934
v 2.903741 0.017556 -0.546934
v 2.926468 0.031799 -0.546934
v 2.946750 0.048750 -0.546934
v 2.964408 0.068243 -0.546934
v 2.979260 0.090111 -0.546934
v 2.991126 0.114188 -0.546934
v 2.999825 0.140306 -0.546934
v 3.005177 0.168299 -0.546934
v 3.007000 0.198000 -0.546934
v 3.006371 0.215491 -0.546934
v 3.004463 0.232847 -0.546934
v 3.001250 0.249891 -0.546934
v 2.996704 0.266444 -0.546934
v 2.990797 0.282332 -0.546934
v 2.983500 0.297375 -0.546934
v 2.974787 0.311398 -0.546934
v 2.964630 0.324222 -0.546934
v 2.953000 0.335672 -0.546934
v 2.939871 0.345569 -0.546934
v 2.925213 0.353738 -0.546934
v 2.909000 0.360000 -0.546934
v 2.923736 0.368701 -0.546934
v 2.936972 0.377861 -0.546934
v 2.948750 0.387563 -0.546934
v 2.959111 0.397889 -0.546934
v 2.968098 0.408924 -0.546934
v 2.975750 0.420750 -0.546934
v 2.982111 0.433451 -0.546934
v 2.987223 0.447111 -0.546934
v 2.991125 0.461813 -0.546934
v 2.993861 0.477639 -0.546934
v 2.995472 0.494674 -0.546934
v 2.996000 0.513000 -0.546934
v 2.994375 0.539190 -0.546934
v 2.989583 0.563685 -0.546934
v 2.981750 0.586375 -0.546934
v 2.971000 0.607148 -0.546934
v 2.957458 0.625894 -0.546934
v 2.941250 0.642500 -0.546934
v 2.922500 0.656857 -0.546934
v 2.901333 0.668852 -0.546934
v 2.877875 0.678375 -0.546934
v 2.852250 0.685315 -0.546934
v 2.824583 0.689560 -0.546934
v 2.795000 0.691000 -0.546934
v 2.782492 0.690811 -0.546934
v 2.770435 0.690241 -0.546934
v 2.758781 0.689281 -0.546934
v 2.747482 0.687926 -0.546934
v 2.736487 0.686168 -0.546934
v 2.725750 0.684000 -0.546934
v 2.715221 0.681415 -0.546934
v 2.704852 0.678407 -0.546934
v 2.694594 0.674969 -0.546934
v 2.684398 0.671093 -0.546934
v 2.674217 0.666772 -0.546934
v 2.664000 0.662000 -0.546934
v 3.553000 0.341000 -0.546934
v 3.551192 0.392001 -0.546934
v 3.545871 0.439843 -0.546934
v 3.537188 0.484281 -0.546934
v 3.525296 0.525074 -0.546934
v 3.510350 0.561978 -0.546934
v 3.492500 0.594750 -0.546934
v 3.471901 0.623147 -0.546934
v 3.448704 0.646926 -0.546934
v 3.423063 0.665844 -0.546934
v 3.395130 0.679658 -0.546934
v 3.365058 0.688124 -0.546934
v 3.333000 0.691000 -0.546934
v 3.300942 0.688124 -0.546934
v 3.270871 0.679657 -0.546934
v 3.242938 0.665844 -0.546934
v 3.217297 0.646926 -0.546934
v 3.194100 0.623147 -0.546934
v 3.173500 0.594750 -0.546934
v 3.155651 0.561978 -0.546934
v 3.140704 0.525074 -0.546934
v 3.128813 0.484281 -0.546934
v 3.120130 0.439843 -0.546934
v 3.114808 0.392001 -0.546934
v 3.113000 0.341000 -0.546934
v 3.114808 0.289999 -0.546934
v 3.120130 0.242157 -0.546934
v 3.128813 0.197719 -0.546934
v 3.140704 0.156926 -0.546934
v 3.155651 0.120022 -0.546934
v 3.173500 0.087250 -0.546934
v 3.194100 0.058853 -0.546934
v 3.217296 0.035074 -0.546934
v 3.242938 0.016156 -0.546934
v 3.270870 0.002343 -0.546934
v 3.300942 -0.006124 -0.546934
v 3.333000 -0.009000 -0.546934
v 3.365058 -0.006124 -0.546934
v 3.395130 0.002343 -0.546934
v 3.423063 0.016156 -0.546934
v 3.448704 0.035074 -0.546934
v 3.471900 0.058853 -0.546934
v 3.492500 0.087250 -0.546934
v 3.510350 0.120022 -0.546934
v 3.525296 0.156926 -0.546934
v 3.537187 0.197719 -0.546934
v 3.545870 0.242157 -0.546934
v 3.551192 0.289999 -0.546934
v 3.455000 0.341000 -0.546934
v 3.454051 0.302332 -0.546934
v 3.451241 0.266407 -0.546934
v 3.446625 0.233344 -0.546934
v 3.440259 0.203259 -0.546934
v 3.432199 0.176272 -0.546934
v 3.422500 0.152500 -0.546934
v 3.411217 0.132061 -0.546934
v 3.398407 0.115074 -0.546934
v 3.384125 0.101656 -0.546934
v 3.368426 0.091926 -0.546934
v 3.351365 0.086001 -0.546934
v 3.333000 0.084000 -0.546934
v 3.314635 0.086001 -0.546934
v 3.297574 0.091926 -0.546934
v 3.281875 0.101656 -0.546934
v 3.267593 0.115074 -0.546934
v 3.254782 0.132061 -0.546934
v 3.243500 0.152500 -0.546934
v 3.233801 0.176272 -0.546934
v 3.225741 0.203259 -0.546934
v 3.219375 0.233344 -0.546934
v 3.214759 0.266407 -0.546934
v 3.211949 0.302332 -0.546934
v 3.211000 0.341000 -0.546934
v 3.211949 0.379668 -0.546934
v 3.214760 0.415593 -0.546934
v 3.219375 0.448656 -0.546934
v 3.225741 0.478741 -0.546934
v 3.233801 0.505728 -0.546934
v 3.243500 0.529500 -0.546934
v 3.254783 0.549939 -0.546934
v 3.267593 0.566926 -0.546934
v 3.281876 0.580344 -0.546934
v 3.297575 0.590074 -0.546934
v 3.314635 0.595999 -0.546934
v 3.333000 0.598000 -0.546934
v 3.351366 0.595999 -0.546934
v 3.368426 0.590074 -0.546934
v 3.384125 0.580344 -0.546934
v 3.398408 0.566926 -0.546934
v 3.411218 0.549939 -0.546934
v 3.422500 0.529500 -0.546934
v 3.432199 0.505728 -0.546934
v 3.440260 0.478741 -0.546934
v 3.446625 0.448656 -0.546934
v 3.451241 0.415593 -0.546934
v 3.454051 0.379668 -0.546934
vn -0.0000 -0.0000 1.0000
vn -0.0000 -0.0000 -1.0000
vn -0.0000 0.0001 -1.0000
vn -0.0000 -0.0001 -1.0000
vn -0.0000 -0.0047 -1.0000
vn -0.0000 -0.0002 -1.0000
vn 0.9850 -0.1724 -0.0000
vn 0.9962 -0.0872 -0.0000
vn -0.7997 0.6004 -0.0000
vn -0.7048 0.7094 -0.0000
vn 0.3349 -0.9422 -0.0000
vn 0.2187 -0.9758 -0.0000
vn -0.7877 -0.6160 -0.0000
vn -0.7402 -0.6724 -0.0000
vn -0.4070 0.9134 -0.0000
vn -0.4232 0.9060 -0.0000
vn -0.8644 0.5028 -0.0000
vn -0.7891 0.6143 -0.0000
vn 0.7647 0.6444 -0.0000
vn 0.6569 0.7540 -0.0000
vn -0.4884 -0.8726 -0.0000
vn -0.6003 -0.7998 -0.0000
vn -0.2302 0.9731 -0.0000
vn -0.1120 0.9937 -0.0000
vn 0.3696 0.9292 -0.0000
vn 0.4132 0.9106 -0.0000
vn -0.2196 -0.9756 -0.0000
vn -0.4301 -0.9028 -0.0000
vn 1.0000 -0.0000 -0.0000
vn 0.9973 0.0730 -0.0000
vn -0.9690 -0.2470 -0.0000
vn -0.9921 -0.1253 -0.0000
vn -0.0000 -1.0000 -0.0000
vn -0.0160 -0.9999 -0.0000
vn 0.9987 -0.0513 -0.0000
vn 0.9941 -0.1082 -0.0000
vn -0.3587 0.9335 -0.0000
vn -0.5205 0.8539 -0.0000
vn -0.2387 0.9711 -0.0000
vn -0.3573 0.9340 -0.0000
vn -0.9908 0.1350 -0.0000
vn -0.9999 0.0120 -0.0000
vn -0.5017 -0.8650 -0.0000
vn -0.3807 -0.9247 -0.0000
vn 0.6053 0.7960 -0.0000
vn 0.4921 0.8705 -0.0000
vn 0.8648 0.5022 -0.0000
vn 0.9241 0.3821 -0.0000
vn 0.3668 -0.9303 -0.0000
vn 0.3412 -0.9400 -0.0000
vn -0.4778 0.8784 -0.0000
vn -0.3551 0.9348 -0.0000
vn -0.9925 0.1220 -0.0000
vn -0.9694 0.2456 -0.0000
vn 0.8735 -0.4868 -0.0000
vn 0.9108 -0.4129 -0.0000
vn -0.6569 0.7540 -0.0000
vn -0.7647 0.6444 -0.0000
vn -0.4270 -0.9042 -0.0000
vn -0.3981 -0.9174 -0.0000
vn -0.9973 0.0730 -0.0000
vn -1.0000 -0.0000 -0.0000
vn -0.8456 -0.5339 -0.0000
vn -0.7647 -0.6444 -0.0000
vn -0.8735 -0.4868 -0.0000
vn -0.8324 -0.5542 -0.0000
vn 0.9691 0.2468 -0.0000
vn 0.9850 0.1727 -0.0000
vn -0.0028 -1.0000 -0.0000
vn -0.1135 -0.9935 -0.0000
vn -0.9869 0.1612 -0.0000
vn -0.9969 0.0781 -0.0000
vn -0.7348 -0.6783 -0.0000
vn -0.7740 -0.6332 -0.0000
vn -0.0956 -0.9954 -0.0000
vn -0.0486 -0.9988 -0.0000
vn -0.8391 -0.5441 -0.0000
vn -0.9022 -0.4313 -0.0000
vn 0.4539 0.8911 -0.0000
vn 0.4916 0.8708 -0.0000
vn 0.8101 0.5864 -0.0000
vn 0.8103 0.5861 -0.0000
vn 0.9921 0.1255 -0.0000
vn 1.0000 0.0016 -0.0000
vn 0.9916 -0.1294 -0.0000
vn 0.5875 -0.8092 -0.0000
vn 0.6929 -0.7211 -0.0000
vn -0.9432 -0.3324 -0.0000
vn -0.9691 -0.2468 -0.0000
vn -0.4301 0.9028 -0.0000
vn -0.2196 0.9756 -0.0000
vn -0.3643 0.9313 -0.0000
vn -0.2561 0.9667 -0.0000
vn -0.6569 -0.7540 -0.0000
vn -0.5205 -0.8539 -0.0000
vn 0.1199 -0.9928 -0.0000
vn 0.0782 -0.9969 -0.0000
vn -0.3668 -0.9303 -0.0000
vn -0.4851 -0.8745 -0.0000
vn 0.9885 -0.1513 -0.0000
vn 0.9973 -0.0730 -0.0000
vn 0.9891 0.1474 -0.0000
vn 0.9743 0.2252 -0.0000
vn -0.4944 0.8692 -0.0000
vn -0.6061 0.7954 -0.0000
vn 0.5460 0.8378 -0.0000
vn 0.5052 0.8630 -0.0000
vn 0.8429 0.5381 -0.0000
vn 0.8483 0.5296 -0.0000
vn 0.8171 0.5766 -0.0000
vn 0.7978 0.6030 -0.0000
vn -0.0003 1.0000 -0.0000
vn 0.1098 0.9940 -0.0000
vn 0.5638 0.8259 -0.0000
vn 0.6693 0.7430 -0.0000
vn -0.9919 -0.1272 -0.0000
vn -1.0000 -0.0034 -0.0000
vn -0.5615 -0.8275 -0.0000
vn -0.4547 -0.8906 -0.0000
vn -0.1779 0.9840 -0.0000
vn -0.2182 0.9759 -0.0000
vn 0.5205 -0.8539 -0.0000
vn 0.6569 -0.7540 -0.0000
vn -0.5981 0.8015 -0.0000
vn -0.4869 0.8735 -0.0000
vn 0.4909 0.8712 -0.0000
vn 0.3727 0.9279 -0.0000
vn 0.9242 0.3818 -0.0000
vn 0.8652 0.5014 -0.0000
vn 0.1683 0.9857 -0.0000
vn 0.2220 0.9750 -0.0000
vn 0.6532 0.7572 -0.0000
vn 0.5457 0.8380 -0.0000
vn -0.7750 0.6319 -0.0000
vn -0.8535 0.5211 -0.0000
vn 0.2314 -0.9729 -0.0000
vn 0.3462 -0.9382 -0.0000
vn 0.5297 -0.8482 -0.0000
vn 0.6098 -0.7926 -0.0000
vn -0.8391 0.5441 -0.0000
vn -0.7443 0.6679 -0.0000
vn -0.2633 -0.9647 -0.0000
vn -0.2245 -0.9745 -0.0000
vn -0.9987 0.0513 -0.0000
vn -0.8246 -0.5658 -0.0000
vn -0.8375 -0.5465 -0.0000
vn -0.6395 -0.7688 -0.0000
vn -0.6133 -0.7898 -0.0000
vn 0.9420 -0.3356 -0.0000
vn 0.9669 -0.2553 -0.0000
vn -0.0000 1.0000 -0.0000
vn 0.8682 -0.4963 -0.0000
vn 0.9167 -0.3997 -0.0000
vn -0.9665 0.2565 -0.0000
vn -0.9239 0.3825 -0.0000
vn -0.6967 -0.7174 -0.0000
vn 0.9919 0.1272 -0.0000
vn 0.9657 0.2598 -0.0000
vn 0.9599 -0.2804 -0.0000
vn 0.9830 -0.1836 -0.0000
vn -0.8487 -0.5288 -0.0000
vn -0.9184 -0.3957 -0.0000
vn 0.9987 0.0513 -0.0000
vn -0.3437 -0.9391 -0.0000
vn 0.9022 -0.4313 -0.0000
vn 0.8391 -0.5441 -0.0000
vn 0.6490 0.7608 -0.0000
vn 0.5344 0.8453 -0.0000
vn 0.8417 0.5400 -0.0000
vn 0.8315 0.5556 -0.0000
vn -0.9850 -0.1727 -0.0000
vn -0.9941 -0.1082 -0.0000
vn 0.2069 0.9784 -0.0000
vn 0.1003 0.9950 -0.0000
vn -0.5636 0.8260 -0.0000
vn -0.6244 0.7811 -0.0000
vn -0.7550 -0.6558 -0.0000
vn -0.6622 -0.7493 -0.0000
vn 0.6029 -0.7978 -0.0000
vn 0.6716 -0.7409 -0.0000
vn 0.1232 -0.9924 -0.0000
vn 0.2497 -0.9683 -0.0000
vn -0.0178 -0.9998 -0.0000
vn 0.0014 1.0000 -0.0000
vn -0.1189 0.9929 -0.0000
vn 0.9517 0.3070 -0.0000
vn 0.9196 0.3929 -0.0000
vn 0.7596 -0.6504 -0.0000
vn 0.8247 -0.5655 -0.0000
vn 0.7443 -0.6679 -0.0000
vn 0.6088 -0.7933 -0.0000
vn 0.3879 0.9217 -0.0000
vn 0.5010 0.8655 -0.0000
vn 0.7005 0.7136 -0.0000
vn 0.7897 0.6135 -0.0000
vn -0.9987 -0.0513 -0.0000
vn 0.4301 -0.9028 -0.0000
vn 0.2196 -0.9756 -0.0000
vn -0.0130 0.9999 -0.0000
vn 0.0567 0.9984 -0.0000
vn 0.0161 -0.9999 -0.0000
vn 0.1155 -0.9933 -0.0000
vn 0.9250 -0.3799 -0.0000
vn 0.9676 -0.2524 -0.0000
vn -0.7137 -0.7004 -0.0000
vn -0.6136 -0.7896 -0.0000
vn 0.7964 0.6048 -0.0000
vn 0.7076 0.7066 -0.0000
vn 0.9603 0.2790 -0.0000
vn 0.9898 0.1426 -0.0000
vn 0.6635 0.7482 -0.0000
vn 0.5518 0.8340 -0.0000
vn 0.3990 -0.9169 -0.0000
vn 0.3889 -0.9213 -0.0000
vn -0.8533 -0.5215 -0.0000
vn -0.9243 -0.3817 -0.0000
vn -0.9414 -0.3372 -0.0000
vn -0.9101 -0.4144 -0.0000
vn -0.6088 -0.7933 -0.0000
vn -0.7443 -0.6679 -0.0000
vn 0.3028 0.9531 -0.0000
vn 0.1942 0.9810 -0.0000
vn -0.9255 0.3787 -0.0000
vn -0.9669 0.2551 -0.0000
vn -0.6110 -0.7917 -0.0000
vn -0.6817 -0.7316 -0.0000
vn 0.8806 -0.4739 -0.0000
vn 0.9258 -0.3780 -0.0000
vn -0.1312 0.9914 -0.0000
vn 0.0012 1.0000 -0.0000
vn -0.4220 -0.9066 -0.0000
vn -0.5388 -0.8425 -0.0000
vn -0.3673 -0.9301 -0.0000
vn -0.3346 -0.9424 -0.0000
vn 0.9081 -0.4188 -0.0000
vn 0.9585 -0.2850 -0.0000
vn 0.9896 -0.1439 -0.0000
vn 0.9999 -0.0164 -0.0000
vn -0.4763 0.8793 -0.0000
vn -0.3530 0.9356 -0.0000
vn 0.5205 0.8539 -0.0000
vn 0.9458 0.3248 -0.0000
vn 0.9130 0.4080 -0.0000
vn 0.9527 -0.3039 -0.0000
vn 0.9769 -0.2137 -0.0000
vn -0.3731 0.9278 -0.0000
vn -0.2463 -0.9692 -0.0000
vn -0.3693 -0.9293 -0.0000
vn 0.9885 0.1513 -0.0000
vn 0.9684 -0.2494 -0.0000
vn 0.9921 -0.1251 -0.0000
vn -0.9998 -0.0193 -0.0000
vn -0.0221 0.9998 -0.0000
vn -0.9489 0.3156 -0.0000
vn -0.8942 0.4477 -0.0000
vn 0.9228 -0.3852 -0.0000
vn 0.8587 -0.5124 -0.0000
vn -0.1217 -0.9926 -0.0000
vn -0.2448 -0.9696 -0.0000
vn -0.7222 0.6917 -0.0000
vn -0.6041 0.7969 -0.0000
vn 0.2030 -0.9792 -0.0000
vn 0.1619 -0.9868 -0.0000
vn -0.9412 0.3380 -0.0000
vn -0.9686 0.2485 -0.0000
vn 0.0934 0.9956 -0.0000
vn 0.0225 0.9997 -0.0000
vn -0.2498 0.9683 -0.0000
vn -0.3745 0.9272 -0.0000
vn 0.8310 0.5563 -0.0000
vn 0.8370 0.5472 -0.0000
vn -0.9918 -0.1279 -0.0000
vn -1.0000 0.0003 -0.0000
vn 0.1353 0.9908 -0.0000
vn 0.2656 0.9641 -0.0000
vn 0.7861 -0.6181 -0.0000
vn 0.8642 -0.5032 -0.0000
vn 0.0168 0.9999 -0.0000
vn -0.0312 0.9995 -0.0000
vn 0.9872 0.1594 -0.0000
vn 0.9704 0.2416 -0.0000
vn -0.6996 0.7145 -0.0000
vn -0.9973 -0.0730 -0.0000
vn 0.7907 0.6122 -0.0000
vn 0.4864 -0.8737 -0.0000
vn 0.3682 -0.9297 -0.0000
vn 0.9918 0.1281 -0.0000
vn 0.9666 0.2564 -0.0000
vn -0.7024 0.7118 -0.0000
vn -0.5953 0.8035 -0.0000
vn -0.8456 0.5339 -0.0000
vn 0.6970 0.7171 -0.0000
vn 0.6241 0.7813 -0.0000
vn -0.1577 -0.9875 -0.0000
vn -0.2762 -0.9611 -0.0000
vn -0.1810 0.9835 -0.0000
vn -0.9935 0.1136 -0.0000
vn -0.9724 0.2333 -0.0000
vn 0.9040 0.4275 -0.0000
vn 0.8456 0.5339 -0.0000
vn -0.9967 0.0817 -0.0000
vn -0.9813 0.1924 -0.0000
vn -0.7919 -0.6107 -0.0000
vn -0.8668 -0.4987 -0.0000
vn -0.2299 -0.9732 -0.0000
vn 0.0001 -1.0000 -0.0000
vn -1.0000 0.0002 -0.0000
vn -0.9918 0.1280 -0.0000
vn -0.9040 -0.4275 -0.0000
vn 0.9191 0.3940 -0.0000
vn 0.8517 0.5240 -0.0000
vn 0.7647 -0.6444 -0.0000
vn 0.4086 -0.9127 -0.0000
vn 0.4492 -0.8935 -0.0000
vn 0.9717 0.2361 -0.0000
vn 0.9447 0.3280 -0.0000
vn -0.5954 0.8034 -0.0000
vn 0.9666 0.2563 -0.0000
vn 0.9626 0.2710 -0.0000
vn 0.9909 0.1349 -0.0000
vn -0.3587 -0.9335 -0.0000
vn 0.4246 0.9054 -0.0000
vn 0.3603 0.9328 -0.0000
vn 0.2497 0.9683 -0.0000
vn 0.1246 0.9922 -0.0000
vn -0.1128 0.9936 -0.0000
vn -0.5821 0.8131 -0.0000
vn -0.6838 0.7297 -0.0000
vn -0.9717 0.2361 -0.0000
vn -0.9885 0.1513 -0.0000
vn 0.4883 0.8727 -0.0000
vn 0.5993 0.8005 -0.0000
vn 0.2737 0.9618 -0.0000
vn 0.3230 0.9464 -0.0000
vn 0.3376 0.9413 -0.0000
vn 0.4521 0.8919 -0.0000
vn -0.8030 -0.5960 -0.0000
vn -0.6088 0.7933 -0.0000
vn -0.8520 0.5235 -0.0000
vn -0.7781 0.6281 -0.0000
vn -0.1596 0.9872 -0.0000
vn -0.0749 0.9972 -0.0000
vn 0.5263 0.8503 -0.0000
vn -0.6906 -0.7232 -0.0000
vn -0.2297 -0.9733 -0.0000
vn -0.3468 -0.9379 -0.0000
vn -0.9941 0.1082 -0.0000
vn 0.8457 0.5336 -0.0000
vn 0.7549 0.6558 -0.0000
vn 0.7592 -0.6508 -0.0000
vn 0.8407 -0.5416 -0.0000
vn -0.1836 -0.9830 -0.0000
vn -0.1406 -0.9901 -0.0000
vn 0.1810 -0.9835 -0.0000
vn 0.3587 -0.9335 -0.0000
vn -0.4100 -0.9121 -0.0000
vn -0.5199 -0.8542 -0.0000
vn 0.9717 -0.2361 -0.0000
vn 0.5571 -0.8304 -0.0000
vn 0.4420 -0.8970 -0.0000
vn -0.9256 -0.3785 -0.0000
vn -0.9674 -0.2532 -0.0000
vn -0.9040 0.4275 -0.0000
vn -0.9447 0.3280 -0.0000
vn 0.2344 -0.9721 -0.0000
vn 0.9182 -0.3960 -0.0000
vn 0.8515 -0.5243 -0.0000
vn -0.8586 0.5126 -0.0000
vn -0.9043 0.4269 -0.0000
vn 0.8202 0.5720 -0.0000
vn 0.8253 0.5647 -0.0000
vn 0.9969 0.0788 -0.0000
vn 0.9671 -0.2544 -0.0000
vn -0.6526 -0.7577 -0.0000
vn -0.7573 -0.6530 -0.0000
vn -0.9432 0.3324 -0.0000
vn -0.9022 0.4313 -0.0000
vn 0.6996 -0.7146 -0.0000
vn 0.5978 -0.8016 -0.0000
vn 0.8518 0.5238 -0.0000
vn 0.9922 -0.1248 -0.0000
vn 0.9999 -0.0127 -0.0000
vn -0.9914 0.1308 -0.0000
vn -0.9622 0.2724 -0.0000
vn 0.9941 0.1082 -0.0000
vn 0.7822 -0.6230 -0.0000
vn 0.8305 -0.5570 -0.0000
vn 0.9974 0.0727 -0.0000
vn -0.8716 -0.4902 -0.0000
vn -0.8001 -0.5999 -0.0000
vn 0.8538 0.5206 -0.0000
vn 0.9141 0.4054 -0.0000
vn -0.9667 -0.2558 -0.0000
vn -0.9918 -0.1274 -0.0000
vn -0.6376 -0.7703 -0.0000
vn -0.7557 -0.6549 -0.0000
vn 0.2227 0.9749 -0.0000
vn -0.1148 -0.9934 -0.0000
vn -0.4010 -0.9161 -0.0000
vn -0.5272 -0.8497 -0.0000
vn -0.2586 0.9660 -0.0000
vn -0.2983 0.9545 -0.0000
vn -0.1810 -0.9835 -0.0000
vn 0.6591 0.7520 -0.0000
vn 0.6079 0.7940 -0.0000
vn -0.0042 -1.0000 -0.0000
vn -0.1223 -0.9925 -0.0000
vn -0.2017 0.9794 -0.0000
vn -0.0944 0.9955 -0.0000
vn 0.9432 -0.3324 -0.0000
vn 0.4301 0.9028 -0.0000
vn 0.6088 0.7933 -0.0000
vn 0.6872 -0.7265 -0.0000
vn 0.3587 0.9335 -0.0000
vn 0.1810 0.9835 -0.0000
vn 0.9912 -0.1324 -0.0000
vn 0.8391 0.5441 -0.0000
vn 0.9022 0.4313 -0.0000
vn 0.5656 -0.8247 -0.0000
vn 0.6667 -0.7454 -0.0000
vn -0.9919 -0.1267 -0.0000
vn 0.8726 -0.4885 -0.0000
vn 0.9286 -0.3711 -0.0000
vn 0.7417 -0.6708 -0.0000
vn 0.8087 -0.5882 -0.0000
vn -0.1260 -0.9920 -0.0000
vn -0.0008 -1.0000 -0.0000
vn -0.8712 0.4909 -0.0000
vn -0.7953 0.6063 -0.0000
vn 0.9649 0.2627 -0.0000
vn 0.9164 0.4002 -0.0000
vn 0.4173 0.9088 -0.0000
vn 0.9273 0.3743 -0.0000
vn 0.8700 0.4931 -0.0000
vn 0.2787 -0.9604 -0.0000
vn 0.2422 -0.9702 -0.0000
vn -0.9885 -0.1513 -0.0000
vn -0.9717 -0.2361 -0.0000
vn -0.9850 0.1727 -0.0000
vn -0.9691 0.2468 -0.0000
vn 0.4980 -0.8672 -0.0000
vn 0.6114 -0.7913 -0.0000
vn -0.3801 0.9250 -0.0000
vn -0.2588 0.9659 -0.0000
vn -0.0007 1.0000 -0.0000
vn -0.1239 0.9923 -0.0000
vn -0.9963 -0.0863 -0.0000
vn 0.4355 0.9002 -0.0000
vn 0.3194 0.9476 -0.0000
vn -0.6931 0.7208 -0.0000
vn 0.8481 0.5298 -0.0000
vn 0.9147 0.4042 -0.0000
vn -0.9170 -0.3990 -0.0000
vn -0.9634 -0.2680 -0.0000
vn -0.0647 0.9979 -0.0000
vn -0.1728 -0.9850 -0.0000
vn -0.2895 -0.9572 -0.0000
vn -0.9170 -0.3989 -0.0000
vn -0.9650 -0.2622 -0.0000
vn -0.9447 -0.3280 -0.0000
vn 0.9432 0.3324 -0.0000
vn 0.6979 0.7162 -0.0000
vn 0.7813 0.6242 -0.0000
vn -0.7947 0.6070 -0.0000
vn -0.8679 0.4967 -0.0000
vn 0.8456 -0.5339 -0.0000
vn 0.9040 -0.4275 -0.0000
vn -0.3837 -0.9234 -0.0000
vn -0.5099 -0.8602 -0.0000
vn -0.1976 -0.9803 -0.0000
vn -0.3072 -0.9517 -0.0000
vn 0.3712 0.9285 -0.0000
vn -0.7474 0.6643 -0.0000
vn -0.8057 0.5924 -0.0000
vn -0.9678 -0.2519 -0.0000
vn -0.9276 -0.3736 -0.0000
vn 0.8132 0.5820 -0.0000
vn 0.8161 0.5778 -0.0000
vn 0.3547 -0.9350 -0.0000
vn 0.4736 -0.8807 -0.0000
vn -0.8262 0.5634 -0.0000
vn 0.9447 -0.3280 -0.0000
vn 0.7022 0.7120 -0.0000
vn 0.1224 -0.9925 -0.0000
vn 0.0002 -1.0000 -0.0000
vn 0.9981 -0.0615 -0.0000
vn -0.9920 -0.1261 -0.0000
vn -0.7023 -0.7118 -0.0000
vn 0.8216 0.5701 -0.0000
vn 0.7632 0.6462 -0.0000
vn 0.1067 -0.9943 -0.0000
vn -0.9918 0.1281 -0.0000
vn -0.4529 0.8916 -0.0000
vn -0.3226 0.9466 -0.0000
vn 0.8180 0.5753 -0.0000
vn 0.7442 0.6680 -0.0000
vn -0.7575 -0.6528 -0.0000
vn -0.4625 -0.8866 -0.0000
vn 0.5798 -0.8147 -0.0000
vn 1.0000 0.0098 -0.0000
vn 0.7130 -0.7012 -0.0000
vn 0.8005 -0.5993 -0.0000
vn -0.9292 0.3695 -0.0000
vn -0.6986 -0.7155 -0.0000
vn -0.7887 -0.6148 -0.0000
vn -0.5739 -0.8189 -0.0000
vn -0.6782 -0.7349 -0.0000
vn -0.2319 0.9727 -0.0000
vn 0.0037 -1.0000 -0.0000
vn -0.0484 -0.9988 -0.0000
vn 1.0000 0.0090 -0.0000
vn 0.9918 0.1279 -0.0000
vn 0.9850 -0.1727 -0.0000
vn 0.9999 0.0166 -0.0000
vn -0.4725 0.8813 -0.0000
vn 0.3117 -0.9502 -0.0000
vn 0.2465 0.9692 -0.0000
vn 0.1217 0.9926 -0.0000
vn 0.7653 0.6437 -0.0000
vn -0.2464 0.9692 -0.0000
vn -0.1226 0.9925 -0.0000
vn -0.2541 -0.9672 -0.0000
vn -0.8766 0.4812 -0.0000
vn 0.9649 -0.2626 -0.0000
vn 0.9691 -0.2468 -0.0000
vn -0.8470 -0.5315 -0.0000
vn 0.2475 0.9689 -0.0000
vn 0.3701 0.9290 -0.0000
vn 0.9668 -0.2556 -0.0000
vn 0.9243 -0.3817 -0.0000
vn 0.6044 0.7967 -0.0000
vn 0.8648 -0.5022 -0.0000
vn 0.7893 -0.6140 -0.0000
vn -0.9168 0.3993 -0.0000
vn -0.1645 -0.9864 -0.0000
vn -0.2673 -0.9636 -0.0000
vn 0.2122 -0.9772 -0.0000
vn 0.1033 -0.9946 -0.0000
vn 0.9680 0.2510 -0.0000
vn 0.3259 -0.9454 -0.0000
vn -0.9998 -0.0177 -0.0000
vn -0.0354 0.9994 -0.0000
vn -1.0000 0.0048 -0.0000
vn -0.9898 0.1427 -0.0000
vn 0.6720 -0.7405 -0.0000
vn 0.7292 -0.6843 -0.0000
vn -0.8644 -0.5028 -0.0000
vn -0.9241 -0.3821 -0.0000
vn -0.3000 -0.9539 -0.0000
vn -0.5334 0.8458 -0.0000
vn 0.8101 0.5863 -0.0000
vn 0.7443 0.6679 -0.0000
vn -0.7360 0.6770 -0.0000
vn 0.2459 -0.9693 -0.0000
vn 0.2196 0.9756 -0.0000
vn 0.4581 -0.8889 -0.0000
vn -0.7069 0.7073 -0.0000
vn -0.9340 0.3571 -0.0000
vn 0.4528 -0.8916 -0.0000
vn -0.0138 -0.9999 -0.0000
vn -0.0953 -0.9954 -0.0000
vn 0.6015 0.7989 -0.0000
vn -0.7088 0.7054 -0.0000
vn -0.5851 0.8110 -0.0000
vn 0.0002 1.0000 -0.0000
vn 0.1233 0.9924 -0.0000
vn -0.8370 -0.5471 -0.0000
vn -0.7720 -0.6356 -0.0000
vn -0.8525 -0.5227 -0.0000
vn 0.7761 -0.6306 -0.0000
vn 0.6780 -0.7351 -0.0000
vn 0.8716 0.4902 -0.0000
vn 0.7666 -0.6422 -0.0000
vn 0.6669 -0.7451 -0.0000
vn -0.4820 0.8762 -0.0000
vn 0.8758 0.4827 -0.0000
vn -0.5980 0.8015 -0.0000
vn -0.4934 0.8698 -0.0000
vn 0.8518 0.5239 -0.0000
vn -1.0000 -0.0029 -0.0000
vn 0.3761 -0.9266 -0.0000
vn -0.9630 0.2694 -0.0000
vn -0.9656 -0.2600 -0.0000
vn -0.0747 -0.9972 -0.0000
vn 1.0000 0.0056 -0.0000
vn 0.1130 0.9936 -0.0000
vn -0.6863 0.7273 -0.0000
vn 0.5686 -0.8226 -0.0000
vn 0.8112 0.5847 -0.0000
vn 0.0381 -0.9993 -0.0000
vn -0.5966 -0.8025 -0.0000
vn -0.9075 0.4200 -0.0000
vn -0.9892 -0.1465 -0.0000
vn -0.9571 -0.2896 -0.0000
vn -0.3687 0.9295 -0.0000
vn -0.9910 -0.1337 -0.0000
vn 0.7729 0.6345 -0.0000
vn 0.7361 -0.6769 -0.0000
vn 1.0000 0.0002 -0.0000
vn 0.5805 0.8143 -0.0000
vn 0.5085 -0.8611 -0.0000
vn 0.5391 -0.8422 -0.0000
vn 0.9960 -0.0898 -0.0000
vn 0.6964 0.7177 -0.0000
vn -0.8412 -0.5408 -0.0000
vn 0.7652 0.6438 -0.0000
vn -0.0762 -0.9971 -0.0000
vn 0.5428 0.8399 -0.0000
vn -0.9666 -0.2561 -0.0000
vn -0.9055 -0.4244 -0.0000
vn -0.9851 -0.1721 -0.0000
vn -0.3367 0.9416 -0.0000
vn -0.6484 -0.7613 -0.0000
vn -0.8139 0.5810 -0.0000
vn 0.7038 0.7104 -0.0000
vn -0.9134 0.4071 -0.0000
vn -0.4410 -0.8975 -0.0000
vn -0.1006 0.9949 -0.0000
vn 0.7417 0.6707 -0.0000
vn -0.1385 0.9904 -0.0000
vn -0.9601 0.2796 -0.0000
vn 0.9919 -0.1274 -0.0000
vt 0.000000 0.000000
vt 1.000000 0.000000
vt 1.000000 1.000000
vt 0.000000 1.000000
s 1
usemtl Material.001
f 199/1/1 197/2/1 198/3/1
f 199/1/1 196/2/1 197/3/1
f 196/1/1 194/2/1 195/3/1
f 196/1/1 193/2/1 194/3/1
f 199/1/1 201/2/1 196/3/1
f 201/1/1 193/2/1 196/3/1
f 201/1/1 203/2/1 193/3/1
f 199/1/1 200/2/1 201/3/1
f 202/1/1 203/2/1 201/3/1
f 241/1/1 239/2/1 240/3/1
f 241/1/1 238/2/1 239/3/1
f 242/1/1 238/2/1 241/3/1
f 242/1/1 237/2/1 238/3/1
f 243/1/1 237/2/1 242/3/1
f 243/1/1 236/2/1 237/3/1
f 244/1/1 236/2/1 243/3/1
f 244/1/1 235/2/1 236/3/1
f 245/1/1 235/2/1 244/3/1
f 245/1/1 234/2/1 235/3/1
f 246/1/1 264/2/1 245/3/1
f 264/1/1 234/2/1 245/3/1
f 246/1/1 263/2/1 264/3/1
f 265/1/1 234/2/1 264/3/1
f 266/1/1 234/2/1 265/3/1
f 246/1/1 262/2/1 263/3/1
f 267/1/1 234/2/1 266/3/1
f 246/1/1 261/2/1 262/3/1
f 267/1/1 233/2/1 234/3/1
f 247/1/1 261/2/1 246/3/1
f 268/1/1 233/2/1 267/3/1
f 247/1/1 260/2/1 261/3/1
f 269/1/1 233/2/1 268/3/1
f 247/1/1 259/2/1 260/3/1
f 269/1/1 232/2/1 233/3/1
f 248/1/1 259/2/1 247/3/1
f 270/1/1 232/2/1 269/3/1
f 248/1/1 258/2/1 259/3/1
f 271/1/1 232/2/1 270/3/1
f 248/1/1 257/2/1 258/3/1
f 271/1/1 231/2/1 232/3/1
f 249/1/1 257/2/1 248/3/1
f 272/1/1 231/2/1 271/3/1
f 249/1/1 256/2/1 257/3/1
f 272/1/1 230/2/1 231/3/1
f 250/1/1 256/2/1 249/3/1
f 273/1/1 230/2/1 272/3/1
f 250/1/1 255/2/1 256/3/1
f 274/1/1 230/2/1 273/3/1
f 250/1/1 254/2/1 255/3/1
f 274/1/1 229/2/1 230/3/1
f 251/1/1 254/2/1 250/3/1
f 275/1/1 229/2/1 274/3/1
f 251/1/1 253/2/1 254/3/1
f 275/1/1 228/2/1 229/3/1
f 204/1/1 253/2/1 251/3/1
f 276/1/1 228/2/1 275/3/1
f 204/1/1 252/2/1 253/3/1
f 205/1/1 252/2/1 204/3/1
f 205/1/1 299/2/1 252/3/1
f 277/1/1 228/2/1 276/3/1
f 277/1/1 227/2/1 228/3/1
f 205/1/1 298/2/1 299/3/1
f 278/1/1 227/2/1 277/3/1
f 278/1/1 226/2/1 227/3/1
f 206/1/1 298/2/1 205/3/1
f 206/1/1 297/2/1 298/3/1
f 279/1/1 226/2/1 278/3/1
f 279/1/1 225/2/1 226/3/1
f 207/1/1 297/2/1 206/3/1
f 280/1/1 225/2/1 279/3/1
f 207/1/1 296/2/1 297/3/1
f 280/1/1 224/2/1 225/3/1
f 208/1/1 296/2/1 207/3/1
f 281/1/1 224/2/1 280/3/1
f 208/1/1 295/2/1 296/3/1
f 282/1/1 224/2/1 281/3/1
f 208/1/1 294/2/1 295/3/1
f 282/1/1 223/2/1 224/3/1
f 209/1/1 294/2/1 208/3/1
f 283/1/1 223/2/1 282/3/1
f 209/1/1 293/2/1 294/3/1
f 284/1/1 223/2/1 283/3/1
f 209/1/1 292/2/1 293/3/1
f 284/1/1 222/2/1 223/3/1
f 210/1/1 292/2/1 209/3/1
f 285/1/1 222/2/1 284/3/1
f 210/1/1 291/2/1 292/3/1
f 286/1/1 222/2/1 285/3/1
f 210/1/1 290/2/1 291/3/1
f 286/1/1 221/2/1 222/3/1
f 211/1/1 290/2/1 210/3/1
f 287/1/1 221/2/1 286/3/1
f 211/1/1 289/2/1 290/3/1
f 288/1/1 221/2/1 287/3/1
f 211/1/1 288/2/1 289/3/1
f 211/1/1 221/2/1 288/3/1
f 211/1/1 220/2/1 221/3/1
f 212/1/1 220/2/1 211/3/1
f 212/1/1 219/2/1 220/3/1
f 213/1/1 219/2/1 212/3/1
f 213/1/1 218/2/1 219/3/1
f 214/1/1 218/2/1 213/3/1
f 214/1/1 217/2/1 218/3/1
f 215/1/1 217/2/1 214/3/1
f 215/1/1 216/2/1 217/3/1
f 301/1/1 367/2/1 300/3/1
f 367/1/1 366/2/1 300/3/1
f 367/1/1 365/2/1 366/3/1
f 367/1/1 364/2/1 365/3/1
f 367/1/1 363/2/1 364/3/1
f 367/1/1 362/2/1 363/3/1
f 367/1/1 361/2/1 362/3/1
f 367/1/1 360/2/1 361/3/1
f 367/1/1 359/2/1 360/3/1
f 367/1/1 368/2/1 359/3/1
f 368/1/1 358/2/1 359/3/1
f 301/1/1 393/2/1 367/3/1
f 369/1/1 358/2/1 368/3/1
f 370/1/1 358/2/1 369/3/1
f 371/1/1 358/2/1 370/3/1
f 371/1/1 357/2/1 358/3/1
f 372/1/1 357/2/1 371/3/1
f 373/1/1 357/2/1 372/3/1
f 374/1/1 357/2/1 373/3/1
f 374/1/1 356/2/1 357/3/1
f 375/1/1 356/2/1 374/3/1
f 376/1/1 356/2/1 375/3/1
f 377/1/1 356/2/1 376/3/1
f 377/1/1 355/2/1 356/3/1
f 378/1/1 355/2/1 377/3/1
f 379/1/1 355/2/1 378/3/1
f 379/1/1 354/2/1 355/3/1
f 380/1/1 354/2/1 379/3/1
f 381/1/1 354/2/1 380/3/1
f 381/1/1 353/2/1 354/3/1
f 382/1/1 353/2/1 381/3/1
f 382/1/1 352/2/1 353/3/1
f 383/1/1 352/2/1 382/3/1
f 384/1/1 352/2/1 383/3/1
f 384/1/1 351/2/1 352/3/1
f 385/1/1 351/2/1 384/3/1
f 385/1/1 350/2/1 351/3/1
f 386/1/1 350/2/1 385/3/1
f 386/1/1 349/2/1 350/3/1
f 387/1/1 349/2/1 386/3/1
f 388/1/1 349/2/1 387/3/1
f 388/1/1 348/2/1 349/3/1
f 389/1/1 348/2/1 388/3/1
f 390/1/1 348/2/1 389/3/1
f 390/1/1 347/2/1 348/3/1
f 391/1/1 347/2/1 390/3/1
f 392/1/1 347/2/1 391/3/1
f 301/1/1 303/2/1 393/3/1
f 303/1/1 392/2/1 393/3/1
f 303/1/1 347/2/1 392/3/1
f 303/1/1 346/2/1 347/3/1
f 303/1/1 345/2/1 346/3/1
f 303/1/1 344/2/1 345/3/1
f 303/1/1 343/2/1 344/3/1
f 303/1/1 342/2/1 343/3/1
f 303/1/1 341/2/1 342/3/1
f 303/1/1 340/2/1 341/3/1
f 303/1/1 304/2/1 340/3/1
f 304/1/1 305/2/1 340/3/1
f 305/1/1 339/2/1 340/3/1
f 301/1/1 302/2/1 303/3/1
f 306/1/1 339/2/1 305/3/1
f 307/1/1 339/2/1 306/3/1
f 308/1/1 339/2/1 307/3/1
f 308/1/1 338/2/1 339/3/1
f 309/1/1 338/2/1 308/3/1
f 310/1/1 338/2/1 309/3/1
f 310/1/1 337/2/1 338/3/1
f 311/1/1 337/2/1 310/3/1
f 311/1/1 336/2/1 337/3/1
f 312/1/1 336/2/1 311/3/1
f 312/1/1 335/2/1 336/3/1
f 313/1/1 335/2/1 312/3/1
f 313/1/1 334/2/1 335/3/1
f 314/1/1 334/2/1 313/3/1
f 314/1/1 333/2/1 334/3/1
f 315/1/1 333/2/1 314/3/1
f 315/1/1 332/2/1 333/3/1
f 315/1/1 331/2/1 332/3/1
f 316/1/1 331/2/1 315/3/1
f 316/1/1 330/2/1 331/3/1
f 317/1/1 330/2/1 316/3/1
f 317/1/1 329/2/1 330/3/1
f 317/1/1 328/2/1 329/3/1
f 317/1/1 327/2/1 328/3/1
f 317/1/1 326/2/1 327/3/1
f 317/1/1 325/2/1 326/3/1
f 317/1/1 324/2/1 325/3/1
f 317/1/1 323/2/1 324/3/1
f 317/1/1 322/2/1 323/3/1
f 317/1/1 321/2/1 322/3/1
f 317/1/1 320/2/1 321/3/1
f 317/1/1 319/2/1 320/3/1
f 317/1/1 318/2/1 319/3/1
f 407/1/1 405/2/1 406/3/1
f 407/1/1 404/2/1 405/3/1
f 408/1/1 404/2/1 407/3/1
f 408/1/1 403/2/1 404/3/1
f 409/1/1 403/2/1 408/3/1
f 409/1/1 402/2/1 403/3/1
f 410/1/1 402/2/1 409/3/1
f 411/1/1 402/2/1 410/3/1
f 411/1/1 401/2/1 402/3/1
f 412/1/1 401/2/1 411/3/1
f 412/1/1 478/2/1 401/3/1
f 478/1/1 400/2/1 401/3/1
f 412/1/1 477/2/1 478/3/1
f 479/1/1 400/2/1 478/3/1
f 412/1/1 476/2/1 477/3/1
f 480/1/1 400/2/1 479/3/1
f 413/1/1 476/2/1 412/3/1
f 480/1/1 399/2/1 400/3/1
f 413/1/1 475/2/1 476/3/1
f 481/1/1 399/2/1 480/3/1
f 413/1/1 474/2/1 475/3/1
f 482/1/1 399/2/1 481/3/1
f 413/1/1 473/2/1 474/3/1
f 483/1/1 399/2/1 482/3/1
f 414/1/1 473/2/1 413/3/1
f 483/1/1 398/2/1 399/3/1
f 414/1/1 472/2/1 473/3/1
f 484/1/1 398/2/1 483/3/1
f 414/1/1 471/2/1 472/3/1
f 485/1/1 398/2/1 484/3/1
f 415/1/1 471/2/1 414/3/1
f 485/1/1 397/2/1 398/3/1
f 415/1/1 470/2/1 471/3/1
f 486/1/1 397/2/1 485/3/1
f 416/1/1 470/2/1 415/3/1
f 486/1/1 396/2/1 397/3/1
f 416/1/1 469/2/1 470/3/1
f 487/1/1 396/2/1 486/3/1
f 416/1/1 468/2/1 469/3/1
f 488/1/1 396/2/1 487/3/1
f 417/1/1 468/2/1 416/3/1
f 488/1/1 395/2/1 396/3/1
f 417/1/1 467/2/1 468/3/1
f 489/1/1 395/2/1 488/3/1
f 418/1/1 467/2/1 417/3/1
f 489/1/1 394/2/1 395/3/1
f 418/1/1 466/2/1 467/3/1
f 442/1/1 394/2/1 489/3/1
f 419/1/1 466/2/1 418/3/1
f 419/1/1 465/2/1 466/3/1
f 443/1/1 394/2/1 442/3/1
f 443/1/1 441/2/1 394/3/1
f 419/1/1 464/2/1 465/3/1
f 444/1/1 441/2/1 443/3/1
f 420/1/1 464/2/1 419/3/1
f 444/1/1 440/2/1 441/3/1
f 420/1/1 463/2/1 464/3/1
f 445/1/1 440/2/1 444/3/1
f 421/1/1 463/2/1 420/3/1
f 445/1/1 439/2/1 440/3/1
f 446/1/1 439/2/1 445/3/1
f 421/1/1 462/2/1 463/3/1
f 447/1/1 439/2/1 446/3/1
f 421/1/1 461/2/1 462/3/1
f 422/1/1 461/2/1 421/3/1
f 447/1/1 438/2/1 439/3/1
f 448/1/1 438/2/1 447/3/1
f 422/1/1 460/2/1 461/3/1
f 423/1/1 460/2/1 422/3/1
f 448/1/1 437/2/1 438/3/1
f 449/1/1 437/2/1 448/3/1
f 423/1/1 459/2/1 460/3/1
f 450/1/1 437/2/1 449/3/1
f 423/1/1 458/2/1 459/3/1
f 424/1/1 458/2/1 423/3/1
f 450/1/1 436/2/1 437/3/1
f 451/1/1 436/2/1 450/3/1
f 424/1/1 457/2/1 458/3/1
f 452/1/1 436/2/1 451/3/1
f 424/1/1 456/2/1 457/3/1
f 453/1/1 436/2/1 452/3/1
f 424/1/1 455/2/1 456/3/1
f 425/1/1 455/2/1 424/3/1
f 453/1/1 435/2/1 436/3/1
f 454/1/1 435/2/1 453/3/1
f 425/1/1 454/2/1 455/3/1
f 425/1/1 435/2/1 454/3/1
f 426/1/1 435/2/1 425/3/1
f 426/1/1 434/2/1 435/3/1
f 427/1/1 434/2/1 426/3/1
f 427/1/1 433/2/1 434/3/1
f 428/1/1 433/2/1 427/3/1
f 428/1/1 432/2/1 433/3/1
f 429/1/1 432/2/1 428/3/1
f 429/1/1 431/2/1 432/3/1
f 430/1/1 431/2/1 429/3/1
f 625/1/1 623/2/1 624/3/1
f 626/1/1 623/2/1 625/3/1
f 627/1/1 623/2/1 626/3/1
f 627/1/1 622/2/1 623/3/1
f 628/1/1 622/2/1 627/3/1
f 629/1/1 622/2/1 628/3/1
f 630/1/1 622/2/1 629/3/1
f 630/1/1 621/2/1 622/3/1
f 631/1/1 621/2/1 630/3/1
f 632/1/1 621/2/1 631/3/1
f 633/1/1 621/2/1 632/3/1
f 633/1/1 620/2/1 621/3/1
f 634/1/1 620/2/1 633/3/1
f 635/1/1 620/2/1 634/3/1
f 635/1/1 619/2/1 620/3/1
f 636/1/1 619/2/1 635/3/1
f 490/1/1 491/2/1 636/3/1
f 491/1/1 492/2/1 636/3/1
f 492/1/1 493/2/1 636/3/1
f 493/1/1 494/2/1 636/3/1
f 494/1/1 619/2/1 636/3/1
f 494/1/1 495/2/1 619/3/1
f 495/1/1 496/2/1 619/3/1
f 496/1/1 618/2/1 619/3/1
f 496/1/1 497/2/1 618/3/1
f 497/1/1 498/2/1 618/3/1
f 498/1/1 617/2/1 618/3/1
f 498/1/1 499/2/1 617/3/1
f 499/1/1 500/2/1 617/3/1
f 500/1/1 501/2/1 617/3/1
f 501/1/1 616/2/1 617/3/1
f 501/1/1 502/2/1 616/3/1
f 502/1/1 503/2/1 616/3/1
f 503/1/1 615/2/1 616/3/1
f 504/1/1 615/2/1 503/3/1
f 505/1/1 615/2/1 504/3/1
f 506/1/1 615/2/1 505/3/1
f 506/1/1 614/2/1 615/3/1
f 507/1/1 614/2/1 506/3/1
f 508/1/1 614/2/1 507/3/1
f 509/1/1 614/2/1 508/3/1
f 509/1/1 613/2/1 614/3/1
f 510/1/1 613/2/1 509/3/1
f 511/1/1 613/2/1 510/3/1
f 511/1/1 612/2/1 613/3/1
f 512/1/1 612/2/1 511/3/1
f 513/1/1 612/2/1 512/3/1
f 513/1/1 611/2/1 612/3/1
f 514/1/1 611/2/1 513/3/1
f 515/1/1 611/2/1 514/3/1
f 515/1/1 610/2/1 611/3/1
f 516/1/1 610/2/1 515/3/1
f 516/1/1 609/2/1 610/3/1
f 517/1/1 609/2/1 516/3/1
f 517/1/1 608/2/1 609/3/1
f 518/1/1 608/2/1 517/3/1
f 518/1/1 607/2/1 608/3/1
f 519/1/1 607/2/1 518/3/1
f 519/1/1 606/2/1 607/3/1
f 520/1/1 606/2/1 519/3/1
f 521/1/1 606/2/1 520/3/1
f 521/1/1 605/2/1 606/3/1
f 522/1/1 605/2/1 521/3/1
f 522/1/1 604/2/1 605/3/1
f 523/1/1 604/2/1 522/3/1
f 524/1/1 604/2/1 523/3/1
f 525/1/1 604/2/1 524/3/1
f 525/1/1 603/2/1 604/3/1
f 526/1/1 603/2/1 525/3/1
f 527/1/1 603/2/1 526/3/1
f 527/1/1 602/2/1 603/3/1
f 527/1/1 601/2/1 602/3/1
f 527/1/1 600/2/1 601/3/1
f 527/1/1 599/2/1 600/3/1
f 527/1/1 598/2/1 599/3/1
f 527/1/1 597/2/1 598/3/1
f 527/1/1 596/2/1 597/3/1
f 527/1/1 595/2/1 596/3/1
f 527/1/1 528/2/1 595/3/1
f 528/1/1 594/2/1 595/3/1
f 529/1/1 594/2/1 528/3/1
f 530/1/1 594/2/1 529/3/1
f 531/1/1 594/2/1 530/3/1
f 531/1/1 593/2/1 594/3/1
f 532/1/1 593/2/1 531/3/1
f 533/1/1 593/2/1 532/3/1
f 533/1/1 592/2/1 593/3/1
f 534/1/1 592/2/1 533/3/1
f 534/1/1 591/2/1 592/3/1
f 535/1/1 591/2/1 534/3/1
f 536/1/1 591/2/1 535/3/1
f 536/1/1 590/2/1 591/3/1
f 537/1/1 590/2/1 536/3/1
f 537/1/1 589/2/1 590/3/1
f 538/1/1 589/2/1 537/3/1
f 538/1/1 588/2/1 589/3/1
f 539/1/1 588/2/1 538/3/1
f 539/1/1 587/2/1 588/3/1
f 540/1/1 587/2/1 539/3/1
f 541/1/1 587/2/1 540/3/1
f 541/1/1 586/2/1 587/3/1
f 542/1/1 586/2/1 541/3/1
f 543/1/1 586/2/1 542/3/1
f 543/1/1 585/2/1 586/3/1
f 564/1/1 562/2/1 563/3/1
f 544/1/1 585/2/1 543/3/1
f 564/1/1 561/2/1 562/3/1
f 545/1/1 585/2/1 544/3/1
f 564/1/1 560/2/1 561/3/1
f 545/1/1 584/2/1 585/3/1
f 546/1/1 584/2/1 545/3/1
f 564/1/1 559/2/1 560/3/1
f 564/1/1 558/2/1 559/3/1
f 547/1/1 584/2/1 546/3/1
f 564/1/1 557/2/1 558/3/1
f 548/1/1 584/2/1 547/3/1
f 564/1/1 556/2/1 557/3/1
f 564/1/1 555/2/1 556/3/1
f 549/1/1 584/2/1 548/3/1
f 549/1/1 583/2/1 584/3/1
f 564/1/1 554/2/1 555/3/1
f 550/1/1 583/2/1 549/3/1
f 564/1/1 553/2/1 554/3/1
f 564/1/1 552/2/1 553/3/1
f 551/1/1 583/2/1 550/3/1
f 564/1/1 551/2/1 552/3/1
f 564/1/1 583/2/1 551/3/1
f 564/1/1 582/2/1 583/3/1
f 564/1/1 581/2/1 582/3/1
f 564/1/1 580/2/1 581/3/1
f 565/1/1 580/2/1 564/3/1
f 566/1/1 580/2/1 565/3/1
f 567/1/1 580/2/1 566/3/1
f 567/1/1 579/2/1 580/3/1
f 568/1/1 579/2/1 567/3/1
f 569/1/1 579/2/1 568/3/1
f 569/1/1 578/2/1 579/3/1
f 570/1/1 578/2/1 569/3/1
f 571/1/1 578/2/1 570/3/1
f 572/1/1 578/2/1 571/3/1
f 572/1/1 577/2/1 578/3/1
f 573/1/1 577/2/1 572/3/1
f 574/1/1 577/2/1 573/3/1
f 574/1/1 576/2/1 577/3/1
f 575/1/1 576/2/1 574/3/1
f 650/1/1 648/2/1 649/3/1
f 650/1/1 647/2/1 648/3/1
f 651/1/1 647/2/1 650/3/1
f 651/1/1 646/2/1 647/3/1
f 652/1/1 646/2/1 651/3/1
f 652/1/1 645/2/1 646/3/1
f 653/1/1 645/2/1 652/3/1
f 654/1/1 645/2/1 653/3/1
f 654/1/1 644/2/1 645/3/1
f 655/1/1 644/2/1 654/3/1
f 655/1/1 721/2/1 644/3/1
f 721/1/1 643/2/1 644/3/1
f 655/1/1 720/2/1 721/3/1
f 722/1/1 643/2/1 721/3/1
f 655/1/1 719/2/1 720/3/1
f 723/1/1 643/2/1 722/3/1
f 656/1/1 719/2/1 655/3/1
f 723/1/1 642/2/1 643/3/1
f 656/1/1 718/2/1 719/3/1
f 724/1/1 642/2/1 723/3/1
f 656/1/1 717/2/1 718/3/1
f 725/1/1 642/2/1 724/3/1
f 656/1/1 716/2/1 717/3/1
f 726/1/1 642/2/1 725/3/1
f 657/1/1 716/2/1 656/3/1
f 726/1/1 641/2/1 642/3/1
f 657/1/1 715/2/1 716/3/1
f 727/1/1 641/2/1 726/3/1
f 657/1/1 714/2/1 715/3/1
f 728/1/1 641/2/1 727/3/1
f 658/1/1 714/2/1 657/3/1
f 728/1/1 640/2/1 641/3/1
f 658/1/1 713/2/1 714/3/1
f 729/1/1 640/2/1 728/3/1
f 659/1/1 713/2/1 658/3/1
f 729/1/1 639/2/1 640/3/1
f 659/1/1 712/2/1 713/3/1
f 730/1/1 639/2/1 729/3/1
f 659/1/1 711/2/1 712/3/1
f 731/1/1 639/2/1 730/3/1
f 660/1/1 711/2/1 659/3/1
f 731/1/1 638/2/1 639/3/1
f 660/1/1 710/2/1 711/3/1
f 732/1/1 638/2/1 731/3/1
f 661/1/1 710/2/1 660/3/1
f 732/1/1 637/2/1 638/3/1
f 661/1/1 709/2/1 710/3/1
f 685/1/1 637/2/1 732/3/1
f 662/1/1 709/2/1 661/3/1
f 662/1/1 708/2/1 709/3/1
f 686/1/1 637/2/1 685/3/1
f 686/1/1 684/2/1 637/3/1
f 662/1/1 707/2/1 708/3/1
f 687/1/1 684/2/1 686/3/1
f 663/1/1 707/2/1 662/3/1
f 687/1/1 683/2/1 684/3/1
f 663/1/1 706/2/1 707/3/1
f 688/1/1 683/2/1 687/3/1
f 664/1/1 706/2/1 663/3/1
f 688/1/1 682/2/1 683/3/1
f 689/1/1 682/2/1 688/3/1
f 664/1/1 705/2/1 706/3/1
f 690/1/1 682/2/1 689/3/1
f 664/1/1 704/2/1 705/3/1
f 665/1/1 704/2/1 664/3/1
f 690/1/1 681/2/1 682/3/1
f 691/1/1 681/2/1 690/3/1
f 665/1/1 703/2/1 704/3/1
f 666/1/1 703/2/1 665/3/1
f 691/1/1 680/2/1 681/3/1
f 692/1/1 680/2/1 691/3/1
f 666/1/1 702/2/1 703/3/1
f 693/1/1 680/2/1 692/3/1
f 666/1/1 701/2/1 702/3/1
f 667/1/1 701/2/1 666/3/1
f 693/1/1 679/2/1 680/3/1
f 694/1/1 679/2/1 693/3/1
f 667/1/1 700/2/1 701/3/1
f 695/1/1 679/2/1 694/3/1
f 667/1/1 699/2/1 700/3/1
f 696/1/1 679/2/1 695/3/1
f 667/1/1 698/2/1 699/3/1
f 668/1/1 698/2/1 667/3/1
f 696/1/1 678/2/1 679/3/1
f 697/1/1 678/2/1 696/3/1
f 668/1/1 697/2/1 698/3/1
f 668/1/1 678/2/1 697/3/1
f 669/1/1 678/2/1 668/3/1
f 669/1/1 677/2/1 678/3/1
f 670/1/1 677/2/1 669/3/1
f 670/1/1 676/2/1 677/3/1
f 671/1/1 676/2/1 670/3/1
f 671/1/1 675/2/1 676/3/1
f 672/1/1 675/2/1 671/3/1
f 672/1/1 674/2/1 675/3/1
f 673/1/1 674/2/1 672/3/1
f 38/1/1 36/2/1 37/3/1
f 39/1/1 36/2/1 38/3/1
f 39/1/1 35/2/1 36/3/1
f 40/1/1 35/2/1 39/3/1
f 40/1/1 34/2/1 35/3/1
f 41/1/1 34/2/1 40/3/1
f 41/1/1 33/2/1 34/3/1
f 42/1/1 33/2/1 41/3/1
f 42/1/1 32/2/1 33/3/1
f 43/1/1 32/2/1 42/3/1
f 43/1/1 31/2/1 32/3/1
f 44/1/1 31/2/1 43/3/1
f 44/1/1 30/2/1 31/3/1
f 45/1/1 30/2/1 44/3/1
f 45/1/1 133/2/1 30/3/1
f 133/1/1 29/2/1 30/3/1
f 45/1/1 132/2/1 133/3/1
f 134/1/1 29/2/1 133/3/1
f 45/1/1 131/2/1 132/3/1
f 135/1/1 29/2/1 134/3/1
f 46/1/1 131/2/1 45/3/1
f 46/1/1 130/2/1 131/3/1
f 135/1/1 28/2/1 29/3/1
f 136/1/1 28/2/1 135/3/1
f 46/1/1 129/2/1 130/3/1
f 137/1/1 28/2/1 136/3/1
f 46/1/1 128/2/1 129/3/1
f 138/1/1 28/2/1 137/3/1
f 46/1/1 127/2/1 128/3/1
f 139/1/1 28/2/1 138/3/1
f 47/1/1 127/2/1 46/3/1
f 139/1/1 27/2/1 28/3/1
f 47/1/1 126/2/1 127/3/1
f 140/1/1 27/2/1 139/3/1
f 47/1/1 125/2/1 126/3/1
f 141/1/1 27/2/1 140/3/1
f 47/1/1 124/2/1 125/3/1
f 48/1/1 124/2/1 47/3/1
f 142/1/1 27/2/1 141/3/1
f 142/1/1 26/2/1 27/3/1
f 48/1/1 123/2/1 124/3/1
f 143/1/1 26/2/1 142/3/1
f 48/1/1 122/2/1 123/3/1
f 144/1/1 26/2/1 143/3/1
f 49/1/1 122/2/1 48/3/1
f 144/1/1 25/2/1 26/3/1
f 49/1/1 121/2/1 122/3/1
f 97/1/1 25/2/1 144/3/1
f 49/1/1 120/2/1 121/3/1
f 50/1/1 120/2/1 49/3/1
f 98/1/1 25/2/1 97/3/1
f 98/1/1 24/2/1 25/3/1
f 50/1/1 119/2/1 120/3/1
f 99/1/1 24/2/1 98/3/1
f 51/1/1 119/2/1 50/3/1
f 99/1/1 23/2/1 24/3/1
f 51/1/1 118/2/1 119/3/1
f 100/1/1 23/2/1 99/3/1
f 100/1/1 22/2/1 23/3/1
f 52/1/1 118/2/1 51/3/1
f 52/1/1 117/2/1 118/3/1
f 101/1/1 22/2/1 100/3/1
f 101/1/1 21/2/1 22/3/1
f 53/1/1 117/2/1 52/3/1
f 53/1/1 116/2/1 117/3/1
f 102/1/1 21/2/1 101/3/1
f 102/1/1 20/2/1 21/3/1
f 54/1/1 116/2/1 53/3/1
f 54/1/1 115/2/1 116/3/1
f 103/1/1 20/2/1 102/3/1
f 103/1/1 19/2/1 20/3/1
f 55/1/1 115/2/1 54/3/1
f 55/1/1 114/2/1 115/3/1
f 104/1/1 19/2/1 103/3/1
f 104/1/1 18/2/1 19/3/1
f 55/1/1 113/2/1 114/3/1
f 105/1/1 18/2/1 104/3/1
f 56/1/1 113/2/1 55/3/1
f 56/1/1 112/2/1 113/3/1
f 106/1/1 18/2/1 105/3/1
f 106/1/1 17/2/1 18/3/1
f 57/1/1 112/2/1 56/3/1
f 57/1/1 111/2/1 112/3/1
f 107/1/1 17/2/1 106/3/1
f 57/1/1 110/2/1 111/3/1
f 108/1/1 17/2/1 107/3/1
f 57/1/1 109/2/1 110/3/1
f 109/1/1 17/2/1 108/3/1
f 57/1/1 17/2/1 109/3/1
f 57/1/1 16/2/1 17/3/1
f 58/1/1 16/2/1 57/3/1
f 58/1/1 15/2/1 16/3/1
f 59/1/1 15/2/1 58/3/1
f 59/1/1 14/2/1 15/3/1
f 60/1/1 14/2/1 59/3/1
f 60/1/1 13/2/1 14/3/1
f 61/1/1 13/2/1 60/3/1
f 62/1/1 13/2/1 61/3/1
f 62/1/1 12/2/1 13/3/1
f 62/1/1 11/2/1 12/3/1
f 63/1/1 11/2/1 62/3/1
f 63/1/1 10/2/1 11/3/1
f 64/1/1 10/2/1 63/3/1
f 64/1/1 9/2/1 10/3/1
f 65/1/1 9/2/1 64/3/1
f 65/1/1 181/2/1 9/3/1
f 181/1/1 8/2/1 9/3/1
f 66/1/1 181/2/1 65/3/1
f 66/1/1 180/2/1 181/3/1
f 182/1/1 8/2/1 181/3/1
f 66/1/1 179/2/1 180/3/1
f 183/1/1 8/2/1 182/3/1
f 66/1/1 178/2/1 179/3/1
f 184/1/1 8/2/1 183/3/1
f 184/1/1 7/2/1 8/3/1
f 67/1/1 178/2/1 66/3/1
f 67/1/1 177/2/1 178/3/1
f 185/1/1 7/2/1 184/3/1
f 67/1/1 176/2/1 177/3/1
f 186/1/1 7/2/1 185/3/1
f 186/1/1 6/2/1 7/3/1
f 68/1/1 176/2/1 67/3/1
f 68/1/1 175/2/1 176/3/1
f 187/1/1 6/2/1 186/3/1
f 68/1/1 174/2/1 175/3/1
f 188/1/1 6/2/1 187/3/1
f 69/1/1 174/2/1 68/3/1
f 188/1/1 5/2/1 6/3/1
f 69/1/1 173/2/1 174/3/1
f 189/1/1 5/2/1 188/3/1
f 70/1/1 173/2/1 69/3/1
f 189/1/1 4/2/1 5/3/1
f 70/1/1 172/2/1 173/3/1
f 190/1/1 4/2/1 189/3/1
f 70/1/1 171/2/1 172/3/1
f 71/1/1 171/2/1 70/3/1
f 191/1/1 4/2/1 190/3/1
f 191/1/1 3/2/1 4/3/1
f 71/1/1 170/2/1 171/3/1
f 192/1/1 3/2/1 191/3/1
f 72/1/1 170/2/1 71/3/1
f 192/1/1 2/2/1 3/3/1
f 72/1/1 169/2/1 170/3/1
f 145/1/1 2/2/1 192/3/1
f 73/1/1 169/2/1 72/3/1
f 145/1/1 1/2/1 2/3/1
f 73/1/1 168/2/1 169/3/1
f 146/1/1 1/2/1 145/3/1
f 74/1/1 168/2/1 73/3/1
f 146/1/1 96/2/1 1/3/1
f 147/1/1 96/2/1 146/3/1
f 74/1/1 167/2/1 168/3/1
f 148/1/1 96/2/1 147/3/1
f 74/1/1 166/2/1 167/3/1
f 75/1/1 166/2/1 74/3/1
f 148/1/1 95/2/1 96/3/1
f 149/1/1 95/2/1 148/3/1
f 75/1/1 165/2/1 166/3/1
f 150/1/1 95/2/1 149/3/1
f 75/1/1 164/2/1 165/3/1
f 76/1/1 164/2/1 75/3/1
f 150/1/1 94/2/1 95/3/1
f 151/1/1 94/2/1 150/3/1
f 76/1/1 163/2/1 164/3/1
f 152/1/1 94/2/1 151/3/1
f 76/1/1 162/2/1 163/3/1
f 77/1/1 162/2/1 76/3/1
f 152/1/1 93/2/1 94/3/1
f 153/1/1 93/2/1 152/3/1
f 77/1/1 161/2/1 162/3/1
f 154/1/1 93/2/1 153/3/1
f 77/1/1 160/2/1 161/3/1
f 155/1/1 93/2/1 154/3/1
f 77/1/1 159/2/1 160/3/1
f 156/1/1 93/2/1 155/3/1
f 77/1/1 158/2/1 159/3/1
f 78/1/1 158/2/1 77/3/1
f 156/1/1 92/2/1 93/3/1
f 157/1/1 92/2/1 156/3/1
f 78/1/1 157/2/1 158/3/1
f 78/1/1 92/2/1 157/3/1
f 79/1/1 92/2/1 78/3/1
f 79/1/1 91/2/1 92/3/1
f 80/1/1 91/2/1 79/3/1
f 80/1/1 90/2/1 91/3/1
f 81/1/1 90/2/1 80/3/1
f 81/1/1 89/2/1 90/3/1
f 82/1/1 89/2/1 81/3/1
f 82/1/1 88/2/1 89/3/1
f 83/1/1 88/2/1 82/3/1
f 83/1/1 87/2/1 88/3/1
f 84/1/1 87/2/1 83/3/1
f 84/1/1 86/2/1 87/3/1
f 85/1/1 86/2/1 84/3/1
f 931/1/2 930/2/2 929/3/2
f 931/1/2 929/2/2 928/3/2
f 928/1/2 927/2/2 926/3/2
f 928/1/2 926/2/2 925/3/2
f 931/1/2 928/2/2 933/3/2
f 933/1/2 928/2/2 925/3/2
f 933/1/2 925/2/2 935/3/2
f 931/1/2 933/2/2 932/3/2
f 934/1/2 933/2/2 935/3/2
f 973/1/2 972/2/2 971/3/2
f 973/1/2 971/2/2 970/3/2
f 974/1/2 973/2/2 970/3/2
f 974/1/2 970/2/2 969/3/2
f 975/1/2 974/2/2 969/3/2
f 975/1/2 969/2/2 968/3/2
f 976/1/2 975/2/2 968/3/2
f 976/1/2 968/2/2 967/3/2
f 977/1/2 976/2/2 967/3/2
f 977/1/2 967/2/2 966/3/2
f 978/1/2 977/2/2 996/3/2
f 996/1/2 977/2/2 966/3/2
f 978/1/2 996/2/2 995/3/2
f 997/1/2 996/2/2 966/3/2
f 998/1/2 997/2/2 966/3/2
f 978/1/2 995/2/2 994/3/2
f 999/1/2 998/2/2 966/3/2
f 978/1/2 994/2/2 993/3/2
f 999/1/2 966/2/2 965/3/2
f 979/1/2 978/2/2 993/3/2
f 1000/1/2 999/2/2 965/3/2
f 979/1/2 993/2/2 992/3/2
f 1001/1/2 1000/2/2 965/3/2
f 979/1/2 992/2/2 991/3/2
f 1001/1/2 965/2/2 964/3/2
f 980/1/2 979/2/2 991/3/2
f 1002/1/2 1001/2/2 964/3/2
f 980/1/2 991/2/2 990/3/2
f 1003/1/2 1002/2/2 964/3/2
f 980/1/2 990/2/2 989/3/2
f 1003/1/2 964/2/2 963/3/2
f 981/1/2 980/2/2 989/3/2
f 1004/1/2 1003/2/2 963/3/2
f 981/1/2 989/2/2 988/3/2
f 1004/1/2 963/2/2 962/3/2
f 982/1/2 981/2/2 988/3/2
f 1005/1/2 1004/2/2 962/3/2
f 982/1/2 988/2/2 987/3/2
f 1006/1/2 1005/2/2 962/3/2
f 982/1/2 987/2/2 986/3/2
f 1006/1/2 962/2/2 961/3/2
f 983/1/2 982/2/2 986/3/2
f 1007/1/2 1006/2/2 961/3/2
f 983/1/2 986/2/2 985/3/2
f 1007/1/2 961/2/2 960/3/2
f 936/1/2 983/2/2 985/3/2
f 1008/1/2 1007/2/2 960/3/2
f 936/1/2 985/2/2 984/3/2
f 937/1/2 936/2/2 984/3/2
f 937/1/2 984/2/2 1031/3/2
f 1009/1/2 1008/2/2 960/3/2
f 1009/1/2 960/2/2 959/3/2
f 937/1/2 1031/2/2 1030/3/2
f 1010/1/2 1009/2/2 959/3/2
f 1010/1/2 959/2/2 958/3/2
f 938/1/2 937/2/2 1030/3/2
f 938/1/2 1030/2/2 1029/3/2
f 1011/1/2 1010/2/2 958/3/2
f 1011/1/2 958/2/2 957/3/2
f 939/1/2 938/2/2 1029/3/2
f 1012/1/2 1011/2/2 957/3/2
f 939/1/2 1029/2/2 1028/3/2
f 1012/1/2 957/2/2 956/3/2
f 940/1/2 939/2/2 1028/3/2
f 1013/1/2 1012/2/2 956/3/2
f 940/1/2 1028/2/2 1027/3/2
f 1014/1/2 1013/2/2 956/3/2
f 940/1/2 1027/2/2 1026/3/2
f 1014/1/2 956/2/2 955/3/2
f 941/1/2 940/2/2 1026/3/2
f 1015/1/2 1014/2/2 955/3/2
f 941/1/2 1026/2/2 1025/3/2
f 1016/1/2 1015/2/2 955/3/2
f 941/1/2 1025/2/2 1024/3/2
f 1016/1/2 955/2/2 954/3/2
f 942/1/2 941/2/2 1024/3/2
f 1017/1/2 1016/2/2 954/3/2
f 942/1/2 1024/2/2 1023/3/2
f 1018/1/2 1017/2/2 954/3/2
f 942/1/2 1023/2/2 1022/3/2
f 1018/1/2 954/2/2 953/3/2
f 943/1/2 942/2/2 1022/3/2
f 1019/1/2 1018/2/2 953/3/2
f 943/1/2 1022/2/2 1021/3/2
f 1020/1/2 1019/2/2 953/3/2
f 943/1/2 1021/2/2 1020/3/2
f 943/1/2 1020/2/2 953/3/2
f 943/1/2 953/2/2 952/3/2
f 944/1/2 943/2/2 952/3/2
f 944/1/2 952/2/2 951/3/2
f 945/1/2 944/2/2 951/3/2
f 945/1/2 951/2/2 950/3/2
f 946/1/2 945/2/2 950/3/2
f 946/1/2 950/2/2 949/3/2
f 947/1/2 946/2/2 949/3/2
f 947/1/2 949/2/2 948/3/2
f 1033/1/2 1032/2/2 1099/3/2
f 1099/1/2 1032/2/2 1098/3/2
f 1099/1/2 1098/2/2 1097/3/2
f 1099/1/2 1097/2/2 1096/3/2
f 1099/1/2 1096/2/2 1095/3/2
f 1099/1/2 1095/2/2 1094/3/2
f 1099/1/2 1094/2/2 1093/3/2
f 1099/1/2 1093/2/2 1092/3/2
f 1099/1/2 1092/2/2 1091/3/2
f 1099/1/2 1091/2/2 1100/3/2
f 1100/1/2 1091/2/2 1090/3/2
f 1033/1/2 1099/2/2 1125/3/2
f 1101/1/2 1100/2/2 1090/3/2
f 1102/1/2 1101/2/2 1090/3/2
f 1103/1/2 1102/2/2 1090/3/2
f 1103/1/2 1090/2/2 1089/3/2
f 1104/1/2 1103/2/2 1089/3/2
f 1105/1/2 1104/2/2 1089/3/2
f 1106/1/2 1105/2/2 1089/3/2
f 1106/1/2 1089/2/2 1088/3/2
f 1107/1/2 1106/2/2 1088/3/2
f 1108/1/2 1107/2/2 1088/3/2
f 1109/1/2 1108/2/2 1088/3/2
f 1109/1/2 1088/2/2 1087/3/2
f 1110/1/2 1109/2/2 1087/3/2
f 1111/1/2 1110/2/2 1087/3/2
f 1111/1/2 1087/2/2 1086/3/2
f 1112/1/2 1111/2/2 1086/3/2
f 1113/1/2 1112/2/2 1086/3/2
f 1113/1/2 1086/2/2 1085/3/2
f 1114/1/2 1113/2/2 1085/3/2
f 1114/1/2 1085/2/2 1084/3/2
f 1115/1/2 1114/2/2 1084/3/2
f 1116/1/2 1115/2/2 1084/3/2
f 1116/1/2 1084/2/2 1083/3/2
f 1117/1/2 1116/2/2 1083/3/2
f 1117/1/2 1083/2/2 1082/3/2
f 1118/1/2 1117/2/2 1082/3/2
f 1118/1/2 1082/2/2 1081/3/2
f 1119/1/2 1118/2/2 1081/3/2
f 1120/1/2 1119/2/2 1081/3/2
f 1120/1/2 1081/2/2 1080/3/2
f 1121/1/2 1120/2/2 1080/3/2
f 1122/1/2 1121/2/2 1080/3/2
f 1122/1/2 1080/2/2 1079/3/2
f 1123/1/2 1122/2/2 1079/3/2
f 1124/1/2 1123/2/2 1079/3/2
f 1033/1/2 1125/2/2 1035/3/2
f 1035/1/2 1125/2/2 1124/3/2
f 1035/1/2 1124/2/2 1079/3/2
f 1035/1/2 1079/2/2 1078/3/2
f 1035/1/2 1078/2/2 1077/3/2
f 1035/1/2 1077/2/2 1076/3/2
f 1035/1/2 1076/2/2 1075/3/2
f 1035/1/2 1075/2/2 1074/3/2
f 1035/1/2 1074/2/2 1073/3/2
f 1035/1/2 1073/2/2 1072/3/2
f 1035/1/2 1072/2/2 1036/3/3
f 1036/1/3 1072/2/2 1037/3/4
f 1037/1/4 1072/2/2 1071/3/2
f 1033/1/2 1035/2/2 1034/3/2
f 1038/1/2 1037/2/4 1071/3/2
f 1039/1/2 1038/2/2 1071/3/2
f 1040/1/2 1039/2/2 1071/3/2
f 1040/1/2 1071/2/2 1070/3/2
f 1041/1/2 1040/2/2 1070/3/2
f 1042/1/2 1041/2/2 1070/3/2
f 1042/1/2 1070/2/2 1069/3/2
f 1043/1/2 1042/2/2 1069/3/2
f 1043/1/2 1069/2/2 1068/3/2
f 1044/1/2 1043/2/2 1068/3/2
f 1044/1/2 1068/2/2 1067/3/2
f 1045/1/2 1044/2/2 1067/3/2
f 1045/1/2 1067/2/2 1066/3/2
f 1046/1/2 1045/2/2 1066/3/2
f 1046/1/2 1066/2/2 1065/3/2
f 1047/1/2 1046/2/2 1065/3/2
f 1047/1/2 1065/2/2 1064/3/2
f 1047/1/2 1064/2/2 1063/3/2
f 1048/1/2 1047/2/2 1063/3/2
f 1048/1/2 1063/2/2 1062/3/2
f 1049/1/2 1048/2/2 1062/3/2
f 1049/1/2 1062/2/2 1061/3/2
f 1049/1/2 1061/2/2 1060/3/2
f 1049/1/2 1060/2/2 1059/3/2
f 1049/1/2 1059/2/2 1058/3/2
f 1049/1/2 1058/2/2 1057/3/2
f 1049/1/2 1057/2/2 1056/3/2
f 1049/1/2 1056/2/2 1055/3/2
f 1049/1/2 1055/2/2 1054/3/2
f 1049/1/2 1054/2/2 1053/3/2
f 1049/1/2 1053/2/2 1052/3/2
f 1049/1/2 1052/2/2 1051/3/2
f 1049/1/2 1051/2/2 1050/3/2
f 1139/1/2 1138/2/2 1137/3/2
f 1139/1/2 1137/2/2 1136/3/2
f 1140/1/2 1139/2/2 1136/3/2
f 1140/1/2 1136/2/2 1135/3/2
f 1141/1/2 1140/2/2 1135/3/2
f 1141/1/2 1135/2/2 1134/3/2
f 1142/1/2 1141/2/2 1134/3/2
f 1143/1/2 1142/2/2 1134/3/2
f 1143/1/2 1134/2/2 1133/3/2
f 1144/1/2 1143/2/2 1133/3/2
f 1144/1/2 1133/2/2 1210/3/2
f 1210/1/2 1133/2/2 1132/3/2
f 1144/1/2 1210/2/2 1209/3/2
f 1211/1/2 1210/2/2 1132/3/2
f 1144/1/2 1209/2/2 1208/3/2
f 1212/1/2 1211/2/2 1132/3/2
f 1145/1/2 1144/2/2 1208/3/2
f 1212/1/2 1132/2/2 1131/3/2
f 1145/1/2 1208/2/2 1207/3/2
f 1213/1/2 1212/2/2 1131/3/2
f 1145/1/2 1207/2/2 1206/3/2
f 1214/1/2 1213/2/2 1131/3/2
f 1145/1/2 1206/2/2 1205/3/2
f 1215/1/2 1214/2/2 1131/3/2
f 1146/1/2 1145/2/2 1205/3/2
f 1215/1/2 1131/2/2 1130/3/2
f 1146/1/2 1205/2/2 1204/3/2
f 1216/1/2 1215/2/2 1130/3/2
f 1146/1/2 1204/2/2 1203/3/2
f 1217/1/2 1216/2/2 1130/3/2
f 1147/1/2 1146/2/2 1203/3/2
f 1217/1/2 1130/2/2 1129/3/2
f 1147/1/2 1203/2/2 1202/3/2
f 1218/1/2 1217/2/2 1129/3/2
f 1148/1/2 1147/2/2 1202/3/2
f 1218/1/2 1129/2/2 1128/3/2
f 1148/1/2 1202/2/2 1201/3/2
f 1219/1/2 1218/2/2 1128/3/2
f 1148/1/2 1201/2/2 1200/3/2
f 1220/1/2 1219/2/2 1128/3/2
f 1149/1/2 1148/2/2 1200/3/2
f 1220/1/2 1128/2/2 1127/3/2
f 1149/1/2 1200/2/2 1199/3/2
f 1221/1/2 1220/2/2 1127/3/2
f 1150/1/2 1149/2/2 1199/3/2
f 1221/1/2 1127/2/2 1126/3/2
f 1150/1/2 1199/2/2 1198/3/2
f 1174/1/2 1221/2/2 1126/3/2
f 1151/1/2 1150/2/2 1198/3/2
f 1151/1/2 1198/2/2 1197/3/2
f 1175/1/2 1174/2/2 1126/3/2
f 1175/1/2 1126/2/2 1173/3/2
f 1151/1/2 1197/2/2 1196/3/2
f 1176/1/2 1175/2/2 1173/3/2
f 1152/1/2 1151/2/2 1196/3/2
f 1176/1/2 1173/2/2 1172/3/2
f 1152/1/2 1196/2/2 1195/3/2
f 1177/1/2 1176/2/2 1172/3/2
f 1153/1/2 1152/2/2 1195/3/2
f 1177/1/2 1172/2/2 1171/3/2
f 1178/1/2 1177/2/2 1171/3/2
f 1153/1/2 1195/2/2 1194/3/2
f 1179/1/2 1178/2/2 1171/3/2
f 1153/1/2 1194/2/2 1193/3/2
f 1154/1/2 1153/2/2 1193/3/2
f 1179/1/2 1171/2/2 1170/3/2
f 1180/1/2 1179/2/2 1170/3/2
f 1154/1/2 1193/2/2 1192/3/2
f 1155/1/2 1154/2/2 1192/3/2
f 1180/1/2 1170/2/2 1169/3/2
f 1181/1/2 1180/2/2 1169/3/2
f 1155/1/2 1192/2/2 1191/3/2
f 1182/1/2 1181/2/2 1169/3/2
f 1155/1/2 1191/2/2 1190/3/2
f 1156/1/2 1155/2/2 1190/3/2
f 1182/1/2 1169/2/2 1168/3/2
f 1183/1/2 1182/2/2 1168/3/2
f 1156/1/2 1190/2/2 1189/3/2
f 1184/1/2 1183/2/2 1168/3/2
f 1156/1/2 1189/2/2 1188/3/2
f 1185/1/2 1184/2/2 1168/3/2
f 1156/1/2 1188/2/2 1187/3/2
f 1157/1/2 1156/2/2 1187/3/2
f 1185/1/2 1168/2/2 1167/3/2
f 1186/1/2 1185/2/2 1167/3/2
f 1157/1/2 1187/2/2 1186/3/2
f 1157/1/2 1186/2/2 1167/3/2
f 1158/1/2 1157/2/2 1167/3/2
f 1158/1/2 1167/2/2 1166/3/2
f 1159/1/2 1158/2/2 1166/3/2
f 1159/1/2 1166/2/2 1165/3/2
f 1160/1/2 1159/2/2 1165/3/2
f 1160/1/2 1165/2/2 1164/3/2
f 1161/1/2 1160/2/2 1164/3/2
f 1161/1/2 1164/2/2 1163/3/2
f 1162/1/2 1161/2/2 1163/3/2
f 1357/1/2 1356/2/2 1355/3/2
f 1358/1/4 1357/2/2 1355/3/2
f 1359/1/2 1358/2/4 1355/3/2
f 1359/1/2 1355/2/2 1354/3/2
f 1360/1/2 1359/2/2 1354/3/2
f 1361/1/2 1360/2/2 1354/3/2
f 1362/1/2 1361/2/2 1354/3/2
f 1362/1/2 1354/2/2 1353/3/2
f 1363/1/2 1362/2/2 1353/3/2
f 1364/1/2 1363/2/2 1353/3/2
f 1365/1/2 1364/2/2 1353/3/2
f 1365/1/2 1353/2/2 1352/3/2
f 1366/1/2 1365/2/2 1352/3/2
f 1367/1/2 1366/2/2 1352/3/2
f 1367/1/2 1352/2/2 1351/3/2
f 1368/1/2 1367/2/2 1351/3/2
f 1222/1/2 1368/2/2 1223/3/2
f 1223/1/2 1368/2/2 1224/3/2
f 1224/1/2 1368/2/2 1225/3/2
f 1225/1/2 1368/2/2 1226/3/2
f 1226/1/2 1368/2/2 1351/3/2
f 1226/1/2 1351/2/2 1227/3/2
f 1227/1/2 1351/2/2 1228/3/2
f 1228/1/2 1351/2/2 1350/3/2
f 1228/1/2 1350/2/2 1229/3/2
f 1229/1/2 1350/2/2 1230/3/2
f 1230/1/2 1350/2/2 1349/3/2
f 1230/1/2 1349/2/2 1231/3/5
f 1231/1/5 1349/2/2 1232/3/2
f 1232/1/2 1349/2/2 1233/3/4
f 1233/1/4 1349/2/2 1348/3/2
f 1233/1/4 1348/2/2 1234/3/2
f 1234/1/2 1348/2/2 1235/3/2
f 1235/1/2 1348/2/2 1347/3/2
f 1236/1/2 1235/2/2 1347/3/2
f 1237/1/2 1236/2/2 1347/3/2
f 1238/1/2 1237/2/2 1347/3/2
f 1238/1/2 1347/2/2 1346/3/2
f 1239/1/2 1238/2/2 1346/3/2
f 1240/1/2 1239/2/2 1346/3/2
f 1241/1/2 1240/2/2 1346/3/2
f 1241/1/2 1346/2/2 1345/3/2
f 1242/1/2 1241/2/2 1345/3/2
f 1243/1/2 1242/2/2 1345/3/2
f 1243/1/2 1345/2/2 1344/3/2
f 1244/1/2 1243/2/2 1344/3/2
f 1245/1/2 1244/2/2 1344/3/2
f 1245/1/2 1344/2/2 1343/3/2
f 1246/1/2 1245/2/2 1343/3/2
f 1247/1/2 1246/2/2 1343/3/2
f 1247/1/2 1343/2/2 1342/3/2
f 1248/1/2 1247/2/2 1342/3/2
f 1248/1/2 1342/2/2 1341/3/2
f 1249/1/2 1248/2/2 1341/3/2
f 1249/1/2 1341/2/2 1340/3/2
f 1250/1/2 1249/2/2 1340/3/2
f 1250/1/2 1340/2/2 1339/3/2
f 1251/1/2 1250/2/2 1339/3/2
f 1251/1/2 1339/2/2 1338/3/2
f 1252/1/2 1251/2/2 1338/3/2
f 1253/1/2 1252/2/2 1338/3/2
f 1253/1/2 1338/2/2 1337/3/2
f 1254/1/2 1253/2/2 1337/3/2
f 1254/1/2 1337/2/2 1336/3/2
f 1255/1/2 1254/2/2 1336/3/2
f 1256/1/2 1255/2/2 1336/3/2
f 1257/1/2 1256/2/2 1336/3/2
f 1257/1/2 1336/2/2 1335/3/2
f 1258/1/2 1257/2/2 1335/3/2
f 1259/1/2 1258/2/2 1335/3/2
f 1259/1/2 1335/2/2 1334/3/2
f 1259/1/2 1334/2/2 1333/3/2
f 1259/1/2 1333/2/2 1332/3/2
f 1259/1/2 1332/2/2 1331/3/2
f 1259/1/2 1331/2/2 1330/3/2
f 1259/1/2 1330/2/2 1329/3/2
f 1259/1/2 1329/2/2 1328/3/2
f 1259/1/2 1328/2/2 1327/3/2
f 1259/1/2 1327/2/2 1260/3/2
f 1260/1/2 1327/2/2 1326/3/2
f 1261/1/4 1260/2/2 1326/3/2
f 1262/1/2 1261/2/4 1326/3/2
f 1263/1/2 1262/2/2 1326/3/2
f 1263/1/2 1326/2/2 1325/3/2
f 1264/1/2 1263/2/2 1325/3/2
f 1265/1/2 1264/2/2 1325/3/2
f 1265/1/2 1325/2/2 1324/3/2
f 1266/1/2 1265/2/2 1324/3/2
f 1266/1/2 1324/2/2 1323/3/2
f 1267/1/2 1266/2/2 1323/3/2
f 1268/1/2 1267/2/2 1323/3/2
f 1268/1/2 1323/2/2 1322/3/2
f 1269/1/2 1268/2/2 1322/3/2
f 1269/1/2 1322/2/2 1321/3/2
f 1270/1/2 1269/2/2 1321/3/2
f 1270/1/2 1321/2/2 1320/3/2
f 1271/1/2 1270/2/2 1320/3/2
f 1271/1/2 1320/2/2 1319/3/2
f 1272/1/2 1271/2/2 1319/3/2
f 1273/1/2 1272/2/2 1319/3/2
f 1273/1/2 1319/2/2 1318/3/2
f 1274/1/2 1273/2/2 1318/3/2
f 1275/1/2 1274/2/2 1318/3/2
f 1275/1/2 1318/2/2 1317/3/2
f 1296/1/2 1295/2/2 1294/3/2
f 1276/1/2 1275/2/2 1317/3/2
f 1296/1/2 1294/2/2 1293/3/2
f 1277/1/2 1276/2/2 1317/3/2
f 1296/1/2 1293/2/2 1292/3/2
f 1277/1/2 1317/2/2 1316/3/2
f 1278/1/2 1277/2/2 1316/3/2
f 1296/1/2 1292/2/2 1291/3/2
f 1296/1/2 1291/2/2 1290/3/2
f 1279/1/2 1278/2/2 1316/3/2
f 1296/1/2 1290/2/2 1289/3/2
f 1280/1/2 1279/2/2 1316/3/2
f 1296/1/2 1289/2/2 1288/3/2
f 1296/1/2 1288/2/2 1287/3/2
f 1281/1/2 1280/2/2 1316/3/2
f 1281/1/2 1316/2/2 1315/3/2
f 1296/1/2 1287/2/2 1286/3/2
f 1282/1/2 1281/2/2 1315/3/2
f 1296/1/2 1286/2/2 1285/3/2
f 1296/1/2 1285/2/2 1284/3/2
f 1283/1/2 1282/2/2 1315/3/2
f 1296/1/2 1284/2/2 1283/3/2
f 1296/1/2 1283/2/2 1315/3/2
f 1296/1/2 1315/2/2 1314/3/2
f 1296/1/2 1314/2/2 1313/3/2
f 1296/1/2 1313/2/2 1312/3/2
f 1297/1/2 1296/2/2 1312/3/2
f 1298/1/2 1297/2/2 1312/3/2
f 1299/1/2 1298/2/2 1312/3/2
f 1299/1/2 1312/2/2 1311/3/2
f 1300/1/2 1299/2/2 1311/3/2
f 1301/1/2 1300/2/2 1311/3/2
f 1301/1/2 1311/2/2 1310/3/2
f 1302/1/2 1301/2/2 1310/3/2
f 1303/1/2 1302/2/2 1310/3/2
f 1304/1/2 1303/2/2 1310/3/2
f 1304/1/2 1310/2/2 1309/3/2
f 1305/1/2 1304/2/2 1309/3/2
f 1306/1/2 1305/2/2 1309/3/2
f 1306/1/2 1309/2/2 1308/3/2
f 1307/1/2 1306/2/2 1308/3/2
f 1382/1/2 1381/2/2 1380/3/2
f 1382/1/2 1380/2/2 1379/3/2
f 1383/1/2 1382/2/2 1379/3/2
f 1383/1/2 1379/2/2 1378/3/2
f 1384/1/2 1383/2/2 1378/3/2
f 1384/1/2 1378/2/2 1377/3/2
f 1385/1/2 1384/2/2 1377/3/2
f 1386/1/2 1385/2/2 1377/3/2
f 1386/1/2 1377/2/2 1376/3/2
f 1387/1/2 1386/2/2 1376/3/2
f 1387/1/2 1376/2/2 1453/3/2
f 1453/1/2 1376/2/2 1375/3/2
f 1387/1/2 1453/2/2 1452/3/2
f 1454/1/2 1453/2/2 1375/3/2
f 1387/1/2 1452/2/2 1451/3/2
f 1455/1/2 1454/2/2 1375/3/2
f 1388/1/2 1387/2/2 1451/3/2
f 1455/1/2 1375/2/2 1374/3/2
f 1388/1/2 1451/2/2 1450/3/2
f 1456/1/2 1455/2/2 1374/3/2
f 1388/1/2 1450/2/2 1449/3/2
f 1457/1/2 1456/2/2 1374/3/2
f 1388/1/2 1449/2/2 1448/3/2
f 1458/1/2 1457/2/2 1374/3/2
f 1389/1/2 1388/2/2 1448/3/2
f 1458/1/2 1374/2/2 1373/3/2
f 1389/1/2 1448/2/2 1447/3/2
f 1459/1/2 1458/2/2 1373/3/2
f 1389/1/2 1447/2/2 1446/3/2
f 1460/1/2 1459/2/2 1373/3/2
f 1390/1/2 1389/2/2 1446/3/2
f 1460/1/2 1373/2/2 1372/3/2
f 1390/1/2 1446/2/2 1445/3/2
f 1461/1/2 1460/2/2 1372/3/2
f 1391/1/2 1390/2/2 1445/3/2
f 1461/1/2 1372/2/2 1371/3/2
f 1391/1/2 1445/2/2 1444/3/2
f 1462/1/2 1461/2/2 1371/3/2
f 1391/1/2 1444/2/2 1443/3/2
f 1463/1/2 1462/2/2 1371/3/2
f 1392/1/2 1391/2/2 1443/3/2
f 1463/1/2 1371/2/2 1370/3/2
f 1392/1/2 1443/2/2 1442/3/2
f 1464/1/2 1463/2/2 1370/3/2
f 1393/1/2 1392/2/2 1442/3/2
f 1464/1/2 1370/2/2 1369/3/2
f 1393/1/2 1442/2/2 1441/3/2
f 1417/1/2 1464/2/2 1369/3/2
f 1394/1/2 1393/2/2 1441/3/2
f 1394/1/2 1441/2/2 1440/3/2
f 1418/1/2 1417/2/2 1369/3/2
f 1418/1/2 1369/2/2 1416/3/2
f 1394/1/2 1440/2/2 1439/3/2
f 1419/1/2 1418/2/2 1416/3/2
f 1395/1/2 1394/2/2 1439/3/2
f 1419/1/2 1416/2/2 1415/3/2
f 1395/1/2 1439/2/2 1438/3/2
f 1420/1/2 1419/2/2 1415/3/2
f 1396/1/2 1395/2/2 1438/3/2
f 1420/1/2 1415/2/2 1414/3/2
f 1421/1/2 1420/2/2 1414/3/2
f 1396/1/2 1438/2/2 1437/3/2
f 1422/1/2 1421/2/2 1414/3/2
f 1396/1/2 1437/2/2 1436/3/2
f 1397/1/2 1396/2/2 1436/3/2
f 1422/1/2 1414/2/2 1413/3/2
f 1423/1/2 1422/2/2 1413/3/2
f 1397/1/2 1436/2/2 1435/3/2
f 1398/1/2 1397/2/2 1435/3/2
f 1423/1/2 1413/2/2 1412/3/2
f 1424/1/2 1423/2/2 1412/3/2
f 1398/1/2 1435/2/2 1434/3/2
f 1425/1/2 1424/2/2 1412/3/2
f 1398/1/2 1434/2/2 1433/3/2
f 1399/1/2 1398/2/2 1433/3/2
f 1425/1/2 1412/2/2 1411/3/2
f 1426/1/2 1425/2/2 1411/3/2
f 1399/1/2 1433/2/2 1432/3/2
f 1427/1/2 1426/2/2 1411/3/2
f 1399/1/2 1432/2/2 1431/3/2
f 1428/1/2 1427/2/2 1411/3/2
f 1399/1/2 1431/2/2 1430/3/2
f 1400/1/2 1399/2/2 1430/3/2
f 1428/1/2 1411/2/2 1410/3/2
f 1429/1/2 1428/2/2 1410/3/2
f 1400/1/2 1430/2/2 1429/3/2
f 1400/1/2 1429/2/2 1410/3/2
f 1401/1/2 1400/2/2 1410/3/2
f 1401/1/2 1410/2/2 1409/3/2
f 1402/1/2 1401/2/2 1409/3/2
f 1402/1/2 1409/2/2 1408/3/2
f 1403/1/2 1402/2/2 1408/3/2
f 1403/1/2 1408/2/2 1407/3/2
f 1404/1/2 1403/2/2 1407/3/2
f 1404/1/2 1407/2/2 1406/3/2
f 1405/1/2 1404/2/2 1406/3/2
f 770/1/2 769/2/3 768/3/2
f 771/1/2 770/2/2 768/3/2
f 771/1/2 768/2/2 767/3/2
f 772/1/2 771/2/2 767/3/2
f 772/1/2 767/2/2 766/3/2
f 773/1/2 772/2/2 766/3/2
f 773/1/2 766/2/2 765/3/2
f 774/1/2 773/2/2 765/3/2
f 774/1/2 765/2/2 764/3/2
f 775/1/2 774/2/2 764/3/2
f 775/1/2 764/2/2 763/3/2
f 776/1/2 775/2/2 763/3/2
f 776/1/2 763/2/2 762/3/2
f 777/1/2 776/2/2 762/3/2
f 777/1/2 762/2/2 865/3/2
f 865/1/2 762/2/2 761/3/2
f 777/1/2 865/2/2 864/3/2
f 866/1/3 865/2/2 761/3/2
f 777/1/2 864/2/2 863/3/2
f 867/1/2 866/2/3 761/3/2
f 778/1/2 777/2/2 863/3/2
f 778/1/2 863/2/2 862/3/2
f 867/1/2 761/2/2 760/3/2
f 868/1/2 867/2/2 760/3/2
f 778/1/2 862/2/2 861/3/2
f 869/1/2 868/2/2 760/3/2
f 778/1/2 861/2/2 860/3/2
f 870/1/2 869/2/2 760/3/2
f 778/1/2 860/2/2 859/3/2
f 871/1/2 870/2/2 760/3/2
f 779/1/2 778/2/2 859/3/2
f 871/1/2 760/2/2 759/3/2
f 779/1/2 859/2/2 858/3/2
f 872/1/2 871/2/2 759/3/2
f 779/1/2 858/2/2 857/3/2
f 873/1/2 872/2/2 759/3/2
f 779/1/2 857/2/2 856/3/2
f 780/1/2 779/2/2 856/3/2
f 874/1/2 873/2/2 759/3/2
f 874/1/2 759/2/2 758/3/2
f 780/1/2 856/2/2 855/3/2
f 875/1/2 874/2/2 758/3/2
f 780/1/2 855/2/2 854/3/2
f 876/1/2 875/2/2 758/3/2
f 781/1/2 780/2/2 854/3/2
f 876/1/2 758/2/2 757/3/2
f 781/1/2 854/2/2 853/3/2
f 829/1/2 876/2/2 757/3/2
f 781/1/2 853/2/2 852/3/2
f 782/1/2 781/2/2 852/3/2
f 830/1/2 829/2/2 757/3/2
f 830/1/2 757/2/2 756/3/2
f 782/1/2 852/2/2 851/3/2
f 831/1/2 830/2/2 756/3/2
f 783/1/2 782/2/2 851/3/2
f 831/1/2 756/2/2 755/3/2
f 783/1/2 851/2/2 850/3/2
f 832/1/2 831/2/2 755/3/2
f 832/1/2 755/2/2 754/3/2
f 784/1/2 783/2/2 850/3/2
f 784/1/2 850/2/2 849/3/2
f 833/1/2 832/2/2 754/3/2
f 833/1/2 754/2/2 753/3/2
f 785/1/2 784/2/2 849/3/2
f 785/1/2 849/2/2 848/3/2
f 834/1/2 833/2/2 753/3/2
f 834/1/2 753/2/2 752/3/2
f 786/1/2 785/2/2 848/3/2
f 786/1/2 848/2/2 847/3/2
f 835/1/2 834/2/2 752/3/2
f 835/1/2 752/2/2 751/3/2
f 787/1/2 786/2/2 847/3/2
f 787/1/2 847/2/2 846/3/2
f 836/1/2 835/2/2 751/3/2
f 836/1/2 751/2/2 750/3/2
f 787/1/2 846/2/2 845/3/2
f 837/1/2 836/2/2 750/3/2
f 788/1/2 787/2/2 845/3/2
f 788/1/2 845/2/2 844/3/2
f 838/1/2 837/2/2 750/3/2
f 838/1/2 750/2/2 749/3/2
f 789/1/2 788/2/2 844/3/2
f 789/1/2 844/2/2 843/3/2
f 839/1/2 838/2/2 749/3/2
f 789/1/2 843/2/2 842/3/2
f 840/1/3 839/2/2 749/3/2
f 789/1/2 842/2/2 841/3/2
f 841/1/2 840/2/3 749/3/2
f 789/1/2 841/2/2 749/3/2
f 789/1/2 749/2/2 748/3/2
f 790/1/2 789/2/2 748/3/2
f 790/1/2 748/2/2 747/3/2
f 791/1/2 790/2/2 747/3/2
f 791/1/2 747/2/2 746/3/2
f 792/1/2 791/2/2 746/3/2
f 792/1/2 746/2/2 745/3/2
f 793/1/2 792/2/2 745/3/2
f 794/1/2 793/2/2 745/3/2
f 794/1/2 745/2/2 744/3/2
f 794/1/2 744/2/2 743/3/2
f 795/1/2 794/2/2 743/3/2
f 795/1/2 743/2/2 742/3/2
f 796/1/2 795/2/2 742/3/2
f 796/1/2 742/2/2 741/3/2
f 797/1/2 796/2/2 741/3/2
f 797/1/2 741/2/2 913/3/2
f 913/1/2 741/2/2 740/3/2
f 798/1/2 797/2/2 913/3/2
f 798/1/2 913/2/2 912/3/6
f 914/1/2 913/2/2 740/3/2
f 798/1/2 912/2/6 911/3/2
f 915/1/2 914/2/2 740/3/2
f 798/1/2 911/2/2 910/3/2
f 916/1/2 915/2/2 740/3/2
f 916/1/2 740/2/2 739/3/2
f 799/1/2 798/2/2 910/3/2
f 799/1/2 910/2/2 909/3/2
f 917/1/2 916/2/2 739/3/2
f 799/1/2 909/2/2 908/3/2
f 918/1/2 917/2/2 739/3/2
f 918/1/2 739/2/2 738/3/2
f 800/1/2 799/2/2 908/3/2
f 800/1/2 908/2/2 907/3/2
f 919/1/2 918/2/2 738/3/2
f 800/1/2 907/2/2 906/3/2
f 920/1/2 919/2/2 738/3/2
f 801/1/2 800/2/2 906/3/2
f 920/1/2 738/2/2 737/3/2
f 801/1/2 906/2/2 905/3/2
f 921/1/2 920/2/2 737/3/2
f 802/1/2 801/2/2 905/3/2
f 921/1/2 737/2/2 736/3/2
f 802/1/2 905/2/2 904/3/2
f 922/1/2 921/2/2 736/3/2
f 802/1/2 904/2/2 903/3/2
f 803/1/2 802/2/2 903/3/2
f 923/1/2 922/2/2 736/3/2
f 923/1/2 736/2/2 735/3/2
f 803/1/2 903/2/2 902/3/2
f 924/1/2 923/2/2 735/3/2
f 804/1/2 803/2/2 902/3/2
f 924/1/2 735/2/2 734/3/2
f 804/1/2 902/2/2 901/3/2
f 877/1/2 924/2/2 734/3/2
f 805/1/2 804/2/2 901/3/2
f 877/1/2 734/2/2 733/3/2
f 805/1/2 901/2/2 900/3/2
f 878/1/2 877/2/2 733/3/2
f 806/1/2 805/2/2 900/3/2
f 878/1/2 733/2/2 828/3/2
f 879/1/2 878/2/2 828/3/2
f 806/1/2 900/2/2 899/3/2
f 880/1/2 879/2/2 828/3/2
f 806/1/2 899/2/2 898/3/2
f 807/1/2 806/2/2 898/3/2
f 880/1/2 828/2/2 827/3/2
f 881/1/2 880/2/2 827/3/2
f 807/1/2 898/2/2 897/3/2
f 882/1/2 881/2/2 827/3/2
f 807/1/2 897/2/2 896/3/2
f 808/1/2 807/2/2 896/3/2
f 882/1/2 827/2/2 826/3/2
f 883/1/2 882/2/2 826/3/2
f 808/1/2 896/2/2 895/3/2
f 884/1/2 883/2/2 826/3/2
f 808/1/2 895/2/2 894/3/2
f 809/1/2 808/2/2 894/3/2
f 884/1/2 826/2/2 825/3/2
f 885/1/2 884/2/2 825/3/2
f 809/1/2 894/2/2 893/3/2
f 886/1/2 885/2/2 825/3/2
f 809/1/2 893/2/2 892/3/2
f 887/1/2 886/2/2 825/3/2
f 809/1/2 892/2/2 891/3/2
f 888/1/2 887/2/2 825/3/2
f 809/1/2 891/2/2 890/3/2
f 810/1/2 809/2/2 890/3/2
f 888/1/2 825/2/2 824/3/2
f 889/1/2 888/2/2 824/3/2
f 810/1/2 890/2/2 889/3/2
f 810/1/2 889/2/2 824/3/2
f 811/1/2 810/2/2 824/3/2
f 811/1/2 824/2/2 823/3/2
f 812/1/2 811/2/2 823/3/2
f 812/1/2 823/2/2 822/3/2
f 813/1/2 812/2/2 822/3/2
f 813/1/2 822/2/2 821/3/2
f 814/1/2 813/2/2 821/3/2
f 814/1/2 821/2/2 820/3/2
f 815/1/2 814/2/2 820/3/2
f 815/1/2 820/2/2 819/3/2
f 816/1/2 815/2/2 819/3/2
f 816/1/2 819/2/2 818/3/2
f 817/1/3 816/2/2 818/3/2
f 23/1/7 755/2/7 756/3/8 24/4/8
f 544/1/9 1276/2/9 1277/3/10 545/4/10
f 130/1/11 862/2/11 863/3/12 131/4/12
f 57/1/13 789/2/13 790/3/14 58/4/14
f 635/1/15 1367/2/15 1368/3/16 636/4/16
f 280/1/17 1012/2/17 1013/3/18 281/4/18
f 644/1/19 1376/2/19 1377/3/20 645/4/20
f 137/1/21 869/2/21 870/3/22 138/4/22
f 549/1/23 1281/2/23 1282/3/24 550/4/24
f 558/1/25 1290/2/25 1291/3/26 559/4/26
f 722/1/27 1454/2/27 1455/3/28 723/4/28
f 394/1/29 1126/2/29 1127/3/30 395/4/30
f 378/1/31 1110/2/31 1111/3/32 379/4/32
f 303/1/33 1035/2/33 1036/3/34 304/4/34
f 467/1/35 1199/2/35 1200/3/36 468/4/36
f 651/1/37 1383/2/37 1384/3/38 652/4/38
f 39/1/39 771/2/39 772/3/40 40/4/40
f 48/1/41 780/2/41 781/3/42 49/4/42
f 212/1/43 944/2/43 945/3/44 213/4/44
f 235/1/45 967/2/45 968/3/46 236/4/46
f 296/1/47 1028/2/47 1029/3/48 297/4/48
f 401/1/19 1133/2/19 1134/3/20 402/4/20
f 492/1/49 1224/2/49 1225/3/50 493/4/50
f 153/1/51 885/2/51 886/3/52 154/4/52
f 301/1/33 1033/2/33 1034/3/33 302/4/33
f 146/1/53 878/2/53 879/3/54 147/4/54
f 19/1/55 751/2/55 752/3/56 20/4/56
f 410/1/57 1142/2/57 1143/3/58 411/4/58
f 565/1/59 1297/2/59 1298/3/60 566/4/60
f 660/1/61 1392/2/61 1393/3/62 661/4/62
f 667/1/63 1399/2/63 1400/3/64 668/4/64
f 55/1/65 787/2/65 788/3/66 56/4/66
f 705/1/67 1437/2/67 1438/3/68 706/4/68
f 181/1/69 913/2/69 914/3/70 182/4/70
f 71/1/71 803/2/71 804/3/72 72/4/72
f 312/1/73 1044/2/73 1045/3/74 313/4/74
f 574/1/75 1306/2/75 1307/3/76 575/4/76
f 483/1/77 1215/2/77 1216/3/78 484/4/78
f 560/1/79 1292/2/79 1293/3/80 561/4/80
f 319/1/81 1051/2/81 1052/3/82 320/4/82
f 228/1/29 960/2/29 961/3/83 229/4/83
f 169/1/84 901/2/84 902/3/85 170/4/85
f 581/1/86 1313/2/86 1314/3/87 582/4/87
f 728/1/88 1460/2/88 1461/3/89 729/4/89
f 695/1/90 1427/2/90 1428/3/91 696/4/91
f 522/1/92 1254/2/92 1255/3/93 523/4/93
f 426/1/94 1158/2/94 1159/3/95 427/4/95
f 499/1/96 1231/2/96 1232/3/97 500/4/97
f 267/1/98 999/2/98 1000/3/99 268/4/99
f 683/1/100 1415/2/100 1416/3/101 684/4/101
f 590/1/102 1322/2/102 1323/3/103 591/4/103
f 244/1/104 976/2/104 977/3/105 245/4/105
f 417/1/61 1149/2/61 1150/3/62 418/4/62
f 12/1/106 744/2/106 745/3/107 13/4/107
f 328/1/108 1060/2/108 1061/3/109 329/4/109
f 335/1/110 1067/2/110 1068/3/111 336/4/111
f 157/1/112 889/2/112 890/3/113 158/4/113
f 317/1/33 1049/2/33 1050/3/33 318/4/33
f 162/1/114 894/2/114 895/3/115 163/4/115
f 538/1/116 1270/2/116 1271/3/117 539/4/117
f 80/1/118 812/2/118 813/3/119 81/4/119
f 629/1/120 1361/2/120 1362/3/121 630/4/121
f 676/1/122 1408/2/122 1409/3/123 677/4/123
f 283/1/124 1015/2/124 1016/3/125 284/4/125
f 33/1/126 765/2/126 766/3/127 34/4/127
f 28/1/128 760/2/128 761/3/129 29/4/129
f 433/1/122 1165/2/122 1166/3/123 434/4/123
f 554/1/130 1286/2/130 1287/3/131 555/4/131
f 597/1/132 1329/2/132 1330/3/133 598/4/133
f 44/1/134 776/2/134 777/3/135 45/4/135
f 441/1/101 1173/2/101 1126/3/29 394/4/29
f 87/1/136 819/2/136 820/3/137 88/4/137
f 344/1/138 1076/2/138 1077/3/139 345/4/139
f 692/1/140 1424/2/140 1425/3/141 693/4/141
f 570/1/142 1302/2/142 1303/3/143 571/4/143
f 442/1/62 1174/2/62 1175/3/144 443/4/144
f 315/1/145 1047/2/145 1048/3/146 316/4/146
f 449/1/140 1181/2/140 1182/3/141 450/4/141
f 60/1/147 792/2/147 793/3/148 61/4/148
f 21/1/149 753/2/149 754/3/150 22/4/150
f 194/1/151 926/2/151 927/3/151 195/4/151
f 636/1/62 1368/2/62 1222/3/62 490/4/62
f 606/1/152 1338/2/152 1339/3/153 607/4/153
f 278/1/154 1010/2/154 1011/3/155 279/4/155
f 201/1/156 933/2/156 934/3/156 202/4/156
f 613/1/157 1345/2/157 1346/3/158 614/4/158
f 351/1/159 1083/2/159 1084/3/160 352/4/160
f 535/1/161 1267/2/161 1268/3/162 536/4/162
f 708/1/163 1440/2/163 1441/3/29 709/4/29
f 81/1/119 813/2/119 814/3/164 82/4/164
f 715/1/165 1447/2/165 1448/3/166 716/4/166
f 360/1/167 1092/2/167 1093/3/168 361/4/168
f 333/1/169 1065/2/169 1066/3/170 334/4/170
f 730/1/171 1462/2/171 1463/3/172 731/4/172
f 622/1/173 1354/2/173 1355/3/174 623/4/174
f 62/1/175 794/2/175 795/3/176 63/4/176
f 78/1/177 810/2/177 811/3/178 79/4/178
f 602/1/179 1334/2/179 1335/3/180 603/4/180
f 217/1/181 949/2/181 950/3/182 218/4/182
f 367/1/33 1099/2/33 1100/3/183 368/4/183
f 37/1/184 769/2/184 770/3/185 38/4/185
f 592/1/186 1324/2/186 1325/3/187 593/4/187
f 347/1/188 1079/2/188 1080/3/189 348/4/189
f 474/1/190 1206/2/190 1207/3/191 475/4/191
f 112/1/192 844/2/192 845/3/193 113/4/193
f 294/1/194 1026/2/194 1027/3/195 295/4/195
f 731/1/172 1463/2/172 1464/3/196 732/4/196
f 719/1/197 1451/2/197 1452/3/198 720/4/198
f 551/1/199 1283/2/199 1284/3/200 552/4/200
f 465/1/163 1197/2/163 1198/3/29 466/4/29
f 576/1/201 1308/2/201 1309/3/202 577/4/202
f 585/1/203 1317/2/203 1318/3/204 586/4/204
f 210/1/205 942/2/205 943/3/206 211/4/206
f 233/1/207 965/2/207 966/3/208 234/4/208
f 119/1/209 851/2/209 852/3/210 120/4/210
f 618/1/211 1350/2/211 1351/3/212 619/4/212
f 490/1/213 1222/2/213 1223/3/214 491/4/214
f 376/1/215 1108/2/215 1109/3/216 377/4/216
f 53/1/217 785/2/217 786/3/218 54/4/218
f 724/1/219 1456/2/219 1457/3/220 725/4/220
f 363/1/221 1095/2/221 1096/3/222 364/4/222
f 249/1/223 981/2/223 982/3/224 250/4/224
f 310/1/225 1042/2/225 1043/3/226 311/4/226
f 349/1/227 1081/2/227 1082/3/228 350/4/228
f 108/1/229 840/2/229 841/3/230 109/4/230
f 506/1/231 1238/2/231 1239/3/232 507/4/232
f 567/1/233 1299/2/233 1300/3/234 568/4/234
f 94/1/235 826/2/235 827/3/236 95/4/236
f 96/1/237 828/2/237 733/3/238 1/4/238
f 547/1/239 1279/2/239 1280/3/240 548/4/240
f 645/1/20 1377/2/20 1378/3/241 646/4/241
f 5/1/242 737/2/242 738/3/243 6/4/243
f 608/1/244 1340/2/244 1341/3/245 609/4/245
f 481/1/219 1213/2/219 1214/3/220 482/4/220
f 634/1/246 1366/2/246 1367/3/15 635/4/15
f 135/1/247 867/2/247 868/3/248 136/4/248
f 638/1/30 1370/2/30 1371/3/249 639/4/249
f 226/1/250 958/2/250 959/3/251 227/4/251
f 379/1/32 1111/2/32 1112/3/252 380/4/252
f 392/1/253 1124/2/253 1125/3/151 393/4/151
f 383/1/254 1115/2/254 1116/3/255 384/4/255
f 124/1/256 856/2/256 857/3/257 125/4/257
f 265/1/258 997/2/258 998/3/259 266/4/259
f 519/1/260 1251/2/260 1252/3/261 520/4/261
f 497/1/262 1229/2/262 1230/3/263 498/4/263
f 69/1/264 801/2/264 802/3/265 70/4/265
f 365/1/266 1097/2/266 1098/3/267 366/4/267
f 242/1/268 974/2/268 975/3/269 243/4/269
f 326/1/270 1058/2/270 1059/3/271 327/4/271
f 513/1/272 1245/2/272 1246/3/273 514/4/273
f 110/1/274 842/2/274 843/3/275 111/4/275
f 393/1/29 1125/2/29 1099/3/29 367/4/29
f 583/1/276 1315/2/276 1316/3/277 584/4/277
f 624/1/278 1356/2/278 1357/3/279 625/4/279
f 3/1/280 735/2/280 736/3/281 4/4/281
f 281/1/18 1013/2/18 1014/3/282 282/4/282
f 661/1/62 1393/2/62 1394/3/283 662/4/283
f 29/1/129 761/2/129 762/3/284 30/4/284
f 260/1/285 992/2/285 993/3/286 261/4/286
f 26/1/287 758/2/287 759/3/288 27/4/288
f 151/1/289 883/2/289 884/3/290 152/4/290
f 654/1/58 1386/2/58 1387/3/291 655/4/291
f 10/1/292 742/2/292 743/3/293 11/4/293
f 529/1/294 1261/2/294 1262/3/295 530/4/295
f 650/1/296 1382/2/296 1383/3/37 651/4/37
f 540/1/297 1272/2/297 1273/3/298 541/4/298
f 408/1/37 1140/2/37 1141/3/38 409/4/38
f 399/1/299 1131/2/299 1132/3/300 400/4/300
f 381/1/301 1113/2/301 1114/3/302 382/4/302
f 395/1/30 1127/2/30 1128/3/249 396/4/249
f 582/1/87 1314/2/87 1315/3/276 583/4/276
f 140/1/303 872/2/303 873/3/304 141/4/304
f 82/1/164 814/2/164 815/3/305 83/4/305
f 85/1/306 817/2/306 818/3/202 86/4/202
f 276/1/307 1008/2/307 1009/3/308 277/4/308
f 666/1/309 1398/2/309 1399/3/63 667/4/63
f 615/1/310 1347/2/310 1348/3/311 616/4/311
f 677/1/123 1409/2/123 1410/3/312 678/4/312
f 342/1/313 1074/2/313 1075/3/314 343/4/314
f 640/1/315 1372/2/315 1373/3/316 641/4/316
f 545/1/10 1277/2/10 1278/3/317 546/4/317
f 411/1/58 1143/2/58 1144/3/291 412/4/291
f 297/1/48 1029/2/48 1030/3/318 298/4/318
f 167/1/319 899/2/319 900/3/320 168/4/320
f 670/1/95 1402/2/95 1403/3/321 671/4/321
f 599/1/322 1331/2/322 1332/3/323 600/4/323
f 35/1/324 767/2/324 768/3/325 36/4/325
f 156/1/326 888/2/326 889/3/112 157/4/112
f 42/1/327 774/2/327 775/3/328 43/4/328
f 424/1/63 1156/2/63 1157/3/64 425/4/64
f 415/1/329 1147/2/329 1148/3/330 416/4/330
f 292/1/331 1024/2/331 1025/3/332 293/4/332
f 556/1/333 1288/2/333 1289/3/334 557/4/334
f 160/1/335 892/2/335 893/3/336 161/4/336
f 313/1/74 1045/2/74 1046/3/337 314/4/337
f 693/1/141 1425/2/141 1426/3/338 694/4/338
f 101/1/339 833/2/339 834/3/340 102/4/340
f 524/1/341 1256/2/341 1257/3/342 525/4/342
f 561/1/80 1293/2/80 1294/3/343 562/4/343
f 58/1/14 790/2/14 791/3/344 59/4/344
f 183/1/345 915/2/345 916/3/346 184/4/346
f 686/1/144 1418/2/144 1419/3/347 687/4/347
f 358/1/348 1090/2/348 1091/3/349 359/4/349
f 92/1/350 824/2/350 825/3/351 93/4/351
f 572/1/352 1304/2/352 1305/3/353 573/4/353
f 440/1/100 1172/2/100 1173/3/101 441/4/101
f 431/1/354 1163/2/354 1164/3/355 432/4/355
f 397/1/315 1129/2/315 1130/3/316 398/4/316
f 308/1/356 1040/2/356 1041/3/357 309/4/357
f 682/1/358 1414/2/358 1415/3/100 683/4/100
f 176/1/359 908/2/359 909/3/360 177/4/360
f 142/1/361 874/2/361 875/3/362 143/4/362
f 673/1/33 1405/2/33 1406/3/354 674/4/354
f 427/1/95 1159/2/95 1160/3/321 428/4/321
f 656/1/363 1388/2/363 1389/3/364 657/4/364
f 577/1/202 1309/2/202 1310/3/365 578/4/365
f 172/1/366 904/2/366 905/3/367 173/4/367
f 67/1/368 799/2/368 800/3/369 68/4/369
f 548/1/240 1280/2/240 1281/3/23 549/4/23
f 732/1/196 1464/2/196 1417/3/62 685/4/62
f 324/1/370 1056/2/370 1057/3/371 325/4/371
f 1/1/238 733/2/238 734/3/372 2/4/372
f 123/1/373 855/2/373 856/3/256 124/4/256
f 508/1/374 1240/2/374 1241/3/375 509/4/375
f 447/1/376 1179/2/376 1180/3/377 448/4/377
f 258/1/378 990/2/378 991/3/379 259/4/379
f 329/1/109 1061/2/109 1062/3/380 330/4/380
f 718/1/191 1450/2/191 1451/3/197 719/4/197
f 587/1/381 1319/2/381 1320/3/382 588/4/382
f 515/1/383 1247/2/383 1248/3/384 516/4/384
f 463/1/68 1195/2/68 1196/3/385 464/4/385
f 443/1/144 1175/2/144 1176/3/347 444/4/347
f 17/1/386 749/2/386 750/3/387 18/4/387
f 588/1/382 1320/2/382 1321/3/388 589/4/388
f 199/1/33 931/2/33 932/3/33 200/4/33
f 208/1/389 940/2/389 941/3/390 209/4/390
f 117/1/391 849/2/391 850/3/392 118/4/392
f 413/1/363 1145/2/363 1146/3/364 414/4/364
f 274/1/393 1006/2/393 1007/3/394 275/4/394
f 374/1/395 1106/2/395 1107/3/396 375/4/396
f 158/1/113 890/2/113 891/3/397 159/4/397
f 83/1/305 815/2/305 816/3/398 84/4/398
f 531/1/399 1263/2/399 1264/3/400 532/4/400
f 631/1/401 1363/2/401 1364/3/402 632/4/402
f 672/1/403 1404/2/403 1405/3/33 673/4/33
f 340/1/404 1072/2/404 1073/3/405 341/4/405
f 133/1/406 865/2/406 866/3/407 134/4/407
f 507/1/232 1239/2/232 1240/3/374 508/4/374
f 390/1/408 1122/2/408 1123/3/409 391/4/409
f 714/1/410 1446/2/410 1447/3/165 715/4/165
f 456/1/411 1188/2/411 1189/3/412 457/4/412
f 345/1/139 1077/2/139 1078/3/413 346/4/413
f 647/1/414 1379/2/414 1380/3/415 648/4/415
f 609/1/245 1341/2/245 1342/3/416 610/4/416
f 459/1/417 1191/2/417 1192/3/418 460/4/418
f 90/1/419 822/2/419 823/3/420 91/4/420
f 479/1/27 1211/2/27 1212/3/28 480/4/28
f 204/1/273 936/2/273 937/3/421 205/4/421
f 725/1/220 1457/2/220 1458/3/77 726/4/77
f 224/1/422 956/2/422 957/3/423 225/4/423
f 429/1/403 1161/2/403 1162/3/33 430/4/33
f 604/1/424 1336/2/424 1337/3/425 605/4/425
f 215/1/426 947/2/426 948/3/427 216/4/427
f 149/1/428 881/2/428 882/3/429 150/4/429
f 356/1/430 1088/2/430 1089/3/431 357/4/431
f 406/1/151 1138/2/151 1139/3/296 407/4/296
f 475/1/191 1207/2/191 1208/3/197 476/4/197
f 361/1/168 1093/2/168 1094/3/432 362/4/432
f 231/1/433 963/2/433 964/3/434 232/4/434
f 495/1/435 1227/2/435 1228/3/436 496/4/436
f 663/1/437 1395/2/437 1396/3/438 664/4/438
f 688/1/439 1420/2/439 1421/3/440 689/4/440
f 220/1/441 952/2/441 953/3/442 221/4/442
f 106/1/443 838/2/443 839/3/444 107/4/444
f 488/1/172 1220/2/172 1221/3/196 489/4/196
f 240/1/445 972/2/445 973/3/446 241/4/446
f 445/1/439 1177/2/439 1178/3/440 446/4/440
f 49/1/42 781/2/42 782/3/447 50/4/447
f 620/1/448 1352/2/448 1353/3/449 621/4/449
f 102/1/340 834/2/340 835/3/450 103/4/450
f 20/1/56 752/2/56 753/3/149 21/4/149
f 165/1/451 897/2/451 898/3/452 166/4/452
f 190/1/453 922/2/453 923/3/454 191/4/454
f 625/1/279 1357/2/279 1358/3/455 626/4/455
f 306/1/456 1038/2/456 1039/3/457 307/4/457
f 511/1/458 1243/2/458 1244/3/459 512/4/459
f 422/1/460 1154/2/460 1155/3/309 423/4/309
f 704/1/461 1436/2/461 1437/3/67 705/4/67
f 115/1/462 847/2/462 848/3/463 116/4/463
f 563/1/62 1295/2/62 1296/3/62 564/4/62
f 247/1/464 979/2/464 980/3/465 248/4/465
f 679/1/466 1411/2/466 1412/3/467 680/4/467
f 372/1/468 1104/2/468 1105/3/469 373/4/469
f 504/1/470 1236/2/470 1237/3/471 505/4/471
f 491/1/214 1223/2/214 1224/3/49 492/4/49
f 461/1/461 1193/2/461 1194/3/67 462/4/67
f 236/1/46 968/2/46 969/3/472 237/4/472
f 65/1/473 797/2/473 798/3/474 66/4/474
f 377/1/216 1109/2/216 1110/3/31 378/4/31
f 702/1/417 1434/2/417 1435/3/418 703/4/418
f 206/1/475 938/2/475 939/3/476 207/4/476
f 322/1/477 1054/2/477 1055/3/478 323/4/478
f 720/1/198 1452/2/198 1453/3/33 721/4/33
f 579/1/479 1311/2/479 1312/3/480 580/4/480
f 518/1/481 1250/2/481 1251/3/260 519/4/260
f 438/1/482 1170/2/482 1171/3/358 439/4/358
f 30/1/284 762/2/284 763/3/483 31/4/483
f 263/1/484 995/2/484 996/3/485 264/4/485
f 610/1/416 1342/2/416 1343/3/486 611/4/486
f 641/1/316 1373/2/316 1374/3/299 642/4/299
f 143/1/362 875/2/362 876/3/487 144/4/487
f 138/1/22 870/2/22 871/3/488 139/4/488
f 8/1/489 740/2/489 741/3/490 9/4/490
f 131/1/12 863/2/12 864/3/491 132/4/491
f 251/1/492 983/2/492 936/3/273 204/4/273
f 652/1/38 1384/2/38 1385/3/57 653/4/57
f 388/1/493 1120/2/493 1121/3/494 389/4/494
f 595/1/495 1327/2/495 1328/3/496 596/4/496
f 534/1/497 1266/2/497 1267/3/161 535/4/161
f 184/1/346 916/2/346 917/3/498 185/4/498
f 279/1/155 1011/2/155 1012/3/17 280/4/17
f 477/1/198 1209/2/198 1210/3/33 478/4/33
f 657/1/364 1389/2/364 1390/3/329 658/4/329
f 13/1/499 745/2/499 746/3/442 14/4/442
f 409/1/38 1141/2/38 1142/3/57 410/4/57
f 24/1/8 756/2/8 757/3/500 25/4/500
f 222/1/501 954/2/501 955/3/502 223/4/502
f 147/1/54 879/2/54 880/3/503 148/4/503
f 270/1/504 1002/2/504 1003/3/505 271/4/505
f 186/1/506 918/2/506 919/3/507 187/4/507
f 154/1/52 886/2/52 887/3/508 155/4/508
f 197/1/151 929/2/151 930/3/151 198/4/151
f 404/1/414 1136/2/414 1137/3/415 405/4/415
f 527/1/509 1259/2/509 1260/3/510 528/4/510
f 668/1/64 1400/2/64 1401/3/94 669/4/94
f 550/1/24 1282/2/24 1283/3/199 551/4/199
f 354/1/511 1086/2/511 1087/3/512 355/4/512
f 295/1/195 1027/2/195 1028/3/47 296/4/47
f 711/1/36 1443/2/36 1444/3/513 712/4/513
f 611/1/486 1343/2/486 1344/3/514 612/4/514
f 40/1/40 772/2/40 773/3/515 41/4/515
f 493/1/50 1225/2/50 1226/3/516 494/4/516
f 466/1/29 1198/2/29 1199/3/35 467/4/35
f 566/1/60 1298/2/60 1299/3/233 567/4/233
f 238/1/517 970/2/517 971/3/518 239/4/518
f 163/1/115 895/2/115 896/3/519 164/4/519
f 286/1/520 1018/2/520 1019/3/521 287/4/521
f 425/1/64 1157/2/64 1158/3/94 426/4/94
f 311/1/226 1043/2/226 1044/3/73 312/4/73
f 213/1/44 945/2/44 946/3/522 214/4/522
f 420/1/437 1152/2/437 1153/3/438 421/4/438
f 543/1/523 1275/2/523 1276/3/9 544/4/9
f 170/1/85 902/2/85 903/3/524 171/4/524
f 56/1/66 788/2/66 789/3/13 57/4/13
f 470/1/525 1202/2/525 1203/3/410 471/4/410
f 727/1/78 1459/2/78 1460/3/88 728/4/88
f 509/1/375 1241/2/375 1242/3/526 510/4/526
f 290/1/527 1022/2/527 1023/3/528 291/4/528
f 254/1/529 986/2/529 987/3/530 255/4/530
f 113/1/193 845/2/193 846/3/531 114/4/531
f 256/1/532 988/2/532 989/3/533 257/4/533
f 689/1/440 1421/2/440 1422/3/376 690/4/376
f 45/1/135 777/2/135 778/3/534 46/4/534
f 370/1/535 1102/2/535 1103/3/536 371/4/536
f 116/1/463 848/2/463 849/3/391 117/4/391
f 9/1/490 741/2/490 742/3/292 10/4/292
f 179/1/537 911/2/537 912/3/538 180/4/538
f 302/1/29 1034/2/29 1035/3/29 303/4/29
f 327/1/271 1059/2/271 1060/3/108 328/4/108
f 229/1/83 961/2/83 962/3/539 230/4/539
f 178/1/540 910/2/540 911/3/537 179/4/537
f 436/1/466 1168/2/466 1169/3/467 437/4/467
f 559/1/26 1291/2/26 1292/3/79 560/4/79
f 72/1/72 804/2/72 805/3/541 73/4/541
f 486/1/89 1218/2/89 1219/3/171 487/4/171
f 525/1/342 1257/2/342 1258/3/542 526/4/542
f 97/1/543 829/2/543 830/3/544 98/4/544
f 15/1/545 747/2/545 748/3/546 16/4/546
f 272/1/547 1004/2/547 1005/3/548 273/4/548
f 569/1/549 1301/2/549 1302/3/142 570/4/142
f 61/1/550 793/2/550 794/3/175 62/4/175
f 598/1/133 1330/2/133 1331/3/322 599/4/322
f 318/1/551 1050/2/551 1051/3/81 319/4/81
f 700/1/412 1432/2/412 1433/3/552 701/4/552
f 343/1/314 1075/2/314 1076/3/138 344/4/138
f 195/1/553 927/2/553 928/3/553 196/4/553
f 262/1/554 994/2/554 995/3/484 263/4/484
f 698/1/555 1430/2/555 1431/3/411 699/4/411
f 88/1/137 820/2/137 821/3/556 89/4/556
f 245/1/105 977/2/105 978/3/557 246/4/557
f 541/1/298 1273/2/298 1274/3/558 542/4/558
f 452/1/90 1184/2/90 1185/3/91 453/4/91
f 129/1/559 861/2/559 862/3/11 130/4/11
f 502/1/560 1234/2/560 1235/3/561 503/4/561
f 31/1/483 763/2/483 764/3/562 32/4/562
f 386/1/563 1118/2/563 1119/3/564 387/4/564
f 168/1/320 900/2/320 901/3/84 169/4/84
f 288/1/565 1020/2/565 1021/3/566 289/4/566
f 77/1/567 809/2/567 810/3/177 78/4/177
f 643/1/300 1375/2/300 1376/3/19 644/4/19
f 457/1/412 1189/2/412 1190/3/552 458/4/552
f 261/1/286 993/2/286 994/3/554 262/4/554
f 334/1/170 1066/2/170 1067/3/110 335/4/110
f 188/1/568 920/2/568 921/3/569 189/4/569
f 202/1/33 934/2/33 935/3/33 203/4/33
f 126/1/570 858/2/570 859/3/571 127/4/571
f 6/1/243 738/2/243 739/3/572 7/4/572
f 591/1/103 1323/2/103 1324/3/186 592/4/186
f 716/1/166 1448/2/166 1449/3/190 717/4/190
f 614/1/158 1346/2/158 1347/3/310 615/4/310
f 174/1/573 906/2/573 907/3/574 175/4/574
f 359/1/349 1091/2/349 1092/3/167 360/4/167
f 520/1/261 1252/2/261 1253/3/575 521/4/575
f 593/1/187 1325/2/187 1326/3/576 594/4/576
f 721/1/33 1453/2/33 1454/3/27 722/4/27
f 144/1/487 876/2/487 829/3/543 97/4/543
f 707/1/385 1439/2/385 1440/3/163 708/4/163
f 104/1/577 836/2/577 837/3/578 105/4/578
f 331/1/579 1063/2/579 1064/3/109 332/4/109
f 473/1/166 1205/2/166 1206/3/190 474/4/190
f 211/1/206 943/2/206 944/3/43 212/4/43
f 145/1/580 877/2/580 878/3/53 146/4/53
f 218/1/182 950/2/182 951/3/581 219/4/581
f 277/1/308 1009/2/308 1010/3/154 278/4/154
f 557/1/334 1289/2/334 1290/3/25 558/4/25
f 468/1/36 1200/2/36 1201/3/513 469/4/513
f 402/1/20 1134/2/20 1135/3/241 403/4/241
f 22/1/150 754/2/150 755/3/7 23/4/7
f 47/1/582 779/2/582 780/3/41 48/4/41
f 659/1/330 1391/2/330 1392/3/61 660/4/61
f 630/1/121 1362/2/121 1363/3/401 631/4/401
f 536/1/162 1268/2/162 1269/3/583 537/4/583
f 304/1/34 1036/2/34 1037/3/584 305/4/584
f 234/1/208 966/2/208 967/3/45 235/4/45
f 375/1/396 1107/2/396 1108/3/215 376/4/215
f 476/1/197 1208/2/197 1209/3/198 477/4/198
f 120/1/210 852/2/210 853/3/585 121/4/585
f 293/1/332 1025/2/332 1026/3/194 294/4/194
f 505/1/471 1237/2/471 1238/3/231 506/4/231
f 646/1/241 1378/2/241 1379/3/414 647/4/414
f 38/1/185 770/2/185 771/3/39 39/4/39
f 93/1/351 825/2/351 826/3/235 94/4/235
f 150/1/429 882/2/429 883/3/289 151/4/289
f 250/1/224 982/2/224 983/3/492 251/4/492
f 391/1/409 1123/2/409 1124/3/253 392/4/253
f 552/1/200 1284/2/200 1285/3/586 553/4/586
f 350/1/228 1082/2/228 1083/3/159 351/4/159
f 161/1/336 893/2/336 894/3/114 162/4/114
f 136/1/248 868/2/248 869/3/21 137/4/21
f 64/1/587 796/2/587 797/3/473 65/4/473
f 227/1/251 959/2/251 960/3/29 228/4/29
f 607/1/153 1339/2/153 1340/3/244 608/4/244
f 418/1/62 1150/2/62 1151/3/283 419/4/283
f 309/1/357 1041/2/357 1042/3/225 310/4/225
f 573/1/353 1305/2/353 1306/3/75 574/4/75
f 484/1/78 1216/2/78 1217/3/88 485/4/88
f 675/1/355 1407/2/355 1408/3/122 676/4/122
f 54/1/218 786/2/218 787/3/65 55/4/65
f 63/1/176 795/2/176 796/3/587 64/4/587
f 243/1/269 975/2/269 976/3/104 244/4/104
f 177/1/360 909/2/360 910/3/540 178/4/540
f 521/1/575 1253/2/575 1254/3/92 522/4/92
f 128/1/588 860/2/588 861/3/559 129/4/559
f 568/1/234 1300/2/234 1301/3/549 569/4/549
f 320/1/82 1052/2/82 1053/3/589 321/4/589
f 500/1/97 1232/2/97 1233/3/590 501/4/590
f 637/1/29 1369/2/29 1370/3/30 638/4/30
f 434/1/123 1166/2/123 1167/3/312 435/4/312
f 11/1/293 743/2/293 744/3/106 12/4/106
f 514/1/273 1246/2/273 1247/3/383 515/4/383
f 691/1/377 1423/2/377 1424/3/140 692/4/140
f 268/1/99 1000/2/99 1001/3/591 269/4/591
f 662/1/283 1394/2/283 1395/3/437 663/4/437
f 517/1/592 1249/2/592 1250/3/481 518/4/481
f 259/1/379 991/2/379 992/3/285 260/4/285
f 109/1/230 841/2/230 842/3/274 110/4/274
f 537/1/583 1269/2/583 1270/3/116 538/4/116
f 407/1/296 1139/2/296 1140/3/37 408/4/37
f 325/1/371 1057/2/371 1058/3/270 326/4/270
f 127/1/571 859/2/571 860/3/588 128/4/588
f 4/1/281 736/2/281 737/3/242 5/4/242
f 27/1/288 759/2/288 760/3/128 28/4/128
f 152/1/290 884/2/290 885/3/51 153/4/51
f 589/1/388 1321/2/388 1322/3/102 590/4/102
f 530/1/295 1262/2/295 1263/3/399 531/4/399
f 623/1/174 1355/2/174 1356/3/278 624/4/278
f 74/1/593 806/2/593 807/3/594 75/4/594
f 284/1/125 1016/2/125 1017/3/595 285/4/595
f 584/1/277 1316/2/277 1317/3/203 585/4/203
f 79/1/178 811/2/178 812/3/118 80/4/118
f 275/1/394 1007/2/394 1008/3/307 276/4/307
f 192/1/596 924/2/596 877/3/580 145/4/580
f 496/1/436 1228/2/436 1229/3/262 497/4/262
f 678/1/312 1410/2/312 1411/3/466 679/4/466
f 336/1/111 1068/2/111 1069/3/597 337/4/597
f 193/1/598 925/2/598 926/3/598 194/4/598
f 553/1/586 1285/2/586 1286/3/130 554/4/130
f 423/1/309 1155/2/309 1156/3/63 424/4/63
f 450/1/141 1182/2/141 1183/3/338 451/4/338
f 299/1/512 1031/2/512 984/3/599 252/4/599
f 125/1/257 857/2/257 858/3/570 126/4/570
f 43/1/328 775/2/328 776/3/134 44/4/134
f 341/1/405 1073/2/405 1074/3/600 342/4/600
f 382/1/302 1114/2/302 1115/3/254 383/4/254
f 300/1/62 1032/2/62 1033/3/62 301/4/62
f 86/1/202 818/2/202 819/3/136 87/4/136
f 605/1/425 1337/2/425 1338/3/152 606/4/152
f 639/1/249 1371/2/249 1372/3/315 640/4/315
f 600/1/601 1332/2/601 1333/3/602 601/4/602
f 95/1/236 827/2/236 828/3/237 96/4/237
f 694/1/338 1426/2/338 1427/3/90 695/4/90
f 352/1/160 1084/2/160 1085/3/603 353/4/603
f 203/1/604 935/2/604 925/3/604 193/4/604
f 458/1/552 1190/2/552 1191/3/417 459/4/417
f 439/1/358 1171/2/358 1172/3/100 440/4/100
f 546/1/317 1278/2/317 1279/3/239 547/4/239
f 291/1/528 1023/2/528 1024/3/331 292/4/331
f 209/1/390 941/2/390 942/3/205 210/4/205
f 59/1/344 791/2/344 792/3/147 60/4/147
f 36/1/325 768/2/325 769/3/184 37/4/184
f 316/1/146 1048/2/146 1049/3/605 317/4/605
f 357/1/431 1089/2/431 1090/3/348 358/4/348
f 621/1/449 1353/2/449 1354/3/173 622/4/173
f 723/1/28 1455/2/28 1456/3/219 724/4/219
f 111/1/275 843/2/275 844/3/192 112/4/192
f 225/1/423 957/2/423 958/3/250 226/4/250
f 616/1/311 1348/2/311 1349/3/606 617/4/606
f 368/1/183 1100/2/183 1101/3/607 369/4/607
f 122/1/381 854/2/381 855/3/373 123/4/373
f 70/1/265 802/2/265 803/3/71 71/4/71
f 482/1/220 1214/2/220 1215/3/77 483/4/77
f 562/1/343 1294/2/343 1295/3/608 563/4/608
f 603/1/180 1335/2/180 1336/3/424 604/4/424
f 472/1/165 1204/2/165 1205/3/166 473/4/166
f 307/1/457 1039/2/457 1040/3/356 308/4/356
f 141/1/304 873/2/304 874/3/361 142/4/361
f 241/1/446 973/2/446 974/3/268 242/4/268
f 710/1/35 1442/2/35 1443/3/36 711/4/36
f 52/1/609 784/2/609 785/3/217 53/4/217
f 398/1/316 1130/2/316 1131/3/299 399/4/299
f 498/1/263 1230/2/263 1231/3/96 499/4/96
f 455/1/555 1187/2/555 1188/3/411 456/4/411
f 373/1/469 1105/2/469 1106/3/395 374/4/395
f 594/1/576 1326/2/576 1327/3/495 595/4/495
f 655/1/291 1387/2/291 1388/3/363 656/4/363
f 257/1/533 989/2/533 990/3/378 258/4/378
f 75/1/594 807/2/594 808/3/610 76/4/610
f 200/1/29 932/2/29 933/3/29 201/4/29
f 118/1/392 850/2/392 851/3/209 119/4/209
f 103/1/450 835/2/450 836/3/577 104/4/577
f 51/1/611 783/2/611 784/3/609 52/4/609
f 2/1/372 734/2/372 735/3/280 3/4/280
f 332/1/109 1064/2/109 1065/3/169 333/4/169
f 632/1/402 1364/2/402 1365/3/612 633/4/612
f 578/1/365 1310/2/365 1311/3/479 579/4/479
f 516/1/384 1248/2/384 1249/3/592 517/4/592
f 389/1/494 1121/2/494 1122/3/408 390/4/408
f 323/1/478 1055/2/478 1056/3/370 324/4/370
f 273/1/548 1005/2/548 1006/3/393 274/4/393
f 489/1/196 1221/2/196 1174/3/62 442/4/62
f 134/1/407 866/2/407 867/3/247 135/4/247
f 68/1/369 800/2/369 801/3/264 69/4/264
f 18/1/387 750/2/387 751/3/55 19/4/55
f 601/1/602 1333/2/602 1334/3/179 602/4/179
f 726/1/77 1458/2/77 1459/3/78 727/4/78
f 648/1/415 1380/2/415 1381/3/151 649/4/151
f 532/1/400 1264/2/400 1265/3/613 533/4/613
f 91/1/420 823/2/420 824/3/350 92/4/350
f 471/1/410 1203/2/410 1204/3/165 472/4/165
f 384/1/255 1116/2/255 1117/3/614 385/4/614
f 46/1/534 778/2/534 779/3/582 47/4/582
f 348/1/189 1080/2/189 1081/3/227 349/4/227
f 216/1/427 948/2/427 949/3/181 217/4/181
f 653/1/57 1385/2/57 1386/3/58 654/4/58
f 487/1/171 1219/2/171 1220/3/172 488/4/172
f 414/1/364 1146/2/364 1147/3/329 415/4/329
f 232/1/434 964/2/434 965/3/207 233/4/207
f 405/1/415 1137/2/415 1138/3/151 406/4/151
f 400/1/300 1132/2/300 1133/3/19 401/4/19
f 339/1/615 1071/2/615 1072/3/404 340/4/404
f 671/1/321 1403/2/321 1404/3/403 672/4/403
f 289/1/566 1021/2/566 1022/3/527 290/4/527
f 84/1/398 816/2/398 817/3/306 85/4/306
f 34/1/127 766/2/127 767/3/324 35/4/324
f 617/1/606 1349/2/606 1350/3/211 618/4/211
f 664/1/438 1396/2/438 1397/3/460 665/4/460
f 107/1/444 839/2/444 840/3/229 108/4/229
f 503/1/561 1235/2/561 1236/3/470 504/4/470
f 364/1/222 1096/2/222 1097/3/266 365/4/266
f 248/1/465 980/2/465 981/3/223 249/4/223
f 421/1/438 1153/2/438 1154/3/460 422/4/460
f 366/1/267 1098/2/267 1032/3/151 300/4/151
f 669/1/94 1401/2/94 1402/3/95 670/4/95
f 355/1/512 1087/2/512 1088/3/430 356/4/430
f 680/1/467 1412/2/467 1413/3/482 681/4/482
f 159/1/397 891/2/397 892/3/335 160/4/335
f 100/1/616 832/2/616 833/3/339 101/4/339
f 173/1/367 905/2/367 906/3/573 174/4/573
f 633/1/612 1365/2/612 1366/3/246 634/4/246
f 416/1/330 1148/2/330 1149/3/61 417/4/61
f 430/1/33 1162/2/33 1163/3/354 431/4/354
f 305/1/584 1037/2/584 1038/3/456 306/4/456
f 266/1/259 998/2/259 999/3/98 267/4/98
f 687/1/347 1419/2/347 1420/3/439 688/4/439
f 50/1/447 782/2/447 783/3/611 51/4/611
f 380/1/252 1112/2/252 1113/3/301 381/4/301
f 523/1/93 1255/2/93 1256/3/341 524/4/341
f 564/1/617 1296/2/617 1297/3/59 565/4/59
f 709/1/29 1441/2/29 1442/3/35 710/4/35
f 684/1/101 1416/2/101 1369/3/29 637/4/29
f 321/1/589 1053/2/589 1054/3/477 322/4/477
f 25/1/500 757/2/500 758/3/287 26/4/287
f 626/1/455 1358/2/455 1359/3/618 627/4/618
f 189/1/569 921/2/569 922/3/453 190/4/453
f 66/1/474 798/2/474 799/3/368 67/4/368
f 282/1/282 1014/2/282 1015/3/124 283/4/124
f 685/1/62 1417/2/62 1418/3/144 686/4/144
f 371/1/536 1103/2/536 1104/3/468 372/4/468
f 446/1/440 1178/2/440 1179/3/376 447/4/376
f 539/1/117 1271/2/117 1272/3/297 540/4/297
f 437/1/467 1169/2/467 1170/3/482 438/4/482
f 175/1/574 907/2/574 908/3/359 176/4/359
f 703/1/418 1435/2/418 1436/3/461 704/4/461
f 182/1/70 914/2/70 915/3/345 183/4/345
f 432/1/355 1164/2/355 1165/3/122 433/4/122
f 649/1/151 1381/2/151 1382/3/296 650/4/296
f 696/1/91 1428/2/91 1429/3/151 697/4/151
f 701/1/552 1433/2/552 1434/3/417 702/4/417
f 205/1/421 937/2/421 938/3/475 206/4/475
f 41/1/515 773/2/515 774/3/327 42/4/327
f 191/1/454 923/2/454 924/3/596 192/4/596
f 462/1/67 1194/2/67 1195/3/68 463/4/68
f 139/1/488 871/2/488 872/3/303 140/4/303
f 298/1/318 1030/2/318 1031/3/512 299/4/512
f 448/1/377 1180/2/377 1181/3/140 449/4/140
f 396/1/249 1128/2/249 1129/3/315 397/4/315
f 555/1/131 1287/2/131 1288/3/333 556/4/333
f 717/1/190 1449/2/190 1450/3/191 718/4/191
f 642/1/299 1374/2/299 1375/3/300 643/4/300
f 337/1/597 1069/2/597 1070/3/619 338/4/619
f 207/1/476 939/2/476 940/3/389 208/4/389
f 387/1/564 1119/2/564 1120/3/493 388/4/493
f 464/1/385 1196/2/385 1197/3/163 465/4/163
f 132/1/491 864/2/491 865/3/406 133/4/406
f 314/1/337 1046/2/337 1047/3/145 315/4/145
f 658/1/329 1390/2/329 1391/3/330 659/4/330
f 596/1/496 1328/2/496 1329/3/132 597/4/132
f 665/1/460 1397/2/460 1398/3/309 666/4/309
f 571/1/143 1303/2/143 1304/3/352 572/4/352
f 627/1/618 1359/2/618 1360/3/620 628/4/620
f 403/1/241 1135/2/241 1136/3/414 404/4/414
f 155/1/508 887/2/508 888/3/326 156/4/326
f 453/1/91 1185/2/91 1186/3/151 454/4/151
f 148/1/503 880/2/503 881/3/428 149/4/428
f 412/1/291 1144/2/291 1145/3/363 413/4/363
f 198/1/62 930/2/62 931/3/62 199/4/62
f 221/1/442 953/2/442 954/3/501 222/4/501
f 712/1/513 1444/2/513 1445/3/525 713/4/525
f 478/1/33 1210/2/33 1211/3/27 479/4/27
f 73/1/541 805/2/541 806/3/593 74/4/593
f 674/1/354 1406/2/354 1407/3/355 675/4/355
f 353/1/603 1085/2/603 1086/3/511 354/4/511
f 330/1/380 1062/2/380 1063/3/579 331/4/579
f 419/1/283 1151/2/283 1152/3/437 420/4/437
f 98/1/544 830/2/544 831/3/621 99/4/621
f 681/1/482 1413/2/482 1414/3/358 682/4/358
f 223/1/502 955/2/502 956/3/422 224/4/422
f 164/1/519 896/2/519 897/3/451 165/4/451
f 185/1/498 917/2/498 918/3/506 186/4/506
f 171/1/524 903/2/524 904/3/366 172/4/366
f 469/1/513 1201/2/513 1202/3/525 470/4/525
f 480/1/28 1212/2/28 1213/3/219 481/4/219
f 338/1/619 1070/2/619 1071/3/615 339/4/615
f 612/1/514 1344/2/514 1345/3/157 613/4/157
f 428/1/321 1160/2/321 1161/3/403 429/4/403
f 214/1/522 946/2/522 947/3/426 215/4/426
f 89/1/556 821/2/556 822/3/419 90/4/419
f 239/1/518 971/2/518 972/3/445 240/4/445
f 346/1/413 1078/2/413 1079/3/188 347/4/188
f 690/1/376 1422/2/376 1423/3/377 691/4/377
f 237/1/472 969/2/472 970/3/517 238/4/517
f 485/1/88 1217/2/88 1218/3/89 486/4/89
f 255/1/530 987/2/530 988/3/532 256/4/532
f 435/1/312 1167/2/312 1168/3/466 436/4/466
f 494/1/516 1226/2/516 1227/3/435 495/4/435
f 166/1/452 898/2/452 899/3/319 167/4/319
f 580/1/480 1312/2/480 1313/3/86 581/4/86
f 230/1/539 962/2/539 963/3/433 231/4/433
f 99/1/621 831/2/621 832/3/616 100/4/616
f 180/1/538 912/2/538 913/3/69 181/4/69
f 699/1/411 1431/2/411 1432/3/412 700/4/412
f 697/1/151 1429/2/151 1430/3/555 698/4/555
f 501/1/590 1233/2/590 1234/3/560 502/4/560
f 526/1/62 1258/2/62 1259/3/62 527/4/62
f 187/1/507 919/2/507 920/3/568 188/4/568
f 246/1/557 978/2/557 979/3/464 247/4/464
f 271/1/505 1003/2/505 1004/3/547 272/4/547
f 369/1/607 1101/2/607 1102/3/535 370/4/535
f 444/1/347 1176/2/347 1177/3/439 445/4/439
f 16/1/546 748/2/546 749/3/386 17/4/386
f 114/1/531 846/2/531 847/3/462 115/4/462
f 105/1/578 837/2/578 838/3/443 106/4/443
f 706/1/68 1438/2/68 1439/3/385 707/4/385
f 253/1/622 985/2/622 986/3/529 254/4/529
f 628/1/620 1360/2/620 1361/3/120 629/4/120
f 362/1/432 1094/2/432 1095/3/221 363/4/221
f 451/1/338 1183/2/338 1184/3/90 452/4/90
f 510/1/526 1242/2/526 1243/3/458 511/4/458
f 713/1/525 1445/2/525 1446/3/410 714/4/410
f 619/1/212 1351/2/212 1352/3/448 620/4/448
f 454/1/151 1186/2/151 1187/3/555 455/4/555
f 196/1/29 928/2/29 929/3/29 197/4/29
f 512/1/459 1244/2/459 1245/3/272 513/4/272
f 460/1/418 1192/2/418 1193/3/461 461/4/461
f 7/1/572 739/2/572 740/3/489 8/4/489
f 575/1/76 1307/2/76 1308/3/201 576/4/201
f 269/1/591 1001/2/591 1002/3/504 270/4/504
f 586/1/204 1318/2/204 1319/3/381 587/4/381
f 264/1/485 996/2/485 997/3/258 265/4/258
f 542/1/558 1274/2/558 1275/3/523 543/4/523
f 14/1/442 746/2/442 747/3/545 15/4/545
f 76/1/610 808/2/610 809/3/567 77/4/567
f 287/1/521 1019/2/521 1020/3/565 288/4/565
f 528/1/510 1260/2/510 1261/3/294 529/4/294
f 729/1/89 1461/2/89 1462/3/171 730/4/171
f 32/1/562 764/2/562 765/3/126 33/4/126
f 285/1/595 1017/2/595 1018/3/520 286/4/520
f 219/1/581 951/2/581 952/3/441 220/4/441
f 252/1/599 984/2/599 985/3/622 253/4/622
f 121/1/585 853/2/585 854/3/381 122/4/381
f 533/1/613 1265/2/613 1266/3/497 534/4/497
f 385/1/614 1117/2/614 1118/3/563 386/4/563
f 1663/1/1 1661/2/1 1662/3/1
f 1663/1/1 1660/2/1 1661/3/1
f 1660/1/1 1658/2/1 1659/3/1
f 1660/1/1 1657/2/1 1658/3/1
f 1663/1/1 1665/2/1 1660/3/1
f 1665/1/1 1657/2/1 1660/3/1
f 1665/1/1 1667/2/1 1657/3/1
f 1663/1/1 1664/2/1 1665/3/1
f 1666/1/1 1667/2/1 1665/3/1
f 1705/1/1 1703/2/1 1704/3/1
f 1705/1/1 1702/2/1 1703/3/1
f 1706/1/1 1702/2/1 1705/3/1
f 1706/1/1 1701/2/1 1702/3/1
f 1707/1/1 1701/2/1 1706/3/1
f 1707/1/1 1700/2/1 1701/3/1
f 1708/1/1 1700/2/1 1707/3/1
f 1708/1/1 1699/2/1 1700/3/1
f 1709/1/1 1699/2/1 1708/3/1
f 1709/1/1 1698/2/1 1699/3/1
f 1710/1/1 1728/2/1 1709/3/1
f 1728/1/1 1698/2/1 1709/3/1
f 1710/1/1 1727/2/1 1728/3/1
f 1729/1/1 1698/2/1 1728/3/1
f 1730/1/1 1698/2/1 1729/3/1
f 1710/1/1 1726/2/1 1727/3/1
f 1731/1/1 1698/2/1 1730/3/1
f 1710/1/1 1725/2/1 1726/3/1
f 1731/1/1 1697/2/1 1698/3/1
f 1711/1/1 1725/2/1 1710/3/1
f 1732/1/1 1697/2/1 1731/3/1
f 1711/1/1 1724/2/1 1725/3/1
f 1733/1/1 1697/2/1 1732/3/1
f 1711/1/1 1723/2/1 1724/3/1
f 1733/1/1 1696/2/1 1697/3/1
f 1712/1/1 1723/2/1 1711/3/1
f 1734/1/1 1696/2/1 1733/3/1
f 1712/1/1 1722/2/1 1723/3/1
f 1735/1/1 1696/2/1 1734/3/1
f 1712/1/1 1721/2/1 1722/3/1
f 1735/1/1 1695/2/1 1696/3/1
f 1713/1/1 1721/2/1 1712/3/1
f 1736/1/1 1695/2/1 1735/3/1
f 1713/1/1 1720/2/1 1721/3/1
f 1736/1/1 1694/2/1 1695/3/1
f 1714/1/1 1720/2/1 1713/3/1
f 1737/1/1 1694/2/1 1736/3/1
f 1714/1/1 1719/2/1 1720/3/1
f 1738/1/1 1694/2/1 1737/3/1
f 1714/1/1 1718/2/1 1719/3/1
f 1738/1/1 1693/2/1 1694/3/1
f 1715/1/1 1718/2/1 1714/3/1
f 1739/1/1 1693/2/1 1738/3/1
f 1715/1/1 1717/2/1 1718/3/1
f 1739/1/1 1692/2/1 1693/3/1
f 1668/1/1 1717/2/1 1715/3/1
f 1740/1/1 1692/2/1 1739/3/1
f 1668/1/1 1716/2/1 1717/3/1
f 1669/1/1 1716/2/1 1668/3/1
f 1669/1/1 1763/2/1 1716/3/1
f 1741/1/1 1692/2/1 1740/3/1
f 1741/1/1 1691/2/1 1692/3/1
f 1669/1/1 1762/2/1 1763/3/1
f 1742/1/1 1691/2/1 1741/3/1
f 1742/1/1 1690/2/1 1691/3/1
f 1670/1/1 1762/2/1 1669/3/1
f 1670/1/1 1761/2/1 1762/3/1
f 1743/1/1 1690/2/1 1742/3/1
f 1743/1/1 1689/2/1 1690/3/1
f 1671/1/1 1761/2/1 1670/3/1
f 1744/1/1 1689/2/1 1743/3/1
f 1671/1/1 1760/2/1 1761/3/1
f 1744/1/1 1688/2/1 1689/3/1
f 1672/1/1 1760/2/1 1671/3/1
f 1745/1/1 1688/2/1 1744/3/1
f 1672/1/1 1759/2/1 1760/3/1
f 1746/1/1 1688/2/1 1745/3/1
f 1672/1/1 1758/2/1 1759/3/1
f 1746/1/1 1687/2/1 1688/3/1
f 1673/1/1 1758/2/1 1672/3/1
f 1747/1/1 1687/2/1 1746/3/1
f 1673/1/1 1757/2/1 1758/3/1
f 1748/1/1 1687/2/1 1747/3/1
f 1673/1/1 1756/2/1 1757/3/1
f 1748/1/1 1686/2/1 1687/3/1
f 1674/1/1 1756/2/1 1673/3/1
f 1749/1/1 1686/2/1 1748/3/1
f 1674/1/1 1755/2/1 1756/3/1
f 1750/1/1 1686/2/1 1749/3/1
f 1674/1/1 1754/2/1 1755/3/1
f 1750/1/1 1685/2/1 1686/3/1
f 1675/1/1 1754/2/1 1674/3/1
f 1751/1/1 1685/2/1 1750/3/1
f 1675/1/1 1753/2/1 1754/3/1
f 1752/1/1 1685/2/1 1751/3/1
f 1675/1/1 1752/2/1 1753/3/1
f 1675/1/1 1685/2/1 1752/3/1
f 1675/1/1 1684/2/1 1685/3/1
f 1676/1/1 1684/2/1 1675/3/1
f 1676/1/1 1683/2/1 1684/3/1
f 1677/1/1 1683/2/1 1676/3/1
f 1677/1/1 1682/2/1 1683/3/1
f 1678/1/1 1682/2/1 1677/3/1
f 1678/1/1 1681/2/1 1682/3/1
f 1679/1/1 1681/2/1 1678/3/1
f 1679/1/1 1680/2/1 1681/3/1
f 1765/1/1 1831/2/1 1764/3/1
f 1831/1/1 1830/2/1 1764/3/1
f 1831/1/1 1829/2/1 1830/3/1
f 1831/1/1 1828/2/1 1829/3/1
f 1831/1/1 1827/2/1 1828/3/1
f 1831/1/1 1826/2/1 1827/3/1
f 1831/1/1 1825/2/1 1826/3/1
f 1831/1/1 1824/2/1 1825/3/1
f 1831/1/1 1823/2/1 1824/3/1
f 1831/1/1 1832/2/1 1823/3/1
f 1832/1/1 1822/2/1 1823/3/1
f 1765/1/1 1857/2/1 1831/3/1
f 1833/1/1 1822/2/1 1832/3/1
f 1834/1/1 1822/2/1 1833/3/1
f 1835/1/1 1822/2/1 1834/3/1
f 1835/1/1 1821/2/1 1822/3/1
f 1836/1/1 1821/2/1 1835/3/1
f 1837/1/1 1821/2/1 1836/3/1
f 1838/1/1 1821/2/1 1837/3/1
f 1838/1/1 1820/2/1 1821/3/1
f 1839/1/1 1820/2/1 1838/3/1
f 1840/1/1 1820/2/1 1839/3/1
f 1841/1/1 1820/2/1 1840/3/1
f 1841/1/1 1819/2/1 1820/3/1
f 1842/1/1 1819/2/1 1841/3/1
f 1843/1/1 1819/2/1 1842/3/1
f 1843/1/1 1818/2/1 1819/3/1
f 1844/1/1 1818/2/1 1843/3/1
f 1845/1/1 1818/2/1 1844/3/1
f 1845/1/1 1817/2/1 1818/3/1
f 1846/1/1 1817/2/1 1845/3/1
f 1846/1/1 1816/2/1 1817/3/1
f 1847/1/1 1816/2/1 1846/3/1
f 1848/1/1 1816/2/1 1847/3/1
f 1848/1/1 1815/2/1 1816/3/1
f 1849/1/1 1815/2/1 1848/3/1
f 1849/1/1 1814/2/1 1815/3/1
f 1850/1/1 1814/2/1 1849/3/1
f 1850/1/1 1813/2/1 1814/3/1
f 1851/1/1 1813/2/1 1850/3/1
f 1852/1/1 1813/2/1 1851/3/1
f 1852/1/1 1812/2/1 1813/3/1
f 1853/1/1 1812/2/1 1852/3/1
f 1854/1/1 1812/2/1 1853/3/1
f 1854/1/1 1811/2/1 1812/3/1
f 1855/1/1 1811/2/1 1854/3/1
f 1856/1/1 1811/2/1 1855/3/1
f 1765/1/1 1767/2/1 1857/3/1
f 1767/1/1 1856/2/1 1857/3/1
f 1767/1/1 1811/2/1 1856/3/1
f 1767/1/1 1810/2/1 1811/3/1
f 1767/1/1 1809/2/1 1810/3/1
f 1767/1/1 1808/2/1 1809/3/1
f 1767/1/1 1807/2/1 1808/3/1
f 1767/1/1 1806/2/1 1807/3/1
f 1767/1/1 1805/2/1 1806/3/1
f 1767/1/1 1804/2/1 1805/3/1
f 1767/1/1 1768/2/1 1804/3/1
f 1768/1/1 1769/2/1 1804/3/1
f 1769/1/1 1803/2/1 1804/3/1
f 1765/1/1 1766/2/1 1767/3/1
f 1770/1/1 1803/2/1 1769/3/1
f 1771/1/1 1803/2/1 1770/3/1
f 1772/1/1 1803/2/1 1771/3/1
f 1772/1/1 1802/2/1 1803/3/1
f 1773/1/1 1802/2/1 1772/3/1
f 1774/1/1 1802/2/1 1773/3/1
f 1774/1/1 1801/2/1 1802/3/1
f 1775/1/1 1801/2/1 1774/3/1
f 1775/1/1 1800/2/1 1801/3/1
f 1776/1/1 1800/2/1 1775/3/1
f 1776/1/1 1799/2/1 1800/3/1
f 1777/1/1 1799/2/1 1776/3/1
f 1777/1/1 1798/2/1 1799/3/1
f 1778/1/1 1798/2/1 1777/3/1
f 1778/1/1 1797/2/1 1798/3/1
f 1779/1/1 1797/2/1 1778/3/1
f 1779/1/1 1796/2/1 1797/3/1
f 1779/1/1 1795/2/1 1796/3/1
f 1780/1/1 1795/2/1 1779/3/1
f 1780/1/1 1794/2/1 1795/3/1
f 1781/1/1 1794/2/1 1780/3/1
f 1781/1/1 1793/2/1 1794/3/1
f 1781/1/1 1792/2/1 1793/3/1
f 1781/1/1 1791/2/1 1792/3/1
f 1781/1/1 1790/2/1 1791/3/1
f 1781/1/1 1789/2/1 1790/3/1
f 1781/1/1 1788/2/1 1789/3/1
f 1781/1/1 1787/2/1 1788/3/1
f 1781/1/1 1786/2/1 1787/3/1
f 1781/1/1 1785/2/1 1786/3/1
f 1781/1/1 1784/2/1 1785/3/1
f 1781/1/1 1783/2/1 1784/3/1
f 1781/1/1 1782/2/1 1783/3/1
f 1871/1/1 1869/2/1 1870/3/1
f 1871/1/1 1868/2/1 1869/3/1
f 1872/1/1 1868/2/1 1871/3/1
f 1872/1/1 1867/2/1 1868/3/1
f 1873/1/1 1867/2/1 1872/3/1
f 1873/1/1 1866/2/1 1867/3/1
f 1874/1/1 1866/2/1 1873/3/1
f 1875/1/1 1866/2/1 1874/3/1
f 1875/1/1 1865/2/1 1866/3/1
f 1876/1/1 1865/2/1 1875/3/1
f 1876/1/1 1942/2/1 1865/3/1
f 1942/1/1 1864/2/1 1865/3/1
f 1876/1/1 1941/2/1 1942/3/1
f 1943/1/1 1864/2/1 1942/3/1
f 1876/1/1 1940/2/1 1941/3/1
f 1944/1/1 1864/2/1 1943/3/1
f 1877/1/1 1940/2/1 1876/3/1
f 1944/1/1 1863/2/1 1864/3/1
f 1877/1/1 1939/2/1 1940/3/1
f 1945/1/1 1863/2/1 1944/3/1
f 1877/1/1 1938/2/1 1939/3/1
f 1946/1/1 1863/2/1 1945/3/1
f 1877/1/1 1937/2/1 1938/3/1
f 1947/1/1 1863/2/1 1946/3/1
f 1878/1/1 1937/2/1 1877/3/1
f 1947/1/1 1862/2/1 1863/3/1
f 1878/1/1 1936/2/1 1937/3/1
f 1948/1/1 1862/2/1 1947/3/1
f 1878/1/1 1935/2/1 1936/3/1
f 1949/1/1 1862/2/1 1948/3/1
f 1879/1/1 1935/2/1 1878/3/1
f 1949/1/1 1861/2/1 1862/3/1
f 1879/1/1 1934/2/1 1935/3/1
f 1950/1/1 1861/2/1 1949/3/1
f 1880/1/1 1934/2/1 1879/3/1
f 1950/1/1 1860/2/1 1861/3/1
f 1880/1/1 1933/2/1 1934/3/1
f 1951/1/1 1860/2/1 1950/3/1
f 1880/1/1 1932/2/1 1933/3/1
f 1952/1/1 1860/2/1 1951/3/1
f 1881/1/1 1932/2/1 1880/3/1
f 1952/1/1 1859/2/1 1860/3/1
f 1881/1/1 1931/2/1 1932/3/1
f 1953/1/1 1859/2/1 1952/3/1
f 1882/1/1 1931/2/1 1881/3/1
f 1953/1/1 1858/2/1 1859/3/1
f 1882/1/1 1930/2/1 1931/3/1
f 1906/1/1 1858/2/1 1953/3/1
f 1883/1/1 1930/2/1 1882/3/1
f 1883/1/1 1929/2/1 1930/3/1
f 1907/1/1 1858/2/1 1906/3/1
f 1907/1/1 1905/2/1 1858/3/1
f 1883/1/1 1928/2/1 1929/3/1
f 1908/1/1 1905/2/1 1907/3/1
f 1884/1/1 1928/2/1 1883/3/1
f 1908/1/1 1904/2/1 1905/3/1
f 1884/1/1 1927/2/1 1928/3/1
f 1909/1/1 1904/2/1 1908/3/1
f 1885/1/1 1927/2/1 1884/3/1
f 1909/1/1 1903/2/1 1904/3/1
f 1910/1/1 1903/2/1 1909/3/1
f 1885/1/1 1926/2/1 1927/3/1
f 1911/1/1 1903/2/1 1910/3/1
f 1885/1/1 1925/2/1 1926/3/1
f 1886/1/1 1925/2/1 1885/3/1
f 1911/1/1 1902/2/1 1903/3/1
f 1912/1/1 1902/2/1 1911/3/1
f 1886/1/1 1924/2/1 1925/3/1
f 1887/1/1 1924/2/1 1886/3/1
f 1912/1/1 1901/2/1 1902/3/1
f 1913/1/1 1901/2/1 1912/3/1
f 1887/1/1 1923/2/1 1924/3/1
f 1914/1/1 1901/2/1 1913/3/1
f 1887/1/1 1922/2/1 1923/3/1
f 1888/1/1 1922/2/1 1887/3/1
f 1914/1/1 1900/2/1 1901/3/1
f 1915/1/1 1900/2/1 1914/3/1
f 1888/1/1 1921/2/1 1922/3/1
f 1916/1/1 1900/2/1 1915/3/1
f 1888/1/1 1920/2/1 1921/3/1
f 1917/1/1 1900/2/1 1916/3/1
f 1888/1/1 1919/2/1 1920/3/1
f 1889/1/1 1919/2/1 1888/3/1
f 1917/1/1 1899/2/1 1900/3/1
f 1918/1/1 1899/2/1 1917/3/1
f 1889/1/1 1918/2/1 1919/3/1
f 1889/1/1 1899/2/1 1918/3/1
f 1890/1/1 1899/2/1 1889/3/1
f 1890/1/1 1898/2/1 1899/3/1
f 1891/1/1 1898/2/1 1890/3/1
f 1891/1/1 1897/2/1 1898/3/1
f 1892/1/1 1897/2/1 1891/3/1
f 1892/1/1 1896/2/1 1897/3/1
f 1893/1/1 1896/2/1 1892/3/1
f 1893/1/1 1895/2/1 1896/3/1
f 1894/1/1 1895/2/1 1893/3/1
f 2089/1/1 2087/2/1 2088/3/1
f 2090/1/1 2087/2/1 2089/3/1
f 2091/1/1 2087/2/1 2090/3/1
f 2091/1/1 2086/2/1 2087/3/1
f 2092/1/1 2086/2/1 2091/3/1
f 2093/1/1 2086/2/1 2092/3/1
f 2094/1/1 2086/2/1 2093/3/1
f 2094/1/1 2085/2/1 2086/3/1
f 2095/1/1 2085/2/1 2094/3/1
f 2096/1/1 2085/2/1 2095/3/1
f 2097/1/1 2085/2/1 2096/3/1
f 2097/1/1 2084/2/1 2085/3/1
f 2098/1/1 2084/2/1 2097/3/1
f 2099/1/1 2084/2/1 2098/3/1
f 2099/1/1 2083/2/1 2084/3/1
f 2100/1/1 2083/2/1 2099/3/1
f 1954/1/1 1955/2/1 2100/3/1
f 1955/1/1 1956/2/1 2100/3/1
f 1956/1/1 1957/2/1 2100/3/1
f 1957/1/1 1958/2/1 2100/3/1
f 1958/1/1 2083/2/1 2100/3/1
f 1958/1/1 1959/2/1 2083/3/1
f 1959/1/1 1960/2/1 2083/3/1
f 1960/1/1 2082/2/1 2083/3/1
f 1960/1/1 1961/2/1 2082/3/1
f 1961/1/1 1962/2/1 2082/3/1
f 1962/1/1 2081/2/1 2082/3/1
f 1962/1/1 1963/2/1 2081/3/1
f 1963/1/1 1964/2/1 2081/3/1
f 1964/1/1 1965/2/1 2081/3/1
f 1965/1/1 2080/2/1 2081/3/1
f 1965/1/1 1966/2/1 2080/3/1
f 1966/1/1 1967/2/1 2080/3/1
f 1967/1/1 2079/2/1 2080/3/1
f 1968/1/1 2079/2/1 1967/3/1
f 1969/1/1 2079/2/1 1968/3/1
f 1970/1/1 2079/2/1 1969/3/1
f 1970/1/1 2078/2/1 2079/3/1
f 1971/1/1 2078/2/1 1970/3/1
f 1972/1/1 2078/2/1 1971/3/1
f 1973/1/1 2078/2/1 1972/3/1
f 1973/1/1 2077/2/1 2078/3/1
f 1974/1/1 2077/2/1 1973/3/1
f 1975/1/1 2077/2/1 1974/3/1
f 1975/1/1 2076/2/1 2077/3/1
f 1976/1/1 2076/2/1 1975/3/1
f 1977/1/1 2076/2/1 1976/3/1
f 1977/1/1 2075/2/1 2076/3/1
f 1978/1/1 2075/2/1 1977/3/1
f 1979/1/1 2075/2/1 1978/3/1
f 1979/1/1 2074/2/1 2075/3/1
f 1980/1/1 2074/2/1 1979/3/1
f 1980/1/1 2073/2/1 2074/3/1
f 1981/1/1 2073/2/1 1980/3/1
f 1981/1/1 2072/2/1 2073/3/1
f 1982/1/1 2072/2/1 1981/3/1
f 1982/1/1 2071/2/1 2072/3/1
f 1983/1/1 2071/2/1 1982/3/1
f 1983/1/1 2070/2/1 2071/3/1
f 1984/1/1 2070/2/1 1983/3/1
f 1985/1/1 2070/2/1 1984/3/1
f 1985/1/1 2069/2/1 2070/3/1
f 1986/1/1 2069/2/1 1985/3/1
f 1986/1/1 2068/2/1 2069/3/1
f 1987/1/1 2068/2/1 1986/3/1
f 1988/1/1 2068/2/1 1987/3/1
f 1989/1/1 2068/2/1 1988/3/1
f 1989/1/1 2067/2/1 2068/3/1
f 1990/1/1 2067/2/1 1989/3/1
f 1991/1/1 2067/2/1 1990/3/1
f 1991/1/1 2066/2/1 2067/3/1
f 1991/1/1 2065/2/1 2066/3/1
f 1991/1/1 2064/2/1 2065/3/1
f 1991/1/1 2063/2/1 2064/3/1
f 1991/1/1 2062/2/1 2063/3/1
f 1991/1/1 2061/2/1 2062/3/1
f 1991/1/1 2060/2/1 2061/3/1
f 1991/1/1 2059/2/1 2060/3/1
f 1991/1/1 1992/2/1 2059/3/1
f 1992/1/1 2058/2/1 2059/3/1
f 1993/1/1 2058/2/1 1992/3/1
f 1994/1/1 2058/2/1 1993/3/1
f 1995/1/1 2058/2/1 1994/3/1
f 1995/1/1 2057/2/1 2058/3/1
f 1996/1/1 2057/2/1 1995/3/1
f 1997/1/1 2057/2/1 1996/3/1
f 1997/1/1 2056/2/1 2057/3/1
f 1998/1/1 2056/2/1 1997/3/1
f 1998/1/1 2055/2/1 2056/3/1
f 1999/1/1 2055/2/1 1998/3/1
f 2000/1/1 2055/2/1 1999/3/1
f 2000/1/1 2054/2/1 2055/3/1
f 2001/1/1 2054/2/1 2000/3/1
f 2001/1/1 2053/2/1 2054/3/1
f 2002/1/1 2053/2/1 2001/3/1
f 2002/1/1 2052/2/1 2053/3/1
f 2003/1/1 2052/2/1 2002/3/1
f 2003/1/1 2051/2/1 2052/3/1
f 2004/1/1 2051/2/1 2003/3/1
f 2005/1/1 2051/2/1 2004/3/1
f 2005/1/1 2050/2/1 2051/3/1
f 2006/1/1 2050/2/1 2005/3/1
f 2007/1/1 2050/2/1 2006/3/1
f 2007/1/1 2049/2/1 2050/3/1
f 2028/1/1 2026/2/1 2027/3/1
f 2008/1/1 2049/2/1 2007/3/1
f 2028/1/1 2025/2/1 2026/3/1
f 2009/1/1 2049/2/1 2008/3/1
f 2028/1/1 2024/2/1 2025/3/1
f 2009/1/1 2048/2/1 2049/3/1
f 2010/1/1 2048/2/1 2009/3/1
f 2028/1/1 2023/2/1 2024/3/1
f 2028/1/1 2022/2/1 2023/3/1
f 2011/1/1 2048/2/1 2010/3/1
f 2028/1/1 2021/2/1 2022/3/1
f 2012/1/1 2048/2/1 2011/3/1
f 2028/1/1 2020/2/1 2021/3/1
f 2028/1/1 2019/2/1 2020/3/1
f 2013/1/1 2048/2/1 2012/3/1
f 2013/1/1 2047/2/1 2048/3/1
f 2028/1/1 2018/2/1 2019/3/1
f 2014/1/1 2047/2/1 2013/3/1
f 2028/1/1 2017/2/1 2018/3/1
f 2028/1/1 2016/2/1 2017/3/1
f 2015/1/1 2047/2/1 2014/3/1
f 2028/1/1 2015/2/1 2016/3/1
f 2028/1/1 2047/2/1 2015/3/1
f 2028/1/1 2046/2/1 2047/3/1
f 2028/1/1 2045/2/1 2046/3/1
f 2028/1/1 2044/2/1 2045/3/1
f 2029/1/1 2044/2/1 2028/3/1
f 2030/1/1 2044/2/1 2029/3/1
f 2031/1/1 2044/2/1 2030/3/1
f 2031/1/1 2043/2/1 2044/3/1
f 2032/1/1 2043/2/1 2031/3/1
f 2033/1/1 2043/2/1 2032/3/1
f 2033/1/1 2042/2/1 2043/3/1
f 2034/1/1 2042/2/1 2033/3/1
f 2035/1/1 2042/2/1 2034/3/1
f 2036/1/1 2042/2/1 2035/3/1
f 2036/1/1 2041/2/1 2042/3/1
f 2037/1/1 2041/2/1 2036/3/1
f 2038/1/1 2041/2/1 2037/3/1
f 2038/1/1 2040/2/1 2041/3/1
f 2039/1/1 2040/2/1 2038/3/1
f 2114/1/1 2112/2/1 2113/3/1
f 2114/1/1 2111/2/1 2112/3/1
f 2115/1/1 2111/2/1 2114/3/1
f 2115/1/1 2110/2/1 2111/3/1
f 2116/1/1 2110/2/1 2115/3/1
f 2116/1/1 2109/2/1 2110/3/1
f 2117/1/1 2109/2/1 2116/3/1
f 2118/1/1 2109/2/1 2117/3/1
f 2118/1/1 2108/2/1 2109/3/1
f 2119/1/1 2108/2/1 2118/3/1
f 2119/1/1 2185/2/1 2108/3/1
f 2185/1/1 2107/2/1 2108/3/1
f 2119/1/1 2184/2/1 2185/3/1
f 2186/1/1 2107/2/1 2185/3/1
f 2119/1/1 2183/2/1 2184/3/1
f 2187/1/1 2107/2/1 2186/3/1
f 2120/1/1 2183/2/1 2119/3/1
f 2187/1/1 2106/2/1 2107/3/1
f 2120/1/1 2182/2/1 2183/3/1
f 2188/1/1 2106/2/1 2187/3/1
f 2120/1/1 2181/2/1 2182/3/1
f 2189/1/1 2106/2/1 2188/3/1
f 2120/1/1 2180/2/1 2181/3/1
f 2190/1/1 2106/2/1 2189/3/1
f 2121/1/1 2180/2/1 2120/3/1
f 2190/1/1 2105/2/1 2106/3/1
f 2121/1/1 2179/2/1 2180/3/1
f 2191/1/1 2105/2/1 2190/3/1
f 2121/1/1 2178/2/1 2179/3/1
f 2192/1/1 2105/2/1 2191/3/1
f 2122/1/1 2178/2/1 2121/3/1
f 2192/1/1 2104/2/1 2105/3/1
f 2122/1/1 2177/2/1 2178/3/1
f 2193/1/1 2104/2/1 2192/3/1
f 2123/1/1 2177/2/1 2122/3/1
f 2193/1/1 2103/2/1 2104/3/1
f 2123/1/1 2176/2/1 2177/3/1
f 2194/1/1 2103/2/1 2193/3/1
f 2123/1/1 2175/2/1 2176/3/1
f 2195/1/1 2103/2/1 2194/3/1
f 2124/1/1 2175/2/1 2123/3/1
f 2195/1/1 2102/2/1 2103/3/1
f 2124/1/1 2174/2/1 2175/3/1
f 2196/1/1 2102/2/1 2195/3/1
f 2125/1/1 2174/2/1 2124/3/1
f 2196/1/1 2101/2/1 2102/3/1
f 2125/1/1 2173/2/1 2174/3/1
f 2149/1/1 2101/2/1 2196/3/1
f 2126/1/1 2173/2/1 2125/3/1
f 2126/1/1 2172/2/1 2173/3/1
f 2150/1/1 2101/2/1 2149/3/1
f 2150/1/1 2148/2/1 2101/3/1
f 2126/1/1 2171/2/1 2172/3/1
f 2151/1/1 2148/2/1 2150/3/1
f 2127/1/1 2171/2/1 2126/3/1
f 2151/1/1 2147/2/1 2148/3/1
f 2127/1/1 2170/2/1 2171/3/1
f 2152/1/1 2147/2/1 2151/3/1
f 2128/1/1 2170/2/1 2127/3/1
f 2152/1/1 2146/2/1 2147/3/1
f 2153/1/1 2146/2/1 2152/3/1
f 2128/1/1 2169/2/1 2170/3/1
f 2154/1/1 2146/2/1 2153/3/1
f 2128/1/1 2168/2/1 2169/3/1
f 2129/1/1 2168/2/1 2128/3/1
f 2154/1/1 2145/2/1 2146/3/1
f 2155/1/1 2145/2/1 2154/3/1
f 2129/1/1 2167/2/1 2168/3/1
f 2130/1/1 2167/2/1 2129/3/1
f 2155/1/1 2144/2/1 2145/3/1
f 2156/1/1 2144/2/1 2155/3/1
f 2130/1/1 2166/2/1 2167/3/1
f 2157/1/1 2144/2/1 2156/3/1
f 2130/1/1 2165/2/1 2166/3/1
f 2131/1/1 2165/2/1 2130/3/1
f 2157/1/1 2143/2/1 2144/3/1
f 2158/1/1 2143/2/1 2157/3/1
f 2131/1/1 2164/2/1 2165/3/1
f 2159/1/1 2143/2/1 2158/3/1
f 2131/1/1 2163/2/1 2164/3/1
f 2160/1/1 2143/2/1 2159/3/1
f 2131/1/1 2162/2/1 2163/3/1
f 2132/1/1 2162/2/1 2131/3/1
f 2160/1/1 2142/2/1 2143/3/1
f 2161/1/1 2142/2/1 2160/3/1
f 2132/1/1 2161/2/1 2162/3/1
f 2132/1/1 2142/2/1 2161/3/1
f 2133/1/1 2142/2/1 2132/3/1
f 2133/1/1 2141/2/1 2142/3/1
f 2134/1/1 2141/2/1 2133/3/1
f 2134/1/1 2140/2/1 2141/3/1
f 2135/1/1 2140/2/1 2134/3/1
f 2135/1/1 2139/2/1 2140/3/1
f 2136/1/1 2139/2/1 2135/3/1
f 2136/1/1 2138/2/1 2139/3/1
f 2137/1/1 2138/2/1 2136/3/1
f 1502/1/1 1500/2/1 1501/3/1
f 1503/1/1 1500/2/1 1502/3/1
f 1503/1/1 1499/2/1 1500/3/1
f 1504/1/1 1499/2/1 1503/3/1
f 1504/1/1 1498/2/1 1499/3/1
f 1505/1/1 1498/2/1 1504/3/1
f 1505/1/1 1497/2/1 1498/3/1
f 1506/1/1 1497/2/1 1505/3/1
f 1506/1/1 1496/2/1 1497/3/1
f 1507/1/1 1496/2/1 1506/3/1
f 1507/1/1 1495/2/1 1496/3/1
f 1508/1/1 1495/2/1 1507/3/1
f 1508/1/1 1494/2/1 1495/3/1
f 1509/1/1 1494/2/1 1508/3/1
f 1509/1/1 1597/2/1 1494/3/1
f 1597/1/1 1493/2/1 1494/3/1
f 1509/1/1 1596/2/1 1597/3/1
f 1598/1/1 1493/2/1 1597/3/1
f 1509/1/1 1595/2/1 1596/3/1
f 1599/1/1 1493/2/1 1598/3/1
f 1510/1/1 1595/2/1 1509/3/1
f 1510/1/1 1594/2/1 1595/3/1
f 1599/1/1 1492/2/1 1493/3/1
f 1600/1/1 1492/2/1 1599/3/1
f 1510/1/1 1593/2/1 1594/3/1
f 1601/1/1 1492/2/1 1600/3/1
f 1510/1/1 1592/2/1 1593/3/1
f 1602/1/1 1492/2/1 1601/3/1
f 1510/1/1 1591/2/1 1592/3/1
f 1603/1/1 1492/2/1 1602/3/1
f 1511/1/1 1591/2/1 1510/3/1
f 1603/1/1 1491/2/1 1492/3/1
f 1511/1/1 1590/2/1 1591/3/1
f 1604/1/1 1491/2/1 1603/3/1
f 1511/1/1 1589/2/1 1590/3/1
f 1605/1/1 1491/2/1 1604/3/1
f 1511/1/1 1588/2/1 1589/3/1
f 1512/1/1 1588/2/1 1511/3/1
f 1606/1/1 1491/2/1 1605/3/1
f 1606/1/1 1490/2/1 1491/3/1
f 1512/1/1 1587/2/1 1588/3/1
f 1607/1/1 1490/2/1 1606/3/1
f 1512/1/1 1586/2/1 1587/3/1
f 1608/1/1 1490/2/1 1607/3/1
f 1513/1/1 1586/2/1 1512/3/1
f 1608/1/1 1489/2/1 1490/3/1
f 1513/1/1 1585/2/1 1586/3/1
f 1561/1/1 1489/2/1 1608/3/1
f 1513/1/1 1584/2/1 1585/3/1
f 1514/1/1 1584/2/1 1513/3/1
f 1562/1/1 1489/2/1 1561/3/1
f 1562/1/1 1488/2/1 1489/3/1
f 1514/1/1 1583/2/1 1584/3/1
f 1563/1/1 1488/2/1 1562/3/1
f 1515/1/1 1583/2/1 1514/3/1
f 1563/1/1 1487/2/1 1488/3/1
f 1515/1/1 1582/2/1 1583/3/1
f 1564/1/1 1487/2/1 1563/3/1
f 1564/1/1 1486/2/1 1487/3/1
f 1516/1/1 1582/2/1 1515/3/1
f 1516/1/1 1581/2/1 1582/3/1
f 1565/1/1 1486/2/1 1564/3/1
f 1565/1/1 1485/2/1 1486/3/1
f 1517/1/1 1581/2/1 1516/3/1
f 1517/1/1 1580/2/1 1581/3/1
f 1566/1/1 1485/2/1 1565/3/1
f 1566/1/1 1484/2/1 1485/3/1
f 1518/1/1 1580/2/1 1517/3/1
f 1518/1/1 1579/2/1 1580/3/1
f 1567/1/1 1484/2/1 1566/3/1
f 1567/1/1 1483/2/1 1484/3/1
f 1519/1/1 1579/2/1 1518/3/1
f 1519/1/1 1578/2/1 1579/3/1
f 1568/1/1 1483/2/1 1567/3/1
f 1568/1/1 1482/2/1 1483/3/1
f 1519/1/1 1577/2/1 1578/3/1
f 1569/1/1 1482/2/1 1568/3/1
f 1520/1/1 1577/2/1 1519/3/1
f 1520/1/1 1576/2/1 1577/3/1
f 1570/1/1 1482/2/1 1569/3/1
f 1570/1/1 1481/2/1 1482/3/1
f 1521/1/1 1576/2/1 1520/3/1
f 1521/1/1 1575/2/1 1576/3/1
f 1571/1/1 1481/2/1 1570/3/1
f 1521/1/1 1574/2/1 1575/3/1
f 1572/1/1 1481/2/1 1571/3/1
f 1521/1/1 1573/2/1 1574/3/1
f 1573/1/1 1481/2/1 1572/3/1
f 1521/1/1 1481/2/1 1573/3/1
f 1521/1/1 1480/2/1 1481/3/1
f 1522/1/1 1480/2/1 1521/3/1
f 1522/1/1 1479/2/1 1480/3/1
f 1523/1/1 1479/2/1 1522/3/1
f 1523/1/1 1478/2/1 1479/3/1
f 1524/1/1 1478/2/1 1523/3/1
f 1524/1/1 1477/2/1 1478/3/1
f 1525/1/1 1477/2/1 1524/3/1
f 1526/1/1 1477/2/1 1525/3/1
f 1526/1/1 1476/2/1 1477/3/1
f 1526/1/1 1475/2/1 1476/3/1
f 1527/1/1 1475/2/1 1526/3/1
f 1527/1/1 1474/2/1 1475/3/1
f 1528/1/1 1474/2/1 1527/3/1
f 1528/1/1 1473/2/1 1474/3/1
f 1529/1/1 1473/2/1 1528/3/1
f 1529/1/1 1645/2/1 1473/3/1
f 1645/1/1 1472/2/1 1473/3/1
f 1530/1/1 1645/2/1 1529/3/1
f 1530/1/1 1644/2/1 1645/3/1
f 1646/1/1 1472/2/1 1645/3/1
f 1530/1/1 1643/2/1 1644/3/1
f 1647/1/1 1472/2/1 1646/3/1
f 1530/1/1 1642/2/1 1643/3/1
f 1648/1/1 1472/2/1 1647/3/1
f 1648/1/1 1471/2/1 1472/3/1
f 1531/1/1 1642/2/1 1530/3/1
f 1531/1/1 1641/2/1 1642/3/1
f 1649/1/1 1471/2/1 1648/3/1
f 1531/1/1 1640/2/1 1641/3/1
f 1650/1/1 1471/2/1 1649/3/1
f 1650/1/1 1470/2/1 1471/3/1
f 1532/1/1 1640/2/1 1531/3/1
f 1532/1/1 1639/2/1 1640/3/1
f 1651/1/1 1470/2/1 1650/3/1
f 1532/1/1 1638/2/1 1639/3/1
f 1652/1/1 1470/2/1 1651/3/1
f 1533/1/1 1638/2/1 1532/3/1
f 1652/1/1 1469/2/1 1470/3/1
f 1533/1/1 1637/2/1 1638/3/1
f 1653/1/1 1469/2/1 1652/3/1
f 1534/1/1 1637/2/1 1533/3/1
f 1653/1/1 1468/2/1 1469/3/1
f 1534/1/1 1636/2/1 1637/3/1
f 1654/1/1 1468/2/1 1653/3/1
f 1534/1/1 1635/2/1 1636/3/1
f 1535/1/1 1635/2/1 1534/3/1
f 1655/1/1 1468/2/1 1654/3/1
f 1655/1/1 1467/2/1 1468/3/1
f 1535/1/1 1634/2/1 1635/3/1
f 1656/1/1 1467/2/1 1655/3/1
f 1536/1/1 1634/2/1 1535/3/1
f 1656/1/1 1466/2/1 1467/3/1
f 1536/1/1 1633/2/1 1634/3/1
f 1609/1/1 1466/2/1 1656/3/1
f 1537/1/1 1633/2/1 1536/3/1
f 1609/1/1 1465/2/1 1466/3/1
f 1537/1/1 1632/2/1 1633/3/1
f 1610/1/1 1465/2/1 1609/3/1
f 1538/1/1 1632/2/1 1537/3/1
f 1610/1/1 1560/2/1 1465/3/1
f 1611/1/1 1560/2/1 1610/3/1
f 1538/1/1 1631/2/1 1632/3/1
f 1612/1/1 1560/2/1 1611/3/1
f 1538/1/1 1630/2/1 1631/3/1
f 1539/1/1 1630/2/1 1538/3/1
f 1612/1/1 1559/2/1 1560/3/1
f 1613/1/1 1559/2/1 1612/3/1
f 1539/1/1 1629/2/1 1630/3/1
f 1614/1/1 1559/2/1 1613/3/1
f 1539/1/1 1628/2/1 1629/3/1
f 1540/1/1 1628/2/1 1539/3/1
f 1614/1/1 1558/2/1 1559/3/1
f 1615/1/1 1558/2/1 1614/3/1
f 1540/1/1 1627/2/1 1628/3/1
f 1616/1/1 1558/2/1 1615/3/1
f 1540/1/1 1626/2/1 1627/3/1
f 1541/1/1 1626/2/1 1540/3/1
f 1616/1/1 1557/2/1 1558/3/1
f 1617/1/1 1557/2/1 1616/3/1
f 1541/1/1 1625/2/1 1626/3/1
f 1618/1/1 1557/2/1 1617/3/1
f 1541/1/1 1624/2/1 1625/3/1
f 1619/1/1 1557/2/1 1618/3/1
f 1541/1/1 1623/2/1 1624/3/1
f 1620/1/1 1557/2/1 1619/3/1
f 1541/1/1 1622/2/1 1623/3/1
f 1542/1/1 1622/2/1 1541/3/1
f 1620/1/1 1556/2/1 1557/3/1
f 1621/1/1 1556/2/1 1620/3/1
f 1542/1/1 1621/2/1 1622/3/1
f 1542/1/1 1556/2/1 1621/3/1
f 1543/1/1 1556/2/1 1542/3/1
f 1543/1/1 1555/2/1 1556/3/1
f 1544/1/1 1555/2/1 1543/3/1
f 1544/1/1 1554/2/1 1555/3/1
f 1545/1/1 1554/2/1 1544/3/1
f 1545/1/1 1553/2/1 1554/3/1
f 1546/1/1 1553/2/1 1545/3/1
f 1546/1/1 1552/2/1 1553/3/1
f 1547/1/1 1552/2/1 1546/3/1
f 1547/1/1 1551/2/1 1552/3/1
f 1548/1/1 1551/2/1 1547/3/1
f 1548/1/1 1550/2/1 1551/3/1
f 1549/1/1 1550/2/1 1548/3/1
f 2395/1/2 2394/2/2 2393/3/2
f 2395/1/2 2393/2/2 2392/3/2
f 2392/1/2 2391/2/2 2390/3/2
f 2392/1/2 2390/2/2 2389/3/2
f 2395/1/2 2392/2/2 2397/3/2
f 2397/1/2 2392/2/2 2389/3/2
f 2397/1/2 2389/2/2 2399/3/2
f 2395/1/2 2397/2/2 2396/3/2
f 2398/1/2 2397/2/2 2399/3/2
f 2437/1/2 2436/2/2 2435/3/2
f 2437/1/2 2435/2/2 2434/3/2
f 2438/1/2 2437/2/2 2434/3/2
f 2438/1/2 2434/2/2 2433/3/2
f 2439/1/2 2438/2/2 2433/3/2
f 2439/1/2 2433/2/2 2432/3/2
f 2440/1/2 2439/2/2 2432/3/2
f 2440/1/2 2432/2/2 2431/3/2
f 2441/1/2 2440/2/2 2431/3/2
f 2441/1/2 2431/2/2 2430/3/2
f 2442/1/2 2441/2/2 2460/3/2
f 2460/1/2 2441/2/2 2430/3/2
f 2442/1/2 2460/2/2 2459/3/2
f 2461/1/2 2460/2/2 2430/3/2
f 2462/1/2 2461/2/2 2430/3/2
f 2442/1/2 2459/2/2 2458/3/2
f 2463/1/2 2462/2/2 2430/3/2
f 2442/1/2 2458/2/2 2457/3/2
f 2463/1/2 2430/2/2 2429/3/2
f 2443/1/2 2442/2/2 2457/3/2
f 2464/1/2 2463/2/2 2429/3/2
f 2443/1/2 2457/2/2 2456/3/2
f 2465/1/2 2464/2/2 2429/3/2
f 2443/1/2 2456/2/2 2455/3/2
f 2465/1/2 2429/2/2 2428/3/2
f 2444/1/2 2443/2/2 2455/3/2
f 2466/1/2 2465/2/2 2428/3/2
f 2444/1/2 2455/2/2 2454/3/2
f 2467/1/2 2466/2/2 2428/3/2
f 2444/1/2 2454/2/2 2453/3/2
f 2467/1/2 2428/2/2 2427/3/2
f 2445/1/2 2444/2/2 2453/3/2
f 2468/1/2 2467/2/2 2427/3/2
f 2445/1/2 2453/2/2 2452/3/2
f 2468/1/2 2427/2/2 2426/3/2
f 2446/1/2 2445/2/2 2452/3/2
f 2469/1/2 2468/2/2 2426/3/2
f 2446/1/2 2452/2/2 2451/3/2
f 2470/1/2 2469/2/2 2426/3/2
f 2446/1/2 2451/2/2 2450/3/2
f 2470/1/2 2426/2/2 2425/3/2
f 2447/1/2 2446/2/2 2450/3/2
f 2471/1/2 2470/2/2 2425/3/2
f 2447/1/2 2450/2/2 2449/3/2
f 2471/1/2 2425/2/2 2424/3/2
f 2400/1/2 2447/2/2 2449/3/2
f 2472/1/2 2471/2/2 2424/3/2
f 2400/1/2 2449/2/2 2448/3/2
f 2401/1/2 2400/2/2 2448/3/2
f 2401/1/2 2448/2/2 2495/3/2
f 2473/1/2 2472/2/2 2424/3/2
f 2473/1/2 2424/2/2 2423/3/2
f 2401/1/2 2495/2/2 2494/3/2
f 2474/1/2 2473/2/2 2423/3/2
f 2474/1/2 2423/2/2 2422/3/2
f 2402/1/2 2401/2/2 2494/3/2
f 2402/1/2 2494/2/2 2493/3/2
f 2475/1/2 2474/2/2 2422/3/2
f 2475/1/2 2422/2/2 2421/3/2
f 2403/1/2 2402/2/2 2493/3/2
f 2476/1/2 2475/2/2 2421/3/2
f 2403/1/2 2493/2/2 2492/3/2
f 2476/1/2 2421/2/2 2420/3/2
f 2404/1/2 2403/2/2 2492/3/2
f 2477/1/2 2476/2/2 2420/3/2
f 2404/1/2 2492/2/2 2491/3/2
f 2478/1/2 2477/2/2 2420/3/2
f 2404/1/2 2491/2/2 2490/3/2
f 2478/1/2 2420/2/2 2419/3/2
f 2405/1/2 2404/2/2 2490/3/2
f 2479/1/2 2478/2/2 2419/3/2
f 2405/1/2 2490/2/2 2489/3/2
f 2480/1/2 2479/2/2 2419/3/2
f 2405/1/2 2489/2/2 2488/3/2
f 2480/1/2 2419/2/2 2418/3/2
f 2406/1/2 2405/2/2 2488/3/2
f 2481/1/2 2480/2/2 2418/3/2
f 2406/1/2 2488/2/2 2487/3/2
f 2482/1/2 2481/2/2 2418/3/2
f 2406/1/2 2487/2/2 2486/3/2
f 2482/1/2 2418/2/2 2417/3/2
f 2407/1/2 2406/2/2 2486/3/2
f 2483/1/2 2482/2/2 2417/3/2
f 2407/1/2 2486/2/2 2485/3/2
f 2484/1/2 2483/2/2 2417/3/2
f 2407/1/2 2485/2/2 2484/3/2
f 2407/1/2 2484/2/2 2417/3/2
f 2407/1/2 2417/2/2 2416/3/2
f 2408/1/2 2407/2/2 2416/3/2
f 2408/1/2 2416/2/2 2415/3/2
f 2409/1/2 2408/2/2 2415/3/2
f 2409/1/2 2415/2/2 2414/3/2
f 2410/1/2 2409/2/2 2414/3/2
f 2410/1/2 2414/2/2 2413/3/2
f 2411/1/2 2410/2/2 2413/3/2
f 2411/1/2 2413/2/2 2412/3/2
f 2497/1/2 2496/2/2 2563/3/2
f 2563/1/2 2496/2/2 2562/3/2
f 2563/1/2 2562/2/2 2561/3/2
f 2563/1/2 2561/2/2 2560/3/2
f 2563/1/2 2560/2/2 2559/3/2
f 2563/1/2 2559/2/2 2558/3/2
f 2563/1/2 2558/2/2 2557/3/2
f 2563/1/2 2557/2/2 2556/3/2
f 2563/1/2 2556/2/2 2555/3/2
f 2563/1/2 2555/2/2 2564/3/2
f 2564/1/2 2555/2/2 2554/3/2
f 2497/1/2 2563/2/2 2589/3/2
f 2565/1/2 2564/2/2 2554/3/2
f 2566/1/2 2565/2/2 2554/3/2
f 2567/1/2 2566/2/2 2554/3/2
f 2567/1/2 2554/2/2 2553/3/2
f 2568/1/2 2567/2/2 2553/3/2
f 2569/1/2 2568/2/2 2553/3/2
f 2570/1/2 2569/2/2 2553/3/2
f 2570/1/2 2553/2/2 2552/3/2
f 2571/1/2 2570/2/2 2552/3/2
f 2572/1/2 2571/2/2 2552/3/2
f 2573/1/2 2572/2/2 2552/3/2
f 2573/1/2 2552/2/2 2551/3/2
f 2574/1/2 2573/2/2 2551/3/2
f 2575/1/2 2574/2/2 2551/3/2
f 2575/1/2 2551/2/2 2550/3/2
f 2576/1/2 2575/2/2 2550/3/2
f 2577/1/2 2576/2/2 2550/3/2
f 2577/1/2 2550/2/2 2549/3/2
f 2578/1/2 2577/2/2 2549/3/2
f 2578/1/2 2549/2/2 2548/3/2
f 2579/1/2 2578/2/2 2548/3/2
f 2580/1/2 2579/2/2 2548/3/2
f 2580/1/2 2548/2/2 2547/3/2
f 2581/1/2 2580/2/2 2547/3/2
f 2581/1/2 2547/2/2 2546/3/2
f 2582/1/2 2581/2/2 2546/3/2
f 2582/1/2 2546/2/2 2545/3/2
f 2583/1/2 2582/2/2 2545/3/2
f 2584/1/2 2583/2/2 2545/3/2
f 2584/1/2 2545/2/2 2544/3/2
f 2585/1/2 2584/2/2 2544/3/2
f 2586/1/2 2585/2/2 2544/3/2
f 2586/1/2 2544/2/2 2543/3/2
f 2587/1/2 2586/2/2 2543/3/2
f 2588/1/2 2587/2/2 2543/3/2
f 2497/1/2 2589/2/2 2499/3/2
f 2499/1/2 2589/2/2 2588/3/2
f 2499/1/2 2588/2/2 2543/3/2
f 2499/1/2 2543/2/2 2542/3/2
f 2499/1/2 2542/2/2 2541/3/2
f 2499/1/2 2541/2/2 2540/3/2
f 2499/1/2 2540/2/2 2539/3/2
f 2499/1/2 2539/2/2 2538/3/2
f 2499/1/2 2538/2/2 2537/3/2
f 2499/1/2 2537/2/2 2536/3/2
f 2499/1/2 2536/2/2 2500/3/3
f 2500/1/3 2536/2/2 2501/3/4
f 2501/1/4 2536/2/2 2535/3/2
f 2497/1/2 2499/2/2 2498/3/2
f 2502/1/2 2501/2/4 2535/3/2
f 2503/1/2 2502/2/2 2535/3/2
f 2504/1/2 2503/2/2 2535/3/2
f 2504/1/2 2535/2/2 2534/3/2
f 2505/1/2 2504/2/2 2534/3/2
f 2506/1/2 2505/2/2 2534/3/2
f 2506/1/2 2534/2/2 2533/3/2
f 2507/1/2 2506/2/2 2533/3/2
f 2507/1/2 2533/2/2 2532/3/2
f 2508/1/2 2507/2/2 2532/3/2
f 2508/1/2 2532/2/2 2531/3/2
f 2509/1/2 2508/2/2 2531/3/2
f 2509/1/2 2531/2/2 2530/3/2
f 2510/1/2 2509/2/2 2530/3/2
f 2510/1/2 2530/2/2 2529/3/2
f 2511/1/2 2510/2/2 2529/3/2
f 2511/1/2 2529/2/2 2528/3/2
f 2511/1/2 2528/2/2 2527/3/2
f 2512/1/2 2511/2/2 2527/3/2
f 2512/1/2 2527/2/2 2526/3/2
f 2513/1/2 2512/2/2 2526/3/2
f 2513/1/2 2526/2/2 2525/3/2
f 2513/1/2 2525/2/2 2524/3/2
f 2513/1/2 2524/2/2 2523/3/2
f 2513/1/2 2523/2/2 2522/3/2
f 2513/1/2 2522/2/2 2521/3/2
f 2513/1/2 2521/2/2 2520/3/2
f 2513/1/2 2520/2/2 2519/3/2
f 2513/1/2 2519/2/2 2518/3/2
f 2513/1/2 2518/2/2 2517/3/2
f 2513/1/2 2517/2/2 2516/3/2
f 2513/1/2 2516/2/2 2515/3/2
f 2513/1/2 2515/2/2 2514/3/2
f 2603/1/2 2602/2/2 2601/3/2
f 2603/1/2 2601/2/2 2600/3/2
f 2604/1/2 2603/2/2 2600/3/2
f 2604/1/2 2600/2/2 2599/3/2
f 2605/1/2 2604/2/2 2599/3/2
f 2605/1/2 2599/2/2 2598/3/2
f 2606/1/2 2605/2/2 2598/3/2
f 2607/1/2 2606/2/2 2598/3/2
f 2607/1/2 2598/2/2 2597/3/2
f 2608/1/2 2607/2/2 2597/3/2
f 2608/1/2 2597/2/2 2674/3/2
f 2674/1/2 2597/2/2 2596/3/2
f 2608/1/2 2674/2/2 2673/3/2
f 2675/1/2 2674/2/2 2596/3/2
f 2608/1/2 2673/2/2 2672/3/2
f 2676/1/2 2675/2/2 2596/3/2
f 2609/1/2 2608/2/2 2672/3/2
f 2676/1/2 2596/2/2 2595/3/2
f 2609/1/2 2672/2/2 2671/3/2
f 2677/1/2 2676/2/2 2595/3/2
f 2609/1/2 2671/2/2 2670/3/2
f 2678/1/2 2677/2/2 2595/3/2
f 2609/1/2 2670/2/2 2669/3/2
f 2679/1/2 2678/2/2 2595/3/2
f 2610/1/2 2609/2/2 2669/3/2
f 2679/1/2 2595/2/2 2594/3/2
f 2610/1/2 2669/2/2 2668/3/2
f 2680/1/2 2679/2/2 2594/3/2
f 2610/1/2 2668/2/2 2667/3/2
f 2681/1/2 2680/2/2 2594/3/2
f 2611/1/2 2610/2/2 2667/3/2
f 2681/1/2 2594/2/2 2593/3/2
f 2611/1/2 2667/2/2 2666/3/2
f 2682/1/2 2681/2/2 2593/3/2
f 2612/1/2 2611/2/2 2666/3/2
f 2682/1/2 2593/2/2 2592/3/2
f 2612/1/2 2666/2/2 2665/3/2
f 2683/1/2 2682/2/2 2592/3/2
f 2612/1/2 2665/2/2 2664/3/2
f 2684/1/2 2683/2/2 2592/3/2
f 2613/1/2 2612/2/2 2664/3/2
f 2684/1/2 2592/2/2 2591/3/2
f 2613/1/2 2664/2/2 2663/3/2
f 2685/1/2 2684/2/2 2591/3/2
f 2614/1/2 2613/2/2 2663/3/2
f 2685/1/2 2591/2/2 2590/3/2
f 2614/1/2 2663/2/2 2662/3/2
f 2638/1/2 2685/2/2 2590/3/2
f 2615/1/2 2614/2/2 2662/3/2
f 2615/1/2 2662/2/2 2661/3/2
f 2639/1/2 2638/2/2 2590/3/2
f 2639/1/2 2590/2/2 2637/3/2
f 2615/1/2 2661/2/2 2660/3/2
f 2640/1/2 2639/2/2 2637/3/2
f 2616/1/2 2615/2/2 2660/3/2
f 2640/1/2 2637/2/2 2636/3/2
f 2616/1/2 2660/2/2 2659/3/2
f 2641/1/2 2640/2/2 2636/3/2
f 2617/1/2 2616/2/2 2659/3/2
f 2641/1/2 2636/2/2 2635/3/2
f 2642/1/2 2641/2/2 2635/3/2
f 2617/1/2 2659/2/2 2658/3/2
f 2643/1/2 2642/2/2 2635/3/2
f 2617/1/2 2658/2/2 2657/3/2
f 2618/1/2 2617/2/2 2657/3/2
f 2643/1/2 2635/2/2 2634/3/2
f 2644/1/2 2643/2/2 2634/3/2
f 2618/1/2 2657/2/2 2656/3/2
f 2619/1/2 2618/2/2 2656/3/2
f 2644/1/2 2634/2/2 2633/3/2
f 2645/1/2 2644/2/2 2633/3/2
f 2619/1/2 2656/2/2 2655/3/2
f 2646/1/2 2645/2/2 2633/3/2
f 2619/1/2 2655/2/2 2654/3/2
f 2620/1/2 2619/2/2 2654/3/2
f 2646/1/2 2633/2/2 2632/3/2
f 2647/1/2 2646/2/2 2632/3/2
f 2620/1/2 2654/2/2 2653/3/2
f 2648/1/2 2647/2/2 2632/3/2
f 2620/1/2 2653/2/2 2652/3/2
f 2649/1/2 2648/2/2 2632/3/2
f 2620/1/2 2652/2/2 2651/3/2
f 2621/1/2 2620/2/2 2651/3/2
f 2649/1/2 2632/2/2 2631/3/2
f 2650/1/2 2649/2/2 2631/3/2
f 2621/1/2 2651/2/2 2650/3/2
f 2621/1/2 2650/2/2 2631/3/2
f 2622/1/2 2621/2/2 2631/3/2
f 2622/1/2 2631/2/2 2630/3/2
f 2623/1/2 2622/2/2 2630/3/2
f 2623/1/2 2630/2/2 2629/3/2
f 2624/1/2 2623/2/2 2629/3/2
f 2624/1/2 2629/2/2 2628/3/2
f 2625/1/2 2624/2/2 2628/3/2
f 2625/1/2 2628/2/2 2627/3/2
f 2626/1/2 2625/2/2 2627/3/2
f 2821/1/2 2820/2/2 2819/3/2
f 2822/1/4 2821/2/2 2819/3/2
f 2823/1/2 2822/2/4 2819/3/2
f 2823/1/2 2819/2/2 2818/3/2
f 2824/1/2 2823/2/2 2818/3/2
f 2825/1/2 2824/2/2 2818/3/2
f 2826/1/2 2825/2/2 2818/3/2
f 2826/1/2 2818/2/2 2817/3/2
f 2827/1/2 2826/2/2 2817/3/2
f 2828/1/2 2827/2/2 2817/3/2
f 2829/1/2 2828/2/2 2817/3/2
f 2829/1/2 2817/2/2 2816/3/2
f 2830/1/2 2829/2/2 2816/3/2
f 2831/1/2 2830/2/2 2816/3/2
f 2831/1/2 2816/2/2 2815/3/2
f 2832/1/2 2831/2/2 2815/3/2
f 2686/1/2 2832/2/2 2687/3/2
f 2687/1/2 2832/2/2 2688/3/2
f 2688/1/2 2832/2/2 2689/3/2
f 2689/1/2 2832/2/2 2690/3/2
f 2690/1/2 2832/2/2 2815/3/2
f 2690/1/2 2815/2/2 2691/3/2
f 2691/1/2 2815/2/2 2692/3/2
f 2692/1/2 2815/2/2 2814/3/2
f 2692/1/2 2814/2/2 2693/3/2
f 2693/1/2 2814/2/2 2694/3/2
f 2694/1/2 2814/2/2 2813/3/2
f 2694/1/2 2813/2/2 2695/3/5
f 2695/1/5 2813/2/2 2696/3/2
f 2696/1/2 2813/2/2 2697/3/4
f 2697/1/4 2813/2/2 2812/3/2
f 2697/1/4 2812/2/2 2698/3/2
f 2698/1/2 2812/2/2 2699/3/2
f 2699/1/2 2812/2/2 2811/3/2
f 2700/1/2 2699/2/2 2811/3/2
f 2701/1/2 2700/2/2 2811/3/2
f 2702/1/2 2701/2/2 2811/3/2
f 2702/1/2 2811/2/2 2810/3/2
f 2703/1/2 2702/2/2 2810/3/2
f 2704/1/2 2703/2/2 2810/3/2
f 2705/1/2 2704/2/2 2810/3/2
f 2705/1/2 2810/2/2 2809/3/2
f 2706/1/2 2705/2/2 2809/3/2
f 2707/1/2 2706/2/2 2809/3/2
f 2707/1/2 2809/2/2 2808/3/2
f 2708/1/2 2707/2/2 2808/3/2
f 2709/1/2 2708/2/2 2808/3/2
f 2709/1/2 2808/2/2 2807/3/2
f 2710/1/2 2709/2/2 2807/3/2
f 2711/1/2 2710/2/2 2807/3/2
f 2711/1/2 2807/2/2 2806/3/2
f 2712/1/2 2711/2/2 2806/3/2
f 2712/1/2 2806/2/2 2805/3/2
f 2713/1/2 2712/2/2 2805/3/2
f 2713/1/2 2805/2/2 2804/3/2
f 2714/1/2 2713/2/2 2804/3/2
f 2714/1/2 2804/2/2 2803/3/2
f 2715/1/2 2714/2/2 2803/3/2
f 2715/1/2 2803/2/2 2802/3/2
f 2716/1/2 2715/2/2 2802/3/2
f 2717/1/2 2716/2/2 2802/3/2
f 2717/1/2 2802/2/2 2801/3/2
f 2718/1/2 2717/2/2 2801/3/2
f 2718/1/2 2801/2/2 2800/3/2
f 2719/1/2 2718/2/2 2800/3/2
f 2720/1/2 2719/2/2 2800/3/2
f 2721/1/2 2720/2/2 2800/3/2
f 2721/1/2 2800/2/2 2799/3/2
f 2722/1/2 2721/2/2 2799/3/2
f 2723/1/2 2722/2/2 2799/3/2
f 2723/1/2 2799/2/2 2798/3/2
f 2723/1/2 2798/2/2 2797/3/2
f 2723/1/2 2797/2/2 2796/3/2
f 2723/1/2 2796/2/2 2795/3/2
f 2723/1/2 2795/2/2 2794/3/2
f 2723/1/2 2794/2/2 2793/3/2
f 2723/1/2 2793/2/2 2792/3/2
f 2723/1/2 2792/2/2 2791/3/2
f 2723/1/2 2791/2/2 2724/3/2
f 2724/1/2 2791/2/2 2790/3/2
f 2725/1/4 2724/2/2 2790/3/2
f 2726/1/2 2725/2/4 2790/3/2
f 2727/1/2 2726/2/2 2790/3/2
f 2727/1/2 2790/2/2 2789/3/2
f 2728/1/2 2727/2/2 2789/3/2
f 2729/1/2 2728/2/2 2789/3/2
f 2729/1/2 2789/2/2 2788/3/2
f 2730/1/2 2729/2/2 2788/3/2
f 2730/1/2 2788/2/2 2787/3/2
f 2731/1/2 2730/2/2 2787/3/2
f 2732/1/2 2731/2/2 2787/3/2
f 2732/1/2 2787/2/2 2786/3/2
f 2733/1/2 2732/2/2 2786/3/2
f 2733/1/2 2786/2/2 2785/3/2
f 2734/1/2 2733/2/2 2785/3/2
f 2734/1/2 2785/2/2 2784/3/2
f 2735/1/2 2734/2/2 2784/3/2
f 2735/1/2 2784/2/2 2783/3/2
f 2736/1/2 2735/2/2 2783/3/2
f 2737/1/2 2736/2/2 2783/3/2
f 2737/1/2 2783/2/2 2782/3/2
f 2738/1/2 2737/2/2 2782/3/2
f 2739/1/2 2738/2/2 2782/3/2
f 2739/1/2 2782/2/2 2781/3/2
f 2760/1/2 2759/2/2 2758/3/2
f 2740/1/2 2739/2/2 2781/3/2
f 2760/1/2 2758/2/2 2757/3/2
f 2741/1/2 2740/2/2 2781/3/2
f 2760/1/2 2757/2/2 2756/3/2
f 2741/1/2 2781/2/2 2780/3/2
f 2742/1/2 2741/2/2 2780/3/2
f 2760/1/2 2756/2/2 2755/3/2
f 2760/1/2 2755/2/2 2754/3/2
f 2743/1/2 2742/2/2 2780/3/2
f 2760/1/2 2754/2/2 2753/3/2
f 2744/1/2 2743/2/2 2780/3/2
f 2760/1/2 2753/2/2 2752/3/2
f 2760/1/2 2752/2/2 2751/3/2
f 2745/1/2 2744/2/2 2780/3/2
f 2745/1/2 2780/2/2 2779/3/2
f 2760/1/2 2751/2/2 2750/3/2
f 2746/1/2 2745/2/2 2779/3/2
f 2760/1/2 2750/2/2 2749/3/2
f 2760/1/2 2749/2/2 2748/3/2
f 2747/1/2 2746/2/2 2779/3/2
f 2760/1/2 2748/2/2 2747/3/2
f 2760/1/2 2747/2/2 2779/3/2
f 2760/1/2 2779/2/2 2778/3/2
f 2760/1/2 2778/2/2 2777/3/2
f 2760/1/2 2777/2/2 2776/3/2
f 2761/1/2 2760/2/2 2776/3/2
f 2762/1/2 2761/2/2 2776/3/2
f 2763/1/2 2762/2/2 2776/3/2
f 2763/1/2 2776/2/2 2775/3/2
f 2764/1/2 2763/2/2 2775/3/2
f 2765/1/2 2764/2/2 2775/3/2
f 2765/1/2 2775/2/2 2774/3/2
f 2766/1/2 2765/2/2 2774/3/2
f 2767/1/2 2766/2/2 2774/3/2
f 2768/1/2 2767/2/2 2774/3/2
f 2768/1/2 2774/2/2 2773/3/2
f 2769/1/2 2768/2/2 2773/3/2
f 2770/1/2 2769/2/2 2773/3/2
f 2770/1/2 2773/2/2 2772/3/2
f 2771/1/2 2770/2/2 2772/3/2
f 2846/1/2 2845/2/2 2844/3/2
f 2846/1/2 2844/2/2 2843/3/2
f 2847/1/2 2846/2/2 2843/3/2
f 2847/1/2 2843/2/2 2842/3/2
f 2848/1/2 2847/2/2 2842/3/2
f 2848/1/2 2842/2/2 2841/3/2
f 2849/1/2 2848/2/2 2841/3/2
f 2850/1/2 2849/2/2 2841/3/2
f 2850/1/2 2841/2/2 2840/3/2
f 2851/1/2 2850/2/2 2840/3/2
f 2851/1/2 2840/2/2 2917/3/2
f 2917/1/2 2840/2/2 2839/3/2
f 2851/1/2 2917/2/2 2916/3/2
f 2918/1/2 2917/2/2 2839/3/2
f 2851/1/2 2916/2/2 2915/3/2
f 2919/1/2 2918/2/2 2839/3/2
f 2852/1/2 2851/2/2 2915/3/2
f 2919/1/2 2839/2/2 2838/3/2
f 2852/1/2 2915/2/2 2914/3/2
f 2920/1/2 2919/2/2 2838/3/2
f 2852/1/2 2914/2/2 2913/3/2
f 2921/1/2 2920/2/2 2838/3/2
f 2852/1/2 2913/2/2 2912/3/2
f 2922/1/2 2921/2/2 2838/3/2
f 2853/1/2 2852/2/2 2912/3/2
f 2922/1/2 2838/2/2 2837/3/2
f 2853/1/2 2912/2/2 2911/3/2
f 2923/1/2 2922/2/2 2837/3/2
f 2853/1/2 2911/2/2 2910/3/2
f 2924/1/2 2923/2/2 2837/3/2
f 2854/1/2 2853/2/2 2910/3/2
f 2924/1/2 2837/2/2 2836/3/2
f 2854/1/2 2910/2/2 2909/3/2
f 2925/1/2 2924/2/2 2836/3/2
f 2855/1/2 2854/2/2 2909/3/2
f 2925/1/2 2836/2/2 2835/3/2
f 2855/1/2 2909/2/2 2908/3/2
f 2926/1/2 2925/2/2 2835/3/2
f 2855/1/2 2908/2/2 2907/3/2
f 2927/1/2 2926/2/2 2835/3/2
f 2856/1/2 2855/2/2 2907/3/2
f 2927/1/2 2835/2/2 2834/3/2
f 2856/1/2 2907/2/2 2906/3/2
f 2928/1/2 2927/2/2 2834/3/2
f 2857/1/2 2856/2/2 2906/3/2
f 2928/1/2 2834/2/2 2833/3/2
f 2857/1/2 2906/2/2 2905/3/2
f 2881/1/2 2928/2/2 2833/3/2
f 2858/1/2 2857/2/2 2905/3/2
f 2858/1/2 2905/2/2 2904/3/2
f 2882/1/2 2881/2/2 2833/3/2
f 2882/1/2 2833/2/2 2880/3/2
f 2858/1/2 2904/2/2 2903/3/2
f 2883/1/2 2882/2/2 2880/3/2
f 2859/1/2 2858/2/2 2903/3/2
f 2883/1/2 2880/2/2 2879/3/2
f 2859/1/2 2903/2/2 2902/3/2
f 2884/1/2 2883/2/2 2879/3/2
f 2860/1/2 2859/2/2 2902/3/2
f 2884/1/2 2879/2/2 2878/3/2
f 2885/1/2 2884/2/2 2878/3/2
f 2860/1/2 2902/2/2 2901/3/2
f 2886/1/2 2885/2/2 2878/3/2
f 2860/1/2 2901/2/2 2900/3/2
f 2861/1/2 2860/2/2 2900/3/2
f 2886/1/2 2878/2/2 2877/3/2
f 2887/1/2 2886/2/2 2877/3/2
f 2861/1/2 2900/2/2 2899/3/2
f 2862/1/2 2861/2/2 2899/3/2
f 2887/1/2 2877/2/2 2876/3/2
f 2888/1/2 2887/2/2 2876/3/2
f 2862/1/2 2899/2/2 2898/3/2
f 2889/1/2 2888/2/2 2876/3/2
f 2862/1/2 2898/2/2 2897/3/2
f 2863/1/2 2862/2/2 2897/3/2
f 2889/1/2 2876/2/2 2875/3/2
f 2890/1/2 2889/2/2 2875/3/2
f 2863/1/2 2897/2/2 2896/3/2
f 2891/1/2 2890/2/2 2875/3/2
f 2863/1/2 2896/2/2 2895/3/2
f 2892/1/2 2891/2/2 2875/3/2
f 2863/1/2 2895/2/2 2894/3/2
f 2864/1/2 2863/2/2 2894/3/2
f 2892/1/2 2875/2/2 2874/3/2
f 2893/1/2 2892/2/2 2874/3/2
f 2864/1/2 2894/2/2 2893/3/2
f 2864/1/2 2893/2/2 2874/3/2
f 2865/1/2 2864/2/2 2874/3/2
f 2865/1/2 2874/2/2 2873/3/2
f 2866/1/2 2865/2/2 2873/3/2
f 2866/1/2 2873/2/2 2872/3/2
f 2867/1/2 2866/2/2 2872/3/2
f 2867/1/2 2872/2/2 2871/3/2
f 2868/1/2 2867/2/2 2871/3/2
f 2868/1/2 2871/2/2 2870/3/2
f 2869/1/2 2868/2/2 2870/3/2
f 2234/1/2 2233/2/3 2232/3/2
f 2235/1/2 2234/2/2 2232/3/2
f 2235/1/2 2232/2/2 2231/3/2
f 2236/1/2 2235/2/2 2231/3/2
f 2236/1/2 2231/2/2 2230/3/2
f 2237/1/2 2236/2/2 2230/3/2
f 2237/1/2 2230/2/2 2229/3/2
f 2238/1/2 2237/2/2 2229/3/2
f 2238/1/2 2229/2/2 2228/3/2
f 2239/1/2 2238/2/2 2228/3/2
f 2239/1/2 2228/2/2 2227/3/2
f 2240/1/2 2239/2/2 2227/3/2
f 2240/1/2 2227/2/2 2226/3/2
f 2241/1/2 2240/2/2 2226/3/2
f 2241/1/2 2226/2/2 2329/3/2
f 2329/1/2 2226/2/2 2225/3/2
f 2241/1/2 2329/2/2 2328/3/2
f 2330/1/3 2329/2/2 2225/3/2
f 2241/1/2 2328/2/2 2327/3/2
f 2331/1/2 2330/2/3 2225/3/2
f 2242/1/2 2241/2/2 2327/3/2
f 2242/1/2 2327/2/2 2326/3/2
f 2331/1/2 2225/2/2 2224/3/2
f 2332/1/2 2331/2/2 2224/3/2
f 2242/1/2 2326/2/2 2325/3/2
f 2333/1/2 2332/2/2 2224/3/2
f 2242/1/2 2325/2/2 2324/3/2
f 2334/1/2 2333/2/2 2224/3/2
f 2242/1/2 2324/2/2 2323/3/2
f 2335/1/2 2334/2/2 2224/3/2
f 2243/1/2 2242/2/2 2323/3/2
f 2335/1/2 2224/2/2 2223/3/2
f 2243/1/2 2323/2/2 2322/3/2
f 2336/1/2 2335/2/2 2223/3/2
f 2243/1/2 2322/2/2 2321/3/2
f 2337/1/2 2336/2/2 2223/3/2
f 2243/1/2 2321/2/2 2320/3/2
f 2244/1/2 2243/2/2 2320/3/2
f 2338/1/2 2337/2/2 2223/3/2
f 2338/1/2 2223/2/2 2222/3/2
f 2244/1/2 2320/2/2 2319/3/2
f 2339/1/2 2338/2/2 2222/3/2
f 2244/1/2 2319/2/2 2318/3/2
f 2340/1/2 2339/2/2 2222/3/2
f 2245/1/2 2244/2/2 2318/3/2
f 2340/1/2 2222/2/2 2221/3/2
f 2245/1/2 2318/2/2 2317/3/2
f 2293/1/2 2340/2/2 2221/3/2
f 2245/1/2 2317/2/2 2316/3/2
f 2246/1/2 2245/2/2 2316/3/2
f 2294/1/2 2293/2/2 2221/3/2
f 2294/1/2 2221/2/2 2220/3/2
f 2246/1/2 2316/2/2 2315/3/2
f 2295/1/2 2294/2/2 2220/3/2
f 2247/1/2 2246/2/2 2315/3/2
f 2295/1/2 2220/2/2 2219/3/2
f 2247/1/2 2315/2/2 2314/3/2
f 2296/1/2 2295/2/2 2219/3/2
f 2296/1/2 2219/2/2 2218/3/2
f 2248/1/2 2247/2/2 2314/3/2
f 2248/1/2 2314/2/2 2313/3/2
f 2297/1/2 2296/2/2 2218/3/2
f 2297/1/2 2218/2/2 2217/3/2
f 2249/1/2 2248/2/2 2313/3/2
f 2249/1/2 2313/2/2 2312/3/2
f 2298/1/2 2297/2/2 2217/3/2
f 2298/1/2 2217/2/2 2216/3/2
f 2250/1/2 2249/2/2 2312/3/2
f 2250/1/2 2312/2/2 2311/3/2
f 2299/1/2 2298/2/2 2216/3/2
f 2299/1/2 2216/2/2 2215/3/2
f 2251/1/2 2250/2/2 2311/3/2
f 2251/1/2 2311/2/2 2310/3/2
f 2300/1/2 2299/2/2 2215/3/2
f 2300/1/2 2215/2/2 2214/3/2
f 2251/1/2 2310/2/2 2309/3/2
f 2301/1/2 2300/2/2 2214/3/2
f 2252/1/2 2251/2/2 2309/3/2
f 2252/1/2 2309/2/2 2308/3/2
f 2302/1/2 2301/2/2 2214/3/2
f 2302/1/2 2214/2/2 2213/3/2
f 2253/1/2 2252/2/2 2308/3/2
f 2253/1/2 2308/2/2 2307/3/2
f 2303/1/2 2302/2/2 2213/3/2
f 2253/1/2 2307/2/2 2306/3/2
f 2304/1/3 2303/2/2 2213/3/2
f 2253/1/2 2306/2/2 2305/3/2
f 2305/1/2 2304/2/3 2213/3/2
f 2253/1/2 2305/2/2 2213/3/2
f 2253/1/2 2213/2/2 2212/3/2
f 2254/1/2 2253/2/2 2212/3/2
f 2254/1/2 2212/2/2 2211/3/2
f 2255/1/2 2254/2/2 2211/3/2
f 2255/1/2 2211/2/2 2210/3/2
f 2256/1/2 2255/2/2 2210/3/2
f 2256/1/2 2210/2/2 2209/3/2
f 2257/1/2 2256/2/2 2209/3/2
f 2258/1/2 2257/2/2 2209/3/2
f 2258/1/2 2209/2/2 2208/3/2
f 2258/1/2 2208/2/2 2207/3/2
f 2259/1/2 2258/2/2 2207/3/2
f 2259/1/2 2207/2/2 2206/3/2
f 2260/1/2 2259/2/2 2206/3/2
f 2260/1/2 2206/2/2 2205/3/2
f 2261/1/2 2260/2/2 2205/3/2
f 2261/1/2 2205/2/2 2377/3/2
f 2377/1/2 2205/2/2 2204/3/2
f 2262/1/2 2261/2/2 2377/3/2
f 2262/1/2 2377/2/2 2376/3/6
f 2378/1/2 2377/2/2 2204/3/2
f 2262/1/2 2376/2/6 2375/3/2
f 2379/1/2 2378/2/2 2204/3/2
f 2262/1/2 2375/2/2 2374/3/2
f 2380/1/2 2379/2/2 2204/3/2
f 2380/1/2 2204/2/2 2203/3/2
f 2263/1/2 2262/2/2 2374/3/2
f 2263/1/2 2374/2/2 2373/3/2
f 2381/1/2 2380/2/2 2203/3/2
f 2263/1/2 2373/2/2 2372/3/2
f 2382/1/2 2381/2/2 2203/3/2
f 2382/1/2 2203/2/2 2202/3/2
f 2264/1/2 2263/2/2 2372/3/2
f 2264/1/2 2372/2/2 2371/3/2
f 2383/1/2 2382/2/2 2202/3/2
f 2264/1/2 2371/2/2 2370/3/2
f 2384/1/2 2383/2/2 2202/3/2
f 2265/1/2 2264/2/2 2370/3/2
f 2384/1/2 2202/2/2 2201/3/2
f 2265/1/2 2370/2/2 2369/3/2
f 2385/1/2 2384/2/2 2201/3/2
f 2266/1/2 2265/2/2 2369/3/2
f 2385/1/2 2201/2/2 2200/3/2
f 2266/1/2 2369/2/2 2368/3/2
f 2386/1/2 2385/2/2 2200/3/2
f 2266/1/2 2368/2/2 2367/3/2
f 2267/1/2 2266/2/2 2367/3/2
f 2387/1/2 2386/2/2 2200/3/2
f 2387/1/2 2200/2/2 2199/3/2
f 2267/1/2 2367/2/2 2366/3/2
f 2388/1/2 2387/2/2 2199/3/2
f 2268/1/2 2267/2/2 2366/3/2
f 2388/1/2 2199/2/2 2198/3/2
f 2268/1/2 2366/2/2 2365/3/2
f 2341/1/2 2388/2/2 2198/3/2
f 2269/1/2 2268/2/2 2365/3/2
f 2341/1/2 2198/2/2 2197/3/2
f 2269/1/2 2365/2/2 2364/3/2
f 2342/1/2 2341/2/2 2197/3/2
f 2270/1/2 2269/2/2 2364/3/2
f 2342/1/2 2197/2/2 2292/3/2
f 2343/1/2 2342/2/2 2292/3/2
f 2270/1/2 2364/2/2 2363/3/2
f 2344/1/2 2343/2/2 2292/3/2
f 2270/1/2 2363/2/2 2362/3/2
f 2271/1/2 2270/2/2 2362/3/2
f 2344/1/2 2292/2/2 2291/3/2
f 2345/1/2 2344/2/2 2291/3/2
f 2271/1/2 2362/2/2 2361/3/2
f 2346/1/2 2345/2/2 2291/3/2
f 2271/1/2 2361/2/2 2360/3/2
f 2272/1/2 2271/2/2 2360/3/2
f 2346/1/2 2291/2/2 2290/3/2
f 2347/1/2 2346/2/2 2290/3/2
f 2272/1/2 2360/2/2 2359/3/2
f 2348/1/2 2347/2/2 2290/3/2
f 2272/1/2 2359/2/2 2358/3/2
f 2273/1/2 2272/2/2 2358/3/2
f 2348/1/2 2290/2/2 2289/3/2
f 2349/1/2 2348/2/2 2289/3/2
f 2273/1/2 2358/2/2 2357/3/2
f 2350/1/2 2349/2/2 2289/3/2
f 2273/1/2 2357/2/2 2356/3/2
f 2351/1/2 2350/2/2 2289/3/2
f 2273/1/2 2356/2/2 2355/3/2
f 2352/1/2 2351/2/2 2289/3/2
f 2273/1/2 2355/2/2 2354/3/2
f 2274/1/2 2273/2/2 2354/3/2
f 2352/1/2 2289/2/2 2288/3/2
f 2353/1/2 2352/2/2 2288/3/2
f 2274/1/2 2354/2/2 2353/3/2
f 2274/1/2 2353/2/2 2288/3/2
f 2275/1/2 2274/2/2 2288/3/2
f 2275/1/2 2288/2/2 2287/3/2
f 2276/1/2 2275/2/2 2287/3/2
f 2276/1/2 2287/2/2 2286/3/2
f 2277/1/2 2276/2/2 2286/3/2
f 2277/1/2 2286/2/2 2285/3/2
f 2278/1/2 2277/2/2 2285/3/2
f 2278/1/2 2285/2/2 2284/3/2
f 2279/1/2 2278/2/2 2284/3/2
f 2279/1/2 2284/2/2 2283/3/2
f 2280/1/2 2279/2/2 2283/3/2
f 2280/1/2 2283/2/2 2282/3/2
f 2281/1/3 2280/2/2 2282/3/2
f 1487/1/7 2219/2/7 2220/3/8 1488/4/8
f 2008/1/9 2740/2/9 2741/3/10 2009/4/10
f 1594/1/11 2326/2/11 2327/3/12 1595/4/12
f 1521/1/13 2253/2/13 2254/3/14 1522/4/14
f 2099/1/15 2831/2/15 2832/3/16 2100/4/16
f 1744/1/17 2476/2/17 2477/3/18 1745/4/18
f 2108/1/19 2840/2/19 2841/3/20 2109/4/20
f 1601/1/21 2333/2/21 2334/3/22 1602/4/22
f 2013/1/23 2745/2/23 2746/3/24 2014/4/24
f 2022/1/25 2754/2/25 2755/3/26 2023/4/26
f 2186/1/27 2918/2/27 2919/3/28 2187/4/28
f 1858/1/29 2590/2/29 2591/3/30 1859/4/30
f 1842/1/31 2574/2/31 2575/3/32 1843/4/32
f 1767/1/33 2499/2/33 2500/3/34 1768/4/34
f 1931/1/35 2663/2/35 2664/3/36 1932/4/36
f 2115/1/37 2847/2/37 2848/3/38 2116/4/38
f 1503/1/39 2235/2/39 2236/3/40 1504/4/40
f 1512/1/41 2244/2/41 2245/3/42 1513/4/42
f 1676/1/43 2408/2/43 2409/3/44 1677/4/44
f 1699/1/45 2431/2/45 2432/3/46 1700/4/46
f 1760/1/47 2492/2/47 2493/3/48 1761/4/48
f 1865/1/19 2597/2/19 2598/3/20 1866/4/20
f 1956/1/49 2688/2/49 2689/3/50 1957/4/50
f 1617/1/51 2349/2/51 2350/3/52 1618/4/52
f 1765/1/33 2497/2/33 2498/3/33 1766/4/33
f 1610/1/53 2342/2/53 2343/3/54 1611/4/54
f 1483/1/55 2215/2/55 2216/3/56 1484/4/56
f 1874/1/57 2606/2/57 2607/3/58 1875/4/58
f 2029/1/59 2761/2/59 2762/3/60 2030/4/60
f 2124/1/61 2856/2/61 2857/3/62 2125/4/62
f 2131/1/63 2863/2/63 2864/3/64 2132/4/64
f 1519/1/65 2251/2/65 2252/3/66 1520/4/66
f 2169/1/67 2901/2/67 2902/3/68 2170/4/68
f 1645/1/69 2377/2/69 2378/3/70 1646/4/70
f 1535/1/71 2267/2/71 2268/3/72 1536/4/72
f 1776/1/73 2508/2/73 2509/3/74 1777/4/74
f 2038/1/75 2770/2/75 2771/3/76 2039/4/76
f 1947/1/77 2679/2/77 2680/3/78 1948/4/78
f 2024/1/79 2756/2/79 2757/3/80 2025/4/80
f 1783/1/81 2515/2/81 2516/3/82 1784/4/82
f 1692/1/29 2424/2/29 2425/3/83 1693/4/83
f 1633/1/84 2365/2/84 2366/3/85 1634/4/85
f 2045/1/86 2777/2/86 2778/3/87 2046/4/87
f 2192/1/88 2924/2/88 2925/3/89 2193/4/89
f 2159/1/90 2891/2/90 2892/3/91 2160/4/91
f 1986/1/92 2718/2/92 2719/3/93 1987/4/93
f 1890/1/94 2622/2/94 2623/3/95 1891/4/95
f 1963/1/96 2695/2/96 2696/3/97 1964/4/97
f 1731/1/98 2463/2/98 2464/3/99 1732/4/99
f 2147/1/100 2879/2/100 2880/3/101 2148/4/101
f 2054/1/102 2786/2/102 2787/3/103 2055/4/103
f 1708/1/104 2440/2/104 2441/3/105 1709/4/105
f 1881/1/61 2613/2/61 2614/3/62 1882/4/62
f 1476/1/106 2208/2/106 2209/3/107 1477/4/107
f 1792/1/108 2524/2/108 2525/3/109 1793/4/109
f 1799/1/110 2531/2/110 2532/3/111 1800/4/111
f 1621/1/112 2353/2/112 2354/3/113 1622/4/113
f 1781/1/33 2513/2/33 2514/3/33 1782/4/33
f 1626/1/114 2358/2/114 2359/3/115 1627/4/115
f 2002/1/116 2734/2/116 2735/3/117 2003/4/117
f 1544/1/118 2276/2/118 2277/3/119 1545/4/119
f 2093/1/120 2825/2/120 2826/3/121 2094/4/121
f 2140/1/122 2872/2/122 2873/3/123 2141/4/123
f 1747/1/124 2479/2/124 2480/3/125 1748/4/125
f 1497/1/126 2229/2/126 2230/3/127 1498/4/127
f 1492/1/128 2224/2/128 2225/3/129 1493/4/129
f 1897/1/122 2629/2/122 2630/3/123 1898/4/123
f 2018/1/130 2750/2/130 2751/3/131 2019/4/131
f 2061/1/132 2793/2/132 2794/3/133 2062/4/133
f 1508/1/134 2240/2/134 2241/3/135 1509/4/135
f 1905/1/101 2637/2/101 2590/3/29 1858/4/29
f 1551/1/136 2283/2/136 2284/3/137 1552/4/137
f 1808/1/138 2540/2/138 2541/3/139 1809/4/139
f 2156/1/140 2888/2/140 2889/3/141 2157/4/141
f 2034/1/142 2766/2/142 2767/3/143 2035/4/143
f 1906/1/62 2638/2/62 2639/3/144 1907/4/144
f 1779/1/145 2511/2/145 2512/3/146 1780/4/146
f 1913/1/140 2645/2/140 2646/3/141 1914/4/141
f 1524/1/147 2256/2/147 2257/3/148 1525/4/148
f 1485/1/149 2217/2/149 2218/3/150 1486/4/150
f 1658/1/151 2390/2/151 2391/3/151 1659/4/151
f 2100/1/62 2832/2/62 2686/3/62 1954/4/62
f 2070/1/152 2802/2/152 2803/3/153 2071/4/153
f 1742/1/154 2474/2/154 2475/3/155 1743/4/155
f 1665/1/156 2397/2/156 2398/3/156 1666/4/156
f 2077/1/157 2809/2/157 2810/3/158 2078/4/158
f 1815/1/159 2547/2/159 2548/3/160 1816/4/160
f 1999/1/161 2731/2/161 2732/3/162 2000/4/162
f 2172/1/163 2904/2/163 2905/3/29 2173/4/29
f 1545/1/119 2277/2/119 2278/3/164 1546/4/164
f 2179/1/165 2911/2/165 2912/3/166 2180/4/166
f 1824/1/167 2556/2/167 2557/3/168 1825/4/168
f 1797/1/169 2529/2/169 2530/3/170 1798/4/170
f 2194/1/171 2926/2/171 2927/3/172 2195/4/172
f 2086/1/173 2818/2/173 2819/3/174 2087/4/174
f 1526/1/175 2258/2/175 2259/3/176 1527/4/176
f 1542/1/177 2274/2/177 2275/3/178 1543/4/178
f 2066/1/179 2798/2/179 2799/3/180 2067/4/180
f 1681/1/181 2413/2/181 2414/3/182 1682/4/182
f 1831/1/33 2563/2/33 2564/3/183 1832/4/183
f 1501/1/184 2233/2/184 2234/3/185 1502/4/185
f 2056/1/186 2788/2/186 2789/3/187 2057/4/187
f 1811/1/188 2543/2/188 2544/3/189 1812/4/189
f 1938/1/190 2670/2/190 2671/3/191 1939/4/191
f 1576/1/192 2308/2/192 2309/3/193 1577/4/193
f 1758/1/194 2490/2/194 2491/3/195 1759/4/195
f 2195/1/172 2927/2/172 2928/3/196 2196/4/196
f 2183/1/197 2915/2/197 2916/3/198 2184/4/198
f 2015/1/199 2747/2/199 2748/3/200 2016/4/200
f 1929/1/163 2661/2/163 2662/3/29 1930/4/29
f 2040/1/201 2772/2/201 2773/3/202 2041/4/202
f 2049/1/203 2781/2/203 2782/3/204 2050/4/204
f 1674/1/205 2406/2/205 2407/3/206 1675/4/206
f 1697/1/207 2429/2/207 2430/3/208 1698/4/208
f 1583/1/209 2315/2/209 2316/3/210 1584/4/210
f 2082/1/211 2814/2/211 2815/3/212 2083/4/212
f 1954/1/213 2686/2/213 2687/3/214 1955/4/214
f 1840/1/215 2572/2/215 2573/3/216 1841/4/216
f 1517/1/217 2249/2/217 2250/3/218 1518/4/218
f 2188/1/219 2920/2/219 2921/3/220 2189/4/220
f 1827/1/221 2559/2/221 2560/3/222 1828/4/222
f 1713/1/223 2445/2/223 2446/3/224 1714/4/224
f 1774/1/225 2506/2/225 2507/3/226 1775/4/226
f 1813/1/227 2545/2/227 2546/3/228 1814/4/228
f 1572/1/229 2304/2/229 2305/3/230 1573/4/230
f 1970/1/231 2702/2/231 2703/3/232 1971/4/232
f 2031/1/233 2763/2/233 2764/3/234 2032/4/234
f 1558/1/235 2290/2/235 2291/3/236 1559/4/236
f 1560/1/237 2292/2/237 2197/3/238 1465/4/238
f 2011/1/239 2743/2/239 2744/3/240 2012/4/240
f 2109/1/20 2841/2/20 2842/3/241 2110/4/241
f 1469/1/242 2201/2/242 2202/3/243 1470/4/243
f 2072/1/244 2804/2/244 2805/3/245 2073/4/245
f 1945/1/219 2677/2/219 2678/3/220 1946/4/220
f 2098/1/246 2830/2/246 2831/3/15 2099/4/15
f 1599/1/247 2331/2/247 2332/3/248 1600/4/248
f 2102/1/30 2834/2/30 2835/3/249 2103/4/249
f 1690/1/250 2422/2/250 2423/3/251 1691/4/251
f 1843/1/32 2575/2/32 2576/3/252 1844/4/252
f 1856/1/253 2588/2/253 2589/3/151 1857/4/151
f 1847/1/254 2579/2/254 2580/3/255 1848/4/255
f 1588/1/256 2320/2/256 2321/3/257 1589/4/257
f 1729/1/258 2461/2/258 2462/3/259 1730/4/259
f 1983/1/260 2715/2/260 2716/3/261 1984/4/261
f 1961/1/262 2693/2/262 2694/3/263 1962/4/263
f 1533/1/264 2265/2/264 2266/3/265 1534/4/265
f 1829/1/266 2561/2/266 2562/3/267 1830/4/267
f 1706/1/268 2438/2/268 2439/3/269 1707/4/269
f 1790/1/270 2522/2/270 2523/3/271 1791/4/271
f 1977/1/272 2709/2/272 2710/3/273 1978/4/273
f 1574/1/274 2306/2/274 2307/3/275 1575/4/275
f 1857/1/29 2589/2/29 2563/3/29 1831/4/29
f 2047/1/276 2779/2/276 2780/3/277 2048/4/277
f 2088/1/278 2820/2/278 2821/3/279 2089/4/279
f 1467/1/280 2199/2/280 2200/3/281 1468/4/281
f 1745/1/18 2477/2/18 2478/3/282 1746/4/282
f 2125/1/62 2857/2/62 2858/3/283 2126/4/283
f 1493/1/129 2225/2/129 2226/3/284 1494/4/284
f 1724/1/285 2456/2/285 2457/3/286 1725/4/286
f 1490/1/287 2222/2/287 2223/3/288 1491/4/288
f 1615/1/289 2347/2/289 2348/3/290 1616/4/290
f 2118/1/58 2850/2/58 2851/3/291 2119/4/291
f 1474/1/292 2206/2/292 2207/3/293 1475/4/293
f 1993/1/294 2725/2/294 2726/3/295 1994/4/295
f 2114/1/296 2846/2/296 2847/3/37 2115/4/37
f 2004/1/297 2736/2/297 2737/3/298 2005/4/298
f 1872/1/37 2604/2/37 2605/3/38 1873/4/38
f 1863/1/299 2595/2/299 2596/3/300 1864/4/300
f 1845/1/301 2577/2/301 2578/3/302 1846/4/302
f 1859/1/30 2591/2/30 2592/3/249 1860/4/249
f 2046/1/87 2778/2/87 2779/3/276 2047/4/276
f 1604/1/303 2336/2/303 2337/3/304 1605/4/304
f 1546/1/164 2278/2/164 2279/3/305 1547/4/305
f 1549/1/306 2281/2/306 2282/3/202 1550/4/202
f 1740/1/307 2472/2/307 2473/3/308 1741/4/308
f 2130/1/309 2862/2/309 2863/3/63 2131/4/63
f 2079/1/310 2811/2/310 2812/3/311 2080/4/311
f 2141/1/123 2873/2/123 2874/3/312 2142/4/312
f 1806/1/313 2538/2/313 2539/3/314 1807/4/314
f 2104/1/315 2836/2/315 2837/3/316 2105/4/316
f 2009/1/10 2741/2/10 2742/3/317 2010/4/317
f 1875/1/58 2607/2/58 2608/3/291 1876/4/291
f 1761/1/48 2493/2/48 2494/3/318 1762/4/318
f 1631/1/319 2363/2/319 2364/3/320 1632/4/320
f 2134/1/95 2866/2/95 2867/3/321 2135/4/321
f 2063/1/322 2795/2/322 2796/3/323 2064/4/323
f 1499/1/324 2231/2/324 2232/3/325 1500/4/325
f 1620/1/326 2352/2/326 2353/3/112 1621/4/112
f 1506/1/327 2238/2/327 2239/3/328 1507/4/328
f 1888/1/63 2620/2/63 2621/3/64 1889/4/64
f 1879/1/329 2611/2/329 2612/3/330 1880/4/330
f 1756/1/331 2488/2/331 2489/3/332 1757/4/332
f 2020/1/333 2752/2/333 2753/3/334 2021/4/334
f 1624/1/335 2356/2/335 2357/3/336 1625/4/336
f 1777/1/74 2509/2/74 2510/3/337 1778/4/337
f 2157/1/141 2889/2/141 2890/3/338 2158/4/338
f 1565/1/339 2297/2/339 2298/3/340 1566/4/340
f 1988/1/341 2720/2/341 2721/3/342 1989/4/342
f 2025/1/80 2757/2/80 2758/3/343 2026/4/343
f 1522/1/14 2254/2/14 2255/3/344 1523/4/344
f 1647/1/345 2379/2/345 2380/3/346 1648/4/346
f 2150/1/144 2882/2/144 2883/3/347 2151/4/347
f 1822/1/348 2554/2/348 2555/3/349 1823/4/349
f 1556/1/350 2288/2/350 2289/3/351 1557/4/351
f 2036/1/352 2768/2/352 2769/3/353 2037/4/353
f 1904/1/100 2636/2/100 2637/3/101 1905/4/101
f 1895/1/354 2627/2/354 2628/3/355 1896/4/355
f 1861/1/315 2593/2/315 2594/3/316 1862/4/316
f 1772/1/356 2504/2/356 2505/3/357 1773/4/357
f 2146/1/358 2878/2/358 2879/3/100 2147/4/100
f 1640/1/359 2372/2/359 2373/3/360 1641/4/360
f 1606/1/361 2338/2/361 2339/3/362 1607/4/362
f 2137/1/33 2869/2/33 2870/3/354 2138/4/354
f 1891/1/95 2623/2/95 2624/3/321 1892/4/321
f 2120/1/363 2852/2/363 2853/3/364 2121/4/364
f 2041/1/202 2773/2/202 2774/3/365 2042/4/365
f 1636/1/366 2368/2/366 2369/3/367 1637/4/367
f 1531/1/368 2263/2/368 2264/3/369 1532/4/369
f 2012/1/240 2744/2/240 2745/3/23 2013/4/23
f 2196/1/196 2928/2/196 2881/3/62 2149/4/62
f 1788/1/370 2520/2/370 2521/3/371 1789/4/371
f 1465/1/238 2197/2/238 2198/3/372 1466/4/372
f 1587/1/373 2319/2/373 2320/3/256 1588/4/256
f 1972/1/374 2704/2/374 2705/3/375 1973/4/375
f 1911/1/376 2643/2/376 2644/3/377 1912/4/377
f 1722/1/378 2454/2/378 2455/3/379 1723/4/379
f 1793/1/109 2525/2/109 2526/3/380 1794/4/380
f 2182/1/191 2914/2/191 2915/3/197 2183/4/197
f 2051/1/381 2783/2/381 2784/3/382 2052/4/382
f 1979/1/383 2711/2/383 2712/3/384 1980/4/384
f 1927/1/68 2659/2/68 2660/3/385 1928/4/385
f 1907/1/144 2639/2/144 2640/3/347 1908/4/347
f 1481/1/386 2213/2/386 2214/3/387 1482/4/387
f 2052/1/382 2784/2/382 2785/3/388 2053/4/388
f 1663/1/33 2395/2/33 2396/3/33 1664/4/33
f 1672/1/389 2404/2/389 2405/3/390 1673/4/390
f 1581/1/391 2313/2/391 2314/3/392 1582/4/392
f 1877/1/363 2609/2/363 2610/3/364 1878/4/364
f 1738/1/393 2470/2/393 2471/3/394 1739/4/394
f 1838/1/395 2570/2/395 2571/3/396 1839/4/396
f 1622/1/113 2354/2/113 2355/3/397 1623/4/397
f 1547/1/305 2279/2/305 2280/3/398 1548/4/398
f 1995/1/399 2727/2/399 2728/3/400 1996/4/400
f 2095/1/401 2827/2/401 2828/3/402 2096/4/402
f 2136/1/403 2868/2/403 2869/3/33 2137/4/33
f 1804/1/404 2536/2/404 2537/3/405 1805/4/405
f 1597/1/406 2329/2/406 2330/3/407 1598/4/407
f 1971/1/232 2703/2/232 2704/3/374 1972/4/374
f 1854/1/408 2586/2/408 2587/3/409 1855/4/409
f 2178/1/410 2910/2/410 2911/3/165 2179/4/165
f 1920/1/411 2652/2/411 2653/3/412 1921/4/412
f 1809/1/139 2541/2/139 2542/3/413 1810/4/413
f 2111/1/414 2843/2/414 2844/3/415 2112/4/415
f 2073/1/245 2805/2/245 2806/3/416 2074/4/416
f 1923/1/417 2655/2/417 2656/3/418 1924/4/418
f 1554/1/419 2286/2/419 2287/3/420 1555/4/420
f 1943/1/27 2675/2/27 2676/3/28 1944/4/28
f 1668/1/273 2400/2/273 2401/3/421 1669/4/421
f 2189/1/220 2921/2/220 2922/3/77 2190/4/77
f 1688/1/422 2420/2/422 2421/3/423 1689/4/423
f 1893/1/403 2625/2/403 2626/3/33 1894/4/33
f 2068/1/424 2800/2/424 2801/3/425 2069/4/425
f 1679/1/426 2411/2/426 2412/3/427 1680/4/427
f 1613/1/428 2345/2/428 2346/3/429 1614/4/429
f 1820/1/430 2552/2/430 2553/3/431 1821/4/431
f 1870/1/151 2602/2/151 2603/3/296 1871/4/296
f 1939/1/191 2671/2/191 2672/3/197 1940/4/197
f 1825/1/168 2557/2/168 2558/3/432 1826/4/432
f 1695/1/433 2427/2/433 2428/3/434 1696/4/434
f 1959/1/435 2691/2/435 2692/3/436 1960/4/436
f 2127/1/437 2859/2/437 2860/3/438 2128/4/438
f 2152/1/439 2884/2/439 2885/3/440 2153/4/440
f 1684/1/441 2416/2/441 2417/3/442 1685/4/442
f 1570/1/443 2302/2/443 2303/3/444 1571/4/444
f 1952/1/172 2684/2/172 2685/3/196 1953/4/196
f 1704/1/445 2436/2/445 2437/3/446 1705/4/446
f 1909/1/439 2641/2/439 2642/3/440 1910/4/440
f 1513/1/42 2245/2/42 2246/3/447 1514/4/447
f 2084/1/448 2816/2/448 2817/3/449 2085/4/449
f 1566/1/340 2298/2/340 2299/3/450 1567/4/450
f 1484/1/56 2216/2/56 2217/3/149 1485/4/149
f 1629/1/451 2361/2/451 2362/3/452 1630/4/452
f 1654/1/453 2386/2/453 2387/3/454 1655/4/454
f 2089/1/279 2821/2/279 2822/3/455 2090/4/455
f 1770/1/456 2502/2/456 2503/3/457 1771/4/457
f 1975/1/458 2707/2/458 2708/3/459 1976/4/459
f 1886/1/460 2618/2/460 2619/3/309 1887/4/309
f 2168/1/461 2900/2/461 2901/3/67 2169/4/67
f 1579/1/462 2311/2/462 2312/3/463 1580/4/463
f 2027/1/62 2759/2/62 2760/3/62 2028/4/62
f 1711/1/464 2443/2/464 2444/3/465 1712/4/465
f 2143/1/466 2875/2/466 2876/3/467 2144/4/467
f 1836/1/468 2568/2/468 2569/3/469 1837/4/469
f 1968/1/470 2700/2/470 2701/3/471 1969/4/471
f 1955/1/214 2687/2/214 2688/3/49 1956/4/49
f 1925/1/461 2657/2/461 2658/3/67 1926/4/67
f 1700/1/46 2432/2/46 2433/3/472 1701/4/472
f 1529/1/473 2261/2/473 2262/3/474 1530/4/474
f 1841/1/216 2573/2/216 2574/3/31 1842/4/31
f 2166/1/417 2898/2/417 2899/3/418 2167/4/418
f 1670/1/475 2402/2/475 2403/3/476 1671/4/476
f 1786/1/477 2518/2/477 2519/3/478 1787/4/478
f 2184/1/198 2916/2/198 2917/3/33 2185/4/33
f 2043/1/479 2775/2/479 2776/3/480 2044/4/480
f 1982/1/481 2714/2/481 2715/3/260 1983/4/260
f 1902/1/482 2634/2/482 2635/3/358 1903/4/358
f 1494/1/284 2226/2/284 2227/3/483 1495/4/483
f 1727/1/484 2459/2/484 2460/3/485 1728/4/485
f 2074/1/416 2806/2/416 2807/3/486 2075/4/486
f 2105/1/316 2837/2/316 2838/3/299 2106/4/299
f 1607/1/362 2339/2/362 2340/3/487 1608/4/487
f 1602/1/22 2334/2/22 2335/3/488 1603/4/488
f 1472/1/489 2204/2/489 2205/3/490 1473/4/490
f 1595/1/12 2327/2/12 2328/3/491 1596/4/491
f 1715/1/492 2447/2/492 2400/3/273 1668/4/273
f 2116/1/38 2848/2/38 2849/3/57 2117/4/57
f 1852/1/493 2584/2/493 2585/3/494 1853/4/494
f 2059/1/495 2791/2/495 2792/3/496 2060/4/496
f 1998/1/497 2730/2/497 2731/3/161 1999/4/161
f 1648/1/346 2380/2/346 2381/3/498 1649/4/498
f 1743/1/155 2475/2/155 2476/3/17 1744/4/17
f 1941/1/198 2673/2/198 2674/3/33 1942/4/33
f 2121/1/364 2853/2/364 2854/3/329 2122/4/329
f 1477/1/499 2209/2/499 2210/3/442 1478/4/442
f 1873/1/38 2605/2/38 2606/3/57 1874/4/57
f 1488/1/8 2220/2/8 2221/3/500 1489/4/500
f 1686/1/501 2418/2/501 2419/3/502 1687/4/502
f 1611/1/54 2343/2/54 2344/3/503 1612/4/503
f 1734/1/504 2466/2/504 2467/3/505 1735/4/505
f 1650/1/506 2382/2/506 2383/3/507 1651/4/507
f 1618/1/52 2350/2/52 2351/3/508 1619/4/508
f 1661/1/151 2393/2/151 2394/3/151 1662/4/151
f 1868/1/414 2600/2/414 2601/3/415 1869/4/415
f 1991/1/509 2723/2/509 2724/3/510 1992/4/510
f 2132/1/64 2864/2/64 2865/3/94 2133/4/94
f 2014/1/24 2746/2/24 2747/3/199 2015/4/199
f 1818/1/511 2550/2/511 2551/3/512 1819/4/512
f 1759/1/195 2491/2/195 2492/3/47 1760/4/47
f 2175/1/36 2907/2/36 2908/3/513 2176/4/513
f 2075/1/486 2807/2/486 2808/3/514 2076/4/514
f 1504/1/40 2236/2/40 2237/3/515 1505/4/515
f 1957/1/50 2689/2/50 2690/3/516 1958/4/516
f 1930/1/29 2662/2/29 2663/3/35 1931/4/35
f 2030/1/60 2762/2/60 2763/3/233 2031/4/233
f 1702/1/517 2434/2/517 2435/3/518 1703/4/518
f 1627/1/115 2359/2/115 2360/3/519 1628/4/519
f 1750/1/520 2482/2/520 2483/3/521 1751/4/521
f 1889/1/64 2621/2/64 2622/3/94 1890/4/94
f 1775/1/226 2507/2/226 2508/3/73 1776/4/73
f 1677/1/44 2409/2/44 2410/3/522 1678/4/522
f 1884/1/437 2616/2/437 2617/3/438 1885/4/438
f 2007/1/523 2739/2/523 2740/3/9 2008/4/9
f 1634/1/85 2366/2/85 2367/3/524 1635/4/524
f 1520/1/66 2252/2/66 2253/3/13 1521/4/13
f 1934/1/525 2666/2/525 2667/3/410 1935/4/410
f 2191/1/78 2923/2/78 2924/3/88 2192/4/88
f 1973/1/375 2705/2/375 2706/3/526 1974/4/526
f 1754/1/527 2486/2/527 2487/3/528 1755/4/528
f 1718/1/529 2450/2/529 2451/3/530 1719/4/530
f 1577/1/193 2309/2/193 2310/3/531 1578/4/531
f 1720/1/532 2452/2/532 2453/3/533 1721/4/533
f 2153/1/440 2885/2/440 2886/3/376 2154/4/376
f 1509/1/135 2241/2/135 2242/3/534 1510/4/534
f 1834/1/535 2566/2/535 2567/3/536 1835/4/536
f 1580/1/463 2312/2/463 2313/3/391 1581/4/391
f 1473/1/490 2205/2/490 2206/3/292 1474/4/292
f 1643/1/537 2375/2/537 2376/3/538 1644/4/538
f 1766/1/29 2498/2/29 2499/3/29 1767/4/29
f 1791/1/271 2523/2/271 2524/3/108 1792/4/108
f 1693/1/83 2425/2/83 2426/3/539 1694/4/539
f 1642/1/540 2374/2/540 2375/3/537 1643/4/537
f 1900/1/466 2632/2/466 2633/3/467 1901/4/467
f 2023/1/26 2755/2/26 2756/3/79 2024/4/79
f 1536/1/72 2268/2/72 2269/3/541 1537/4/541
f 1950/1/89 2682/2/89 2683/3/171 1951/4/171
f 1989/1/342 2721/2/342 2722/3/542 1990/4/542
f 1561/1/543 2293/2/543 2294/3/544 1562/4/544
f 1479/1/545 2211/2/545 2212/3/546 1480/4/546
f 1736/1/547 2468/2/547 2469/3/548 1737/4/548
f 2033/1/549 2765/2/549 2766/3/142 2034/4/142
f 1525/1/550 2257/2/550 2258/3/175 1526/4/175
f 2062/1/133 2794/2/133 2795/3/322 2063/4/322
f 1782/1/551 2514/2/551 2515/3/81 1783/4/81
f 2164/1/412 2896/2/412 2897/3/552 2165/4/552
f 1807/1/314 2539/2/314 2540/3/138 1808/4/138
f 1659/1/553 2391/2/553 2392/3/553 1660/4/553
f 1726/1/554 2458/2/554 2459/3/484 1727/4/484
f 2162/1/555 2894/2/555 2895/3/411 2163/4/411
f 1552/1/137 2284/2/137 2285/3/556 1553/4/556
f 1709/1/105 2441/2/105 2442/3/557 1710/4/557
f 2005/1/298 2737/2/298 2738/3/558 2006/4/558
f 1916/1/90 2648/2/90 2649/3/91 1917/4/91
f 1593/1/559 2325/2/559 2326/3/11 1594/4/11
f 1966/1/560 2698/2/560 2699/3/561 1967/4/561
f 1495/1/483 2227/2/483 2228/3/562 1496/4/562
f 1850/1/563 2582/2/563 2583/3/564 1851/4/564
f 1632/1/320 2364/2/320 2365/3/84 1633/4/84
f 1752/1/565 2484/2/565 2485/3/566 1753/4/566
f 1541/1/567 2273/2/567 2274/3/177 1542/4/177
f 2107/1/300 2839/2/300 2840/3/19 2108/4/19
f 1921/1/412 2653/2/412 2654/3/552 1922/4/552
f 1725/1/286 2457/2/286 2458/3/554 1726/4/554
f 1798/1/170 2530/2/170 2531/3/110 1799/4/110
f 1652/1/568 2384/2/568 2385/3/569 1653/4/569
f 1666/1/33 2398/2/33 2399/3/33 1667/4/33
f 1590/1/570 2322/2/570 2323/3/571 1591/4/571
f 1470/1/243 2202/2/243 2203/3/572 1471/4/572
f 2055/1/103 2787/2/103 2788/3/186 2056/4/186
f 2180/1/166 2912/2/166 2913/3/190 2181/4/190
f 2078/1/158 2810/2/158 2811/3/310 2079/4/310
f 1638/1/573 2370/2/573 2371/3/574 1639/4/574
f 1823/1/349 2555/2/349 2556/3/167 1824/4/167
f 1984/1/261 2716/2/261 2717/3/575 1985/4/575
f 2057/1/187 2789/2/187 2790/3/576 2058/4/576
f 2185/1/33 2917/2/33 2918/3/27 2186/4/27
f 1608/1/487 2340/2/487 2293/3/543 1561/4/543
f 2171/1/385 2903/2/385 2904/3/163 2172/4/163
f 1568/1/577 2300/2/577 2301/3/578 1569/4/578
f 1795/1/579 2527/2/579 2528/3/109 1796/4/109
f 1937/1/166 2669/2/166 2670/3/190 1938/4/190
f 1675/1/206 2407/2/206 2408/3/43 1676/4/43
f 1609/1/580 2341/2/580 2342/3/53 1610/4/53
f 1682/1/182 2414/2/182 2415/3/581 1683/4/581
f 1741/1/308 2473/2/308 2474/3/154 1742/4/154
f 2021/1/334 2753/2/334 2754/3/25 2022/4/25
f 1932/1/36 2664/2/36 2665/3/513 1933/4/513
f 1866/1/20 2598/2/20 2599/3/241 1867/4/241
f 1486/1/150 2218/2/150 2219/3/7 1487/4/7
f 1511/1/582 2243/2/582 2244/3/41 1512/4/41
f 2123/1/330 2855/2/330 2856/3/61 2124/4/61
f 2094/1/121 2826/2/121 2827/3/401 2095/4/401
f 2000/1/162 2732/2/162 2733/3/583 2001/4/583
f 1768/1/34 2500/2/34 2501/3/584 1769/4/584
f 1698/1/208 2430/2/208 2431/3/45 1699/4/45
f 1839/1/396 2571/2/396 2572/3/215 1840/4/215
f 1940/1/197 2672/2/197 2673/3/198 1941/4/198
f 1584/1/210 2316/2/210 2317/3/585 1585/4/585
f 1757/1/332 2489/2/332 2490/3/194 1758/4/194
f 1969/1/471 2701/2/471 2702/3/231 1970/4/231
f 2110/1/241 2842/2/241 2843/3/414 2111/4/414
f 1502/1/185 2234/2/185 2235/3/39 1503/4/39
f 1557/1/351 2289/2/351 2290/3/235 1558/4/235
f 1614/1/429 2346/2/429 2347/3/289 1615/4/289
f 1714/1/224 2446/2/224 2447/3/492 1715/4/492
f 1855/1/409 2587/2/409 2588/3/253 1856/4/253
f 2016/1/200 2748/2/200 2749/3/586 2017/4/586
f 1814/1/228 2546/2/228 2547/3/159 1815/4/159
f 1625/1/336 2357/2/336 2358/3/114 1626/4/114
f 1600/1/248 2332/2/248 2333/3/21 1601/4/21
f 1528/1/587 2260/2/587 2261/3/473 1529/4/473
f 1691/1/251 2423/2/251 2424/3/29 1692/4/29
f 2071/1/153 2803/2/153 2804/3/244 2072/4/244
f 1882/1/62 2614/2/62 2615/3/283 1883/4/283
f 1773/1/357 2505/2/357 2506/3/225 1774/4/225
f 2037/1/353 2769/2/353 2770/3/75 2038/4/75
f 1948/1/78 2680/2/78 2681/3/88 1949/4/88
f 2139/1/355 2871/2/355 2872/3/122 2140/4/122
f 1518/1/218 2250/2/218 2251/3/65 1519/4/65
f 1527/1/176 2259/2/176 2260/3/587 1528/4/587
f 1707/1/269 2439/2/269 2440/3/104 1708/4/104
f 1641/1/360 2373/2/360 2374/3/540 1642/4/540
f 1985/1/575 2717/2/575 2718/3/92 1986/4/92
f 1592/1/588 2324/2/588 2325/3/559 1593/4/559
f 2032/1/234 2764/2/234 2765/3/549 2033/4/549
f 1784/1/82 2516/2/82 2517/3/589 1785/4/589
f 1964/1/97 2696/2/97 2697/3/590 1965/4/590
f 2101/1/29 2833/2/29 2834/3/30 2102/4/30
f 1898/1/123 2630/2/123 2631/3/312 1899/4/312
f 1475/1/293 2207/2/293 2208/3/106 1476/4/106
f 1978/1/273 2710/2/273 2711/3/383 1979/4/383
f 2155/1/377 2887/2/377 2888/3/140 2156/4/140
f 1732/1/99 2464/2/99 2465/3/591 1733/4/591
f 2126/1/283 2858/2/283 2859/3/437 2127/4/437
f 1981/1/592 2713/2/592 2714/3/481 1982/4/481
f 1723/1/379 2455/2/379 2456/3/285 1724/4/285
f 1573/1/230 2305/2/230 2306/3/274 1574/4/274
f 2001/1/583 2733/2/583 2734/3/116 2002/4/116
f 1871/1/296 2603/2/296 2604/3/37 1872/4/37
f 1789/1/371 2521/2/371 2522/3/270 1790/4/270
f 1591/1/571 2323/2/571 2324/3/588 1592/4/588
f 1468/1/281 2200/2/281 2201/3/242 1469/4/242
f 1491/1/288 2223/2/288 2224/3/128 1492/4/128
f 1616/1/290 2348/2/290 2349/3/51 1617/4/51
f 2053/1/388 2785/2/388 2786/3/102 2054/4/102
f 1994/1/295 2726/2/295 2727/3/399 1995/4/399
f 2087/1/174 2819/2/174 2820/3/278 2088/4/278
f 1538/1/593 2270/2/593 2271/3/594 1539/4/594
f 1748/1/125 2480/2/125 2481/3/595 1749/4/595
f 2048/1/277 2780/2/277 2781/3/203 2049/4/203
f 1543/1/178 2275/2/178 2276/3/118 1544/4/118
f 1739/1/394 2471/2/394 2472/3/307 1740/4/307
f 1656/1/596 2388/2/596 2341/3/580 1609/4/580
f 1960/1/436 2692/2/436 2693/3/262 1961/4/262
f 2142/1/312 2874/2/312 2875/3/466 2143/4/466
f 1800/1/111 2532/2/111 2533/3/597 1801/4/597
f 1657/1/598 2389/2/598 2390/3/598 1658/4/598
f 2017/1/586 2749/2/586 2750/3/130 2018/4/130
f 1887/1/309 2619/2/309 2620/3/63 1888/4/63
f 1914/1/141 2646/2/141 2647/3/338 1915/4/338
f 1763/1/512 2495/2/512 2448/3/599 1716/4/599
f 1589/1/257 2321/2/257 2322/3/570 1590/4/570
f 1507/1/328 2239/2/328 2240/3/134 1508/4/134
f 1805/1/405 2537/2/405 2538/3/600 1806/4/600
f 1846/1/302 2578/2/302 2579/3/254 1847/4/254
f 1764/1/62 2496/2/62 2497/3/62 1765/4/62
f 1550/1/202 2282/2/202 2283/3/136 1551/4/136
f 2069/1/425 2801/2/425 2802/3/152 2070/4/152
f 2103/1/249 2835/2/249 2836/3/315 2104/4/315
f 2064/1/601 2796/2/601 2797/3/602 2065/4/602
f 1559/1/236 2291/2/236 2292/3/237 1560/4/237
f 2158/1/338 2890/2/338 2891/3/90 2159/4/90
f 1816/1/160 2548/2/160 2549/3/603 1817/4/603
f 1667/1/604 2399/2/604 2389/3/604 1657/4/604
f 1922/1/552 2654/2/552 2655/3/417 1923/4/417
f 1903/1/358 2635/2/358 2636/3/100 1904/4/100
f 2010/1/317 2742/2/317 2743/3/239 2011/4/239
f 1755/1/528 2487/2/528 2488/3/331 1756/4/331
f 1673/1/390 2405/2/390 2406/3/205 1674/4/205
f 1523/1/344 2255/2/344 2256/3/147 1524/4/147
f 1500/1/325 2232/2/325 2233/3/184 1501/4/184
f 1780/1/146 2512/2/146 2513/3/605 1781/4/605
f 1821/1/431 2553/2/431 2554/3/348 1822/4/348
f 2085/1/449 2817/2/449 2818/3/173 2086/4/173
f 2187/1/28 2919/2/28 2920/3/219 2188/4/219
f 1575/1/275 2307/2/275 2308/3/192 1576/4/192
f 1689/1/423 2421/2/423 2422/3/250 1690/4/250
f 2080/1/311 2812/2/311 2813/3/606 2081/4/606
f 1832/1/183 2564/2/183 2565/3/607 1833/4/607
f 1586/1/381 2318/2/381 2319/3/373 1587/4/373
f 1534/1/265 2266/2/265 2267/3/71 1535/4/71
f 1946/1/220 2678/2/220 2679/3/77 1947/4/77
f 2026/1/343 2758/2/343 2759/3/608 2027/4/608
f 2067/1/180 2799/2/180 2800/3/424 2068/4/424
f 1936/1/165 2668/2/165 2669/3/166 1937/4/166
f 1771/1/457 2503/2/457 2504/3/356 1772/4/356
f 1605/1/304 2337/2/304 2338/3/361 1606/4/361
f 1705/1/446 2437/2/446 2438/3/268 1706/4/268
f 2174/1/35 2906/2/35 2907/3/36 2175/4/36
f 1516/1/609 2248/2/609 2249/3/217 1517/4/217
f 1862/1/316 2594/2/316 2595/3/299 1863/4/299
f 1962/1/263 2694/2/263 2695/3/96 1963/4/96
f 1919/1/555 2651/2/555 2652/3/411 1920/4/411
f 1837/1/469 2569/2/469 2570/3/395 1838/4/395
f 2058/1/576 2790/2/576 2791/3/495 2059/4/495
f 2119/1/291 2851/2/291 2852/3/363 2120/4/363
f 1721/1/533 2453/2/533 2454/3/378 1722/4/378
f 1539/1/594 2271/2/594 2272/3/610 1540/4/610
f 1664/1/29 2396/2/29 2397/3/29 1665/4/29
f 1582/1/392 2314/2/392 2315/3/209 1583/4/209
f 1567/1/450 2299/2/450 2300/3/577 1568/4/577
f 1515/1/611 2247/2/611 2248/3/609 1516/4/609
f 1466/1/372 2198/2/372 2199/3/280 1467/4/280
f 1796/1/109 2528/2/109 2529/3/169 1797/4/169
f 2096/1/402 2828/2/402 2829/3/612 2097/4/612
f 2042/1/365 2774/2/365 2775/3/479 2043/4/479
f 1980/1/384 2712/2/384 2713/3/592 1981/4/592
f 1853/1/494 2585/2/494 2586/3/408 1854/4/408
f 1787/1/478 2519/2/478 2520/3/370 1788/4/370
f 1737/1/548 2469/2/548 2470/3/393 1738/4/393
f 1953/1/196 2685/2/196 2638/3/62 1906/4/62
f 1598/1/407 2330/2/407 2331/3/247 1599/4/247
f 1532/1/369 2264/2/369 2265/3/264 1533/4/264
f 1482/1/387 2214/2/387 2215/3/55 1483/4/55
f 2065/1/602 2797/2/602 2798/3/179 2066/4/179
f 2190/1/77 2922/2/77 2923/3/78 2191/4/78
f 2112/1/415 2844/2/415 2845/3/151 2113/4/151
f 1996/1/400 2728/2/400 2729/3/613 1997/4/613
f 1555/1/420 2287/2/420 2288/3/350 1556/4/350
f 1935/1/410 2667/2/410 2668/3/165 1936/4/165
f 1848/1/255 2580/2/255 2581/3/614 1849/4/614
f 1510/1/534 2242/2/534 2243/3/582 1511/4/582
f 1812/1/189 2544/2/189 2545/3/227 1813/4/227
f 1680/1/427 2412/2/427 2413/3/181 1681/4/181
f 2117/1/57 2849/2/57 2850/3/58 2118/4/58
f 1951/1/171 2683/2/171 2684/3/172 1952/4/172
f 1878/1/364 2610/2/364 2611/3/329 1879/4/329
f 1696/1/434 2428/2/434 2429/3/207 1697/4/207
f 1869/1/415 2601/2/415 2602/3/151 1870/4/151
f 1864/1/300 2596/2/300 2597/3/19 1865/4/19
f 1803/1/615 2535/2/615 2536/3/404 1804/4/404
f 2135/1/321 2867/2/321 2868/3/403 2136/4/403
f 1753/1/566 2485/2/566 2486/3/527 1754/4/527
f 1548/1/398 2280/2/398 2281/3/306 1549/4/306
f 1498/1/127 2230/2/127 2231/3/324 1499/4/324
f 2081/1/606 2813/2/606 2814/3/211 2082/4/211
f 2128/1/438 2860/2/438 2861/3/460 2129/4/460
f 1571/1/444 2303/2/444 2304/3/229 1572/4/229
f 1967/1/561 2699/2/561 2700/3/470 1968/4/470
f 1828/1/222 2560/2/222 2561/3/266 1829/4/266
f 1712/1/465 2444/2/465 2445/3/223 1713/4/223
f 1885/1/438 2617/2/438 2618/3/460 1886/4/460
f 1830/1/267 2562/2/267 2496/3/151 1764/4/151
f 2133/1/94 2865/2/94 2866/3/95 2134/4/95
f 1819/1/512 2551/2/512 2552/3/430 1820/4/430
f 2144/1/467 2876/2/467 2877/3/482 2145/4/482
f 1623/1/397 2355/2/397 2356/3/335 1624/4/335
f 1564/1/616 2296/2/616 2297/3/339 1565/4/339
f 1637/1/367 2369/2/367 2370/3/573 1638/4/573
f 2097/1/612 2829/2/612 2830/3/246 2098/4/246
f 1880/1/330 2612/2/330 2613/3/61 1881/4/61
f 1894/1/33 2626/2/33 2627/3/354 1895/4/354
f 1769/1/584 2501/2/584 2502/3/456 1770/4/456
f 1730/1/259 2462/2/259 2463/3/98 1731/4/98
f 2151/1/347 2883/2/347 2884/3/439 2152/4/439
f 1514/1/447 2246/2/447 2247/3/611 1515/4/611
f 1844/1/252 2576/2/252 2577/3/301 1845/4/301
f 1987/1/93 2719/2/93 2720/3/341 1988/4/341
f 2028/1/617 2760/2/617 2761/3/59 2029/4/59
f 2173/1/29 2905/2/29 2906/3/35 2174/4/35
f 2148/1/101 2880/2/101 2833/3/29 2101/4/29
f 1785/1/589 2517/2/589 2518/3/477 1786/4/477
f 1489/1/500 2221/2/500 2222/3/287 1490/4/287
f 2090/1/455 2822/2/455 2823/3/618 2091/4/618
f 1653/1/569 2385/2/569 2386/3/453 1654/4/453
f 1530/1/474 2262/2/474 2263/3/368 1531/4/368
f 1746/1/282 2478/2/282 2479/3/124 1747/4/124
f 2149/1/62 2881/2/62 2882/3/144 2150/4/144
f 1835/1/536 2567/2/536 2568/3/468 1836/4/468
f 1910/1/440 2642/2/440 2643/3/376 1911/4/376
f 2003/1/117 2735/2/117 2736/3/297 2004/4/297
f 1901/1/467 2633/2/467 2634/3/482 1902/4/482
f 1639/1/574 2371/2/574 2372/3/359 1640/4/359
f 2167/1/418 2899/2/418 2900/3/461 2168/4/461
f 1646/1/70 2378/2/70 2379/3/345 1647/4/345
f 1896/1/355 2628/2/355 2629/3/122 1897/4/122
f 2113/1/151 2845/2/151 2846/3/296 2114/4/296
f 2160/1/91 2892/2/91 2893/3/151 2161/4/151
f 2165/1/552 2897/2/552 2898/3/417 2166/4/417
f 1669/1/421 2401/2/421 2402/3/475 1670/4/475
f 1505/1/515 2237/2/515 2238/3/327 1506/4/327
f 1655/1/454 2387/2/454 2388/3/596 1656/4/596
f 1926/1/67 2658/2/67 2659/3/68 1927/4/68
f 1603/1/488 2335/2/488 2336/3/303 1604/4/303
f 1762/1/318 2494/2/318 2495/3/512 1763/4/512
f 1912/1/377 2644/2/377 2645/3/140 1913/4/140
f 1860/1/249 2592/2/249 2593/3/315 1861/4/315
f 2019/1/131 2751/2/131 2752/3/333 2020/4/333
f 2181/1/190 2913/2/190 2914/3/191 2182/4/191
f 2106/1/299 2838/2/299 2839/3/300 2107/4/300
f 1801/1/597 2533/2/597 2534/3/619 1802/4/619
f 1671/1/476 2403/2/476 2404/3/389 1672/4/389
f 1851/1/564 2583/2/564 2584/3/493 1852/4/493
f 1928/1/385 2660/2/385 2661/3/163 1929/4/163
f 1596/1/491 2328/2/491 2329/3/406 1597/4/406
f 1778/1/337 2510/2/337 2511/3/145 1779/4/145
f 2122/1/329 2854/2/329 2855/3/330 2123/4/330
f 2060/1/496 2792/2/496 2793/3/132 2061/4/132
f 2129/1/460 2861/2/460 2862/3/309 2130/4/309
f 2035/1/143 2767/2/143 2768/3/352 2036/4/352
f 2091/1/618 2823/2/618 2824/3/620 2092/4/620
f 1867/1/241 2599/2/241 2600/3/414 1868/4/414
f 1619/1/508 2351/2/508 2352/3/326 1620/4/326
f 1917/1/91 2649/2/91 2650/3/151 1918/4/151
f 1612/1/503 2344/2/503 2345/3/428 1613/4/428
f 1876/1/291 2608/2/291 2609/3/363 1877/4/363
f 1662/1/62 2394/2/62 2395/3/62 1663/4/62
f 1685/1/442 2417/2/442 2418/3/501 1686/4/501
f 2176/1/513 2908/2/513 2909/3/525 2177/4/525
f 1942/1/33 2674/2/33 2675/3/27 1943/4/27
f 1537/1/541 2269/2/541 2270/3/593 1538/4/593
f 2138/1/354 2870/2/354 2871/3/355 2139/4/355
f 1817/1/603 2549/2/603 2550/3/511 1818/4/511
f 1794/1/380 2526/2/380 2527/3/579 1795/4/579
f 1883/1/283 2615/2/283 2616/3/437 1884/4/437
f 1562/1/544 2294/2/544 2295/3/621 1563/4/621
f 2145/1/482 2877/2/482 2878/3/358 2146/4/358
f 1687/1/502 2419/2/502 2420/3/422 1688/4/422
f 1628/1/519 2360/2/519 2361/3/451 1629/4/451
f 1649/1/498 2381/2/498 2382/3/506 1650/4/506
f 1635/1/524 2367/2/524 2368/3/366 1636/4/366
f 1933/1/513 2665/2/513 2666/3/525 1934/4/525
f 1944/1/28 2676/2/28 2677/3/219 1945/4/219
f 1802/1/619 2534/2/619 2535/3/615 1803/4/615
f 2076/1/514 2808/2/514 2809/3/157 2077/4/157
f 1892/1/321 2624/2/321 2625/3/403 1893/4/403
f 1678/1/522 2410/2/522 2411/3/426 1679/4/426
f 1553/1/556 2285/2/556 2286/3/419 1554/4/419
f 1703/1/518 2435/2/518 2436/3/445 1704/4/445
f 1810/1/413 2542/2/413 2543/3/188 1811/4/188
f 2154/1/376 2886/2/376 2887/3/377 2155/4/377
f 1701/1/472 2433/2/472 2434/3/517 1702/4/517
f 1949/1/88 2681/2/88 2682/3/89 1950/4/89
f 1719/1/530 2451/2/530 2452/3/532 1720/4/532
f 1899/1/312 2631/2/312 2632/3/466 1900/4/466
f 1958/1/516 2690/2/516 2691/3/435 1959/4/435
f 1630/1/452 2362/2/452 2363/3/319 1631/4/319
f 2044/1/480 2776/2/480 2777/3/86 2045/4/86
f 1694/1/539 2426/2/539 2427/3/433 1695/4/433
f 1563/1/621 2295/2/621 2296/3/616 1564/4/616
f 1644/1/538 2376/2/538 2377/3/69 1645/4/69
f 2163/1/411 2895/2/411 2896/3/412 2164/4/412
f 2161/1/151 2893/2/151 2894/3/555 2162/4/555
f 1965/1/590 2697/2/590 2698/3/560 1966/4/560
f 1990/1/62 2722/2/62 2723/3/62 1991/4/62
f 1651/1/507 2383/2/507 2384/3/568 1652/4/568
f 1710/1/557 2442/2/557 2443/3/464 1711/4/464
f 1735/1/505 2467/2/505 2468/3/547 1736/4/547
f 1833/1/607 2565/2/607 2566/3/535 1834/4/535
f 1908/1/347 2640/2/347 2641/3/439 1909/4/439
f 1480/1/546 2212/2/546 2213/3/386 1481/4/386
f 1578/1/531 2310/2/531 2311/3/462 1579/4/462
f 1569/1/578 2301/2/578 2302/3/443 1570/4/443
f 2170/1/68 2902/2/68 2903/3/385 2171/4/385
f 1717/1/622 2449/2/622 2450/3/529 1718/4/529
f 2092/1/620 2824/2/620 2825/3/120 2093/4/120
f 1826/1/432 2558/2/432 2559/3/221 1827/4/221
f 1915/1/338 2647/2/338 2648/3/90 1916/4/90
f 1974/1/526 2706/2/526 2707/3/458 1975/4/458
f 2177/1/525 2909/2/525 2910/3/410 2178/4/410
f 2083/1/212 2815/2/212 2816/3/448 2084/4/448
f 1918/1/151 2650/2/151 2651/3/555 1919/4/555
f 1660/1/29 2392/2/29 2393/3/29 1661/4/29
f 1976/1/459 2708/2/459 2709/3/272 1977/4/272
f 1924/1/418 2656/2/418 2657/3/461 1925/4/461
f 1471/1/572 2203/2/572 2204/3/489 1472/4/489
f 2039/1/76 2771/2/76 2772/3/201 2040/4/201
f 1733/1/591 2465/2/591 2466/3/504 1734/4/504
f 2050/1/204 2782/2/204 2783/3/381 2051/4/381
f 1728/1/485 2460/2/485 2461/3/258 1729/4/258
f 2006/1/558 2738/2/558 2739/3/523 2007/4/523
f 1478/1/442 2210/2/442 2211/3/545 1479/4/545
f 1540/1/610 2272/2/610 2273/3/567 1541/4/567
f 1751/1/521 2483/2/521 2484/3/565 1752/4/565
f 1992/1/510 2724/2/510 2725/3/294 1993/4/294
f 2193/1/89 2925/2/89 2926/3/171 2194/4/171
f 1496/1/562 2228/2/562 2229/3/126 1497/4/126
f 1749/1/595 2481/2/595 2482/3/520 1750/4/520
f 1683/1/581 2415/2/581 2416/3/441 1684/4/441
f 1716/1/599 2448/2/599 2449/3/622 1717/4/622
f 1585/1/585 2317/2/585 2318/3/381 1586/4/381
f 1997/1/613 2729/2/613 2730/3/497 1998/4/497
f 1849/1/614 2581/2/614 2582/3/563 1850/4/563
f 3127/1/1 3125/2/1 3126/3/1
f 3127/1/1 3124/2/1 3125/3/1
f 3124/1/1 3122/2/1 3123/3/1
f 3124/1/1 3121/2/1 3122/3/1
f 3127/1/1 3129/2/1 3124/3/1
f 3129/1/1 3121/2/1 3124/3/1
f 3129/1/1 3131/2/1 3121/3/1
f 3127/1/1 3128/2/1 3129/3/1
f 3130/1/1 3131/2/1 3129/3/1
f 3169/1/1 3167/2/1 3168/3/1
f 3169/1/1 3166/2/1 3167/3/1
f 3170/1/1 3166/2/1 3169/3/1
f 3170/1/1 3165/2/1 3166/3/1
f 3171/1/1 3165/2/1 3170/3/1
f 3171/1/1 3164/2/1 3165/3/1
f 3172/1/1 3164/2/1 3171/3/1
f 3172/1/1 3163/2/1 3164/3/1
f 3173/1/1 3163/2/1 3172/3/1
f 3173/1/1 3162/2/1 3163/3/1
f 3174/1/1 3192/2/1 3173/3/1
f 3192/1/1 3162/2/1 3173/3/1
f 3174/1/1 3191/2/1 3192/3/1
f 3193/1/1 3162/2/1 3192/3/1
f 3194/1/1 3162/2/1 3193/3/1
f 3174/1/1 3190/2/1 3191/3/1
f 3195/1/1 3162/2/1 3194/3/1
f 3174/1/1 3189/2/1 3190/3/1
f 3195/1/1 3161/2/1 3162/3/1
f 3175/1/1 3189/2/1 3174/3/1
f 3196/1/1 3161/2/1 3195/3/1
f 3175/1/1 3188/2/1 3189/3/1
f 3197/1/1 3161/2/1 3196/3/1
f 3175/1/1 3187/2/1 3188/3/1
f 3197/1/1 3160/2/1 3161/3/1
f 3176/1/1 3187/2/1 3175/3/1
f 3198/1/1 3160/2/1 3197/3/1
f 3176/1/1 3186/2/1 3187/3/1
f 3199/1/1 3160/2/1 3198/3/1
f 3176/1/1 3185/2/1 3186/3/1
f 3199/1/1 3159/2/1 3160/3/1
f 3177/1/1 3185/2/1 3176/3/1
f 3200/1/1 3159/2/1 3199/3/1
f 3177/1/1 3184/2/1 3185/3/1
f 3200/1/1 3158/2/1 3159/3/1
f 3178/1/1 3184/2/1 3177/3/1
f 3201/1/1 3158/2/1 3200/3/1
f 3178/1/1 3183/2/1 3184/3/1
f 3202/1/1 3158/2/1 3201/3/1
f 3178/1/1 3182/2/1 3183/3/1
f 3202/1/1 3157/2/1 3158/3/1
f 3179/1/1 3182/2/1 3178/3/1
f 3203/1/1 3157/2/1 3202/3/1
f 3179/1/1 3181/2/1 3182/3/1
f 3203/1/1 3156/2/1 3157/3/1
f 3132/1/1 3181/2/1 3179/3/1
f 3204/1/1 3156/2/1 3203/3/1
f 3132/1/1 3180/2/1 3181/3/1
f 3133/1/1 3180/2/1 3132/3/1
f 3133/1/1 3227/2/1 3180/3/1
f 3205/1/1 3156/2/1 3204/3/1
f 3205/1/1 3155/2/1 3156/3/1
f 3133/1/1 3226/2/1 3227/3/1
f 3206/1/1 3155/2/1 3205/3/1
f 3206/1/1 3154/2/1 3155/3/1
f 3134/1/1 3226/2/1 3133/3/1
f 3134/1/1 3225/2/1 3226/3/1
f 3207/1/1 3154/2/1 3206/3/1
f 3207/1/1 3153/2/1 3154/3/1
f 3135/1/1 3225/2/1 3134/3/1
f 3208/1/1 3153/2/1 3207/3/1
f 3135/1/1 3224/2/1 3225/3/1
f 3208/1/1 3152/2/1 3153/3/1
f 3136/1/1 3224/2/1 3135/3/1
f 3209/1/1 3152/2/1 3208/3/1
f 3136/1/1 3223/2/1 3224/3/1
f 3210/1/1 3152/2/1 3209/3/1
f 3136/1/1 3222/2/1 3223/3/1
f 3210/1/1 3151/2/1 3152/3/1
f 3137/1/1 3222/2/1 3136/3/1
f 3211/1/1 3151/2/1 3210/3/1
f 3137/1/1 3221/2/1 3222/3/1
f 3212/1/1 3151/2/1 3211/3/1
f 3137/1/1 3220/2/1 3221/3/1
f 3212/1/1 3150/2/1 3151/3/1
f 3138/1/1 3220/2/1 3137/3/1
f 3213/1/1 3150/2/1 3212/3/1
f 3138/1/1 3219/2/1 3220/3/1
f 3214/1/1 3150/2/1 3213/3/1
f 3138/1/1 3218/2/1 3219/3/1
f 3214/1/1 3149/2/1 3150/3/1
f 3139/1/1 3218/2/1 3138/3/1
f 3215/1/1 3149/2/1 3214/3/1
f 3139/1/1 3217/2/1 3218/3/1
f 3216/1/1 3149/2/1 3215/3/1
f 3139/1/1 3216/2/1 3217/3/1
f 3139/1/1 3149/2/1 3216/3/1
f 3139/1/1 3148/2/1 3149/3/1
f 3140/1/1 3148/2/1 3139/3/1
f 3140/1/1 3147/2/1 3148/3/1
f 3141/1/1 3147/2/1 3140/3/1
f 3141/1/1 3146/2/1 3147/3/1
f 3142/1/1 3146/2/1 3141/3/1
f 3142/1/1 3145/2/1 3146/3/1
f 3143/1/1 3145/2/1 3142/3/1
f 3143/1/1 3144/2/1 3145/3/1
f 3229/1/1 3295/2/1 3228/3/1
f 3295/1/1 3294/2/1 3228/3/1
f 3295/1/1 3293/2/1 3294/3/1
f 3295/1/1 3292/2/1 3293/3/1
f 3295/1/1 3291/2/1 3292/3/1
f 3295/1/1 3290/2/1 3291/3/1
f 3295/1/1 3289/2/1 3290/3/1
f 3295/1/1 3288/2/1 3289/3/1
f 3295/1/1 3287/2/1 3288/3/1
f 3295/1/1 3296/2/1 3287/3/1
f 3296/1/1 3286/2/1 3287/3/1
f 3229/1/1 3321/2/1 3295/3/1
f 3297/1/1 3286/2/1 3296/3/1
f 3298/1/1 3286/2/1 3297/3/1
f 3299/1/1 3286/2/1 3298/3/1
f 3299/1/1 3285/2/1 3286/3/1
f 3300/1/1 3285/2/1 3299/3/1
f 3301/1/1 3285/2/1 3300/3/1
f 3302/1/1 3285/2/1 3301/3/1
f 3302/1/1 3284/2/1 3285/3/1
f 3303/1/1 3284/2/1 3302/3/1
f 3304/1/1 3284/2/1 3303/3/1
f 3305/1/1 3284/2/1 3304/3/1
f 3305/1/1 3283/2/1 3284/3/1
f 3306/1/1 3283/2/1 3305/3/1
f 3307/1/1 3283/2/1 3306/3/1
f 3307/1/1 3282/2/1 3283/3/1
f 3308/1/1 3282/2/1 3307/3/1
f 3309/1/1 3282/2/1 3308/3/1
f 3309/1/1 3281/2/1 3282/3/1
f 3310/1/1 3281/2/1 3309/3/1
f 3310/1/1 3280/2/1 3281/3/1
f 3311/1/1 3280/2/1 3310/3/1
f 3312/1/1 3280/2/1 3311/3/1
f 3312/1/1 3279/2/1 3280/3/1
f 3313/1/1 3279/2/1 3312/3/1
f 3313/1/1 3278/2/1 3279/3/1
f 3314/1/1 3278/2/1 3313/3/1
f 3314/1/1 3277/2/1 3278/3/1
f 3315/1/1 3277/2/1 3314/3/1
f 3316/1/1 3277/2/1 3315/3/1
f 3316/1/1 3276/2/1 3277/3/1
f 3317/1/1 3276/2/1 3316/3/1
f 3318/1/1 3276/2/1 3317/3/1
f 3318/1/1 3275/2/1 3276/3/1
f 3319/1/1 3275/2/1 3318/3/1
f 3320/1/1 3275/2/1 3319/3/1
f 3229/1/1 3231/2/1 3321/3/1
f 3231/1/1 3320/2/1 3321/3/1
f 3231/1/1 3275/2/1 3320/3/1
f 3231/1/1 3274/2/1 3275/3/1
f 3231/1/1 3273/2/1 3274/3/1
f 3231/1/1 3272/2/1 3273/3/1
f 3231/1/1 3271/2/1 3272/3/1
f 3231/1/1 3270/2/1 3271/3/1
f 3231/1/1 3269/2/1 3270/3/1
f 3231/1/1 3268/2/1 3269/3/1
f 3231/1/1 3232/2/1 3268/3/1
f 3232/1/1 3233/2/1 3268/3/1
f 3233/1/1 3267/2/1 3268/3/1
f 3229/1/1 3230/2/1 3231/3/1
f 3234/1/1 3267/2/1 3233/3/1
f 3235/1/1 3267/2/1 3234/3/1
f 3236/1/1 3267/2/1 3235/3/1
f 3236/1/1 3266/2/1 3267/3/1
f 3237/1/1 3266/2/1 3236/3/1
f 3238/1/1 3266/2/1 3237/3/1
f 3238/1/1 3265/2/1 3266/3/1
f 3239/1/1 3265/2/1 3238/3/1
f 3239/1/1 3264/2/1 3265/3/1
f 3240/1/1 3264/2/1 3239/3/1
f 3240/1/1 3263/2/1 3264/3/1
f 3241/1/1 3263/2/1 3240/3/1
f 3241/1/1 3262/2/1 3263/3/1
f 3242/1/1 3262/2/1 3241/3/1
f 3242/1/1 3261/2/1 3262/3/1
f 3243/1/1 3261/2/1 3242/3/1
f 3243/1/1 3260/2/1 3261/3/1
f 3243/1/1 3259/2/1 3260/3/1
f 3244/1/1 3259/2/1 3243/3/1
f 3244/1/1 3258/2/1 3259/3/1
f 3245/1/1 3258/2/1 3244/3/1
f 3245/1/1 3257/2/1 3258/3/1
f 3245/1/1 3256/2/1 3257/3/1
f 3245/1/1 3255/2/1 3256/3/1
f 3245/1/1 3254/2/1 3255/3/1
f 3245/1/1 3253/2/1 3254/3/1
f 3245/1/1 3252/2/1 3253/3/1
f 3245/1/1 3251/2/1 3252/3/1
f 3245/1/1 3250/2/1 3251/3/1
f 3245/1/1 3249/2/1 3250/3/1
f 3245/1/1 3248/2/1 3249/3/1
f 3245/1/1 3247/2/1 3248/3/1
f 3245/1/1 3246/2/1 3247/3/1
f 3335/1/1 3333/2/1 3334/3/1
f 3335/1/1 3332/2/1 3333/3/1
f 3336/1/1 3332/2/1 3335/3/1
f 3336/1/1 3331/2/1 3332/3/1
f 3337/1/1 3331/2/1 3336/3/1
f 3337/1/1 3330/2/1 3331/3/1
f 3338/1/1 3330/2/1 3337/3/1
f 3339/1/1 3330/2/1 3338/3/1
f 3339/1/1 3329/2/1 3330/3/1
f 3340/1/1 3329/2/1 3339/3/1
f 3340/1/1 3406/2/1 3329/3/1
f 3406/1/1 3328/2/1 3329/3/1
f 3340/1/1 3405/2/1 3406/3/1
f 3407/1/1 3328/2/1 3406/3/1
f 3340/1/1 3404/2/1 3405/3/1
f 3408/1/1 3328/2/1 3407/3/1
f 3341/1/1 3404/2/1 3340/3/1
f 3408/1/1 3327/2/1 3328/3/1
f 3341/1/1 3403/2/1 3404/3/1
f 3409/1/1 3327/2/1 3408/3/1
f 3341/1/1 3402/2/1 3403/3/1
f 3410/1/1 3327/2/1 3409/3/1
f 3341/1/1 3401/2/1 3402/3/1
f 3411/1/1 3327/2/1 3410/3/1
f 3342/1/1 3401/2/1 3341/3/1
f 3411/1/1 3326/2/1 3327/3/1
f 3342/1/1 3400/2/1 3401/3/1
f 3412/1/1 3326/2/1 3411/3/1
f 3342/1/1 3399/2/1 3400/3/1
f 3413/1/1 3326/2/1 3412/3/1
f 3343/1/1 3399/2/1 3342/3/1
f 3413/1/1 3325/2/1 3326/3/1
f 3343/1/1 3398/2/1 3399/3/1
f 3414/1/1 3325/2/1 3413/3/1
f 3344/1/1 3398/2/1 3343/3/1
f 3414/1/1 3324/2/1 3325/3/1
f 3344/1/1 3397/2/1 3398/3/1
f 3415/1/1 3324/2/1 3414/3/1
f 3344/1/1 3396/2/1 3397/3/1
f 3416/1/1 3324/2/1 3415/3/1
f 3345/1/1 3396/2/1 3344/3/1
f 3416/1/1 3323/2/1 3324/3/1
f 3345/1/1 3395/2/1 3396/3/1
f 3417/1/1 3323/2/1 3416/3/1
f 3346/1/1 3395/2/1 3345/3/1
f 3417/1/1 3322/2/1 3323/3/1
f 3346/1/1 3394/2/1 3395/3/1
f 3370/1/1 3322/2/1 3417/3/1
f 3347/1/1 3394/2/1 3346/3/1
f 3347/1/1 3393/2/1 3394/3/1
f 3371/1/1 3322/2/1 3370/3/1
f 3371/1/1 3369/2/1 3322/3/1
f 3347/1/1 3392/2/1 3393/3/1
f 3372/1/1 3369/2/1 3371/3/1
f 3348/1/1 3392/2/1 3347/3/1
f 3372/1/1 3368/2/1 3369/3/1
f 3348/1/1 3391/2/1 3392/3/1
f 3373/1/1 3368/2/1 3372/3/1
f 3349/1/1 3391/2/1 3348/3/1
f 3373/1/1 3367/2/1 3368/3/1
f 3374/1/1 3367/2/1 3373/3/1
f 3349/1/1 3390/2/1 3391/3/1
f 3375/1/1 3367/2/1 3374/3/1
f 3349/1/1 3389/2/1 3390/3/1
f 3350/1/1 3389/2/1 3349/3/1
f 3375/1/1 3366/2/1 3367/3/1
f 3376/1/1 3366/2/1 3375/3/1
f 3350/1/1 3388/2/1 3389/3/1
f 3351/1/1 3388/2/1 3350/3/1
f 3376/1/1 3365/2/1 3366/3/1
f 3377/1/1 3365/2/1 3376/3/1
f 3351/1/1 3387/2/1 3388/3/1
f 3378/1/1 3365/2/1 3377/3/1
f 3351/1/1 3386/2/1 3387/3/1
f 3352/1/1 3386/2/1 3351/3/1
f 3378/1/1 3364/2/1 3365/3/1
f 3379/1/1 3364/2/1 3378/3/1
f 3352/1/1 3385/2/1 3386/3/1
f 3380/1/1 3364/2/1 3379/3/1
f 3352/1/1 3384/2/1 3385/3/1
f 3381/1/1 3364/2/1 3380/3/1
f 3352/1/1 3383/2/1 3384/3/1
f 3353/1/1 3383/2/1 3352/3/1
f 3381/1/1 3363/2/1 3364/3/1
f 3382/1/1 3363/2/1 3381/3/1
f 3353/1/1 3382/2/1 3383/3/1
f 3353/1/1 3363/2/1 3382/3/1
f 3354/1/1 3363/2/1 3353/3/1
f 3354/1/1 3362/2/1 3363/3/1
f 3355/1/1 3362/2/1 3354/3/1
f 3355/1/1 3361/2/1 3362/3/1
f 3356/1/1 3361/2/1 3355/3/1
f 3356/1/1 3360/2/1 3361/3/1
f 3357/1/1 3360/2/1 3356/3/1
f 3357/1/1 3359/2/1 3360/3/1
f 3358/1/1 3359/2/1 3357/3/1
f 3553/1/1 3551/2/1 3552/3/1
f 3554/1/1 3551/2/1 3553/3/1
f 3555/1/1 3551/2/1 3554/3/1
f 3555/1/1 3550/2/1 3551/3/1
f 3556/1/1 3550/2/1 3555/3/1
f 3557/1/1 3550/2/1 3556/3/1
f 3558/1/1 3550/2/1 3557/3/1
f 3558/1/1 3549/2/1 3550/3/1
f 3559/1/1 3549/2/1 3558/3/1
f 3560/1/1 3549/2/1 3559/3/1
f 3561/1/1 3549/2/1 3560/3/1
f 3561/1/1 3548/2/1 3549/3/1
f 3562/1/1 3548/2/1 3561/3/1
f 3563/1/1 3548/2/1 3562/3/1
f 3563/1/1 3547/2/1 3548/3/1
f 3564/1/1 3547/2/1 3563/3/1
f 3418/1/1 3419/2/1 3564/3/1
f 3419/1/1 3420/2/1 3564/3/1
f 3420/1/1 3421/2/1 3564/3/1
f 3421/1/1 3422/2/1 3564/3/1
f 3422/1/1 3547/2/1 3564/3/1
f 3422/1/1 3423/2/1 3547/3/1
f 3423/1/1 3424/2/1 3547/3/1
f 3424/1/1 3546/2/1 3547/3/1
f 3424/1/1 3425/2/1 3546/3/1
f 3425/1/1 3426/2/1 3546/3/1
f 3426/1/1 3545/2/1 3546/3/1
f 3426/1/1 3427/2/1 3545/3/1
f 3427/1/1 3428/2/1 3545/3/1
f 3428/1/1 3429/2/1 3545/3/1
f 3429/1/1 3544/2/1 3545/3/1
f 3429/1/1 3430/2/1 3544/3/1
f 3430/1/1 3431/2/1 3544/3/1
f 3431/1/1 3543/2/1 3544/3/1
f 3432/1/1 3543/2/1 3431/3/1
f 3433/1/1 3543/2/1 3432/3/1
f 3434/1/1 3543/2/1 3433/3/1
f 3434/1/1 3542/2/1 3543/3/1
f 3435/1/1 3542/2/1 3434/3/1
f 3436/1/1 3542/2/1 3435/3/1
f 3437/1/1 3542/2/1 3436/3/1
f 3437/1/1 3541/2/1 3542/3/1
f 3438/1/1 3541/2/1 3437/3/1
f 3439/1/1 3541/2/1 3438/3/1
f 3439/1/1 3540/2/1 3541/3/1
f 3440/1/1 3540/2/1 3439/3/1
f 3441/1/1 3540/2/1 3440/3/1
f 3441/1/1 3539/2/1 3540/3/1
f 3442/1/1 3539/2/1 3441/3/1
f 3443/1/1 3539/2/1 3442/3/1
f 3443/1/1 3538/2/1 3539/3/1
f 3444/1/1 3538/2/1 3443/3/1
f 3444/1/1 3537/2/1 3538/3/1
f 3445/1/1 3537/2/1 3444/3/1
f 3445/1/1 3536/2/1 3537/3/1
f 3446/1/1 3536/2/1 3445/3/1
f 3446/1/1 3535/2/1 3536/3/1
f 3447/1/1 3535/2/1 3446/3/1
f 3447/1/1 3534/2/1 3535/3/1
f 3448/1/1 3534/2/1 3447/3/1
f 3449/1/1 3534/2/1 3448/3/1
f 3449/1/1 3533/2/1 3534/3/1
f 3450/1/1 3533/2/1 3449/3/1
f 3450/1/1 3532/2/1 3533/3/1
f 3451/1/1 3532/2/1 3450/3/1
f 3452/1/1 3532/2/1 3451/3/1
f 3453/1/1 3532/2/1 3452/3/1
f 3453/1/1 3531/2/1 3532/3/1
f 3454/1/1 3531/2/1 3453/3/1
f 3455/1/1 3531/2/1 3454/3/1
f 3455/1/1 3530/2/1 3531/3/1
f 3455/1/1 3529/2/1 3530/3/1
f 3455/1/1 3528/2/1 3529/3/1
f 3455/1/1 3527/2/1 3528/3/1
f 3455/1/1 3526/2/1 3527/3/1
f 3455/1/1 3525/2/1 3526/3/1
f 3455/1/1 3524/2/1 3525/3/1
f 3455/1/1 3523/2/1 3524/3/1
f 3455/1/1 3456/2/1 3523/3/1
f 3456/1/1 3522/2/1 3523/3/1
f 3457/1/1 3522/2/1 3456/3/1
f 3458/1/1 3522/2/1 3457/3/1
f 3459/1/1 3522/2/1 3458/3/1
f 3459/1/1 3521/2/1 3522/3/1
f 3460/1/1 3521/2/1 3459/3/1
f 3461/1/1 3521/2/1 3460/3/1
f 3461/1/1 3520/2/1 3521/3/1
f 3462/1/1 3520/2/1 3461/3/1
f 3462/1/1 3519/2/1 3520/3/1
f 3463/1/1 3519/2/1 3462/3/1
f 3464/1/1 3519/2/1 3463/3/1
f 3464/1/1 3518/2/1 3519/3/1
f 3465/1/1 3518/2/1 3464/3/1
f 3465/1/1 3517/2/1 3518/3/1
f 3466/1/1 3517/2/1 3465/3/1
f 3466/1/1 3516/2/1 3517/3/1
f 3467/1/1 3516/2/1 3466/3/1
f 3467/1/1 3515/2/1 3516/3/1
f 3468/1/1 3515/2/1 3467/3/1
f 3469/1/1 3515/2/1 3468/3/1
f 3469/1/1 3514/2/1 3515/3/1
f 3470/1/1 3514/2/1 3469/3/1
f 3471/1/1 3514/2/1 3470/3/1
f 3471/1/1 3513/2/1 3514/3/1
f 3492/1/1 3490/2/1 3491/3/1
f 3472/1/1 3513/2/1 3471/3/1
f 3492/1/1 3489/2/1 3490/3/1
f 3473/1/1 3513/2/1 3472/3/1
f 3492/1/1 3488/2/1 3489/3/1
f 3473/1/1 3512/2/1 3513/3/1
f 3474/1/1 3512/2/1 3473/3/1
f 3492/1/1 3487/2/1 3488/3/1
f 3492/1/1 3486/2/1 3487/3/1
f 3475/1/1 3512/2/1 3474/3/1
f 3492/1/1 3485/2/1 3486/3/1
f 3476/1/1 3512/2/1 3475/3/1
f 3492/1/1 3484/2/1 3485/3/1
f 3492/1/1 3483/2/1 3484/3/1
f 3477/1/1 3512/2/1 3476/3/1
f 3477/1/1 3511/2/1 3512/3/1
f 3492/1/1 3482/2/1 3483/3/1
f 3478/1/1 3511/2/1 3477/3/1
f 3492/1/1 3481/2/1 3482/3/1
f 3492/1/1 3480/2/1 3481/3/1
f 3479/1/1 3511/2/1 3478/3/1
f 3492/1/1 3479/2/1 3480/3/1
f 3492/1/1 3511/2/1 3479/3/1
f 3492/1/1 3510/2/1 3511/3/1
f 3492/1/1 3509/2/1 3510/3/1
f 3492/1/1 3508/2/1 3509/3/1
f 3493/1/1 3508/2/1 3492/3/1
f 3494/1/1 3508/2/1 3493/3/1
f 3495/1/1 3508/2/1 3494/3/1
f 3495/1/1 3507/2/1 3508/3/1
f 3496/1/1 3507/2/1 3495/3/1
f 3497/1/1 3507/2/1 3496/3/1
f 3497/1/1 3506/2/1 3507/3/1
f 3498/1/1 3506/2/1 3497/3/1
f 3499/1/1 3506/2/1 3498/3/1
f 3500/1/1 3506/2/1 3499/3/1
f 3500/1/1 3505/2/1 3506/3/1
f 3501/1/1 3505/2/1 3500/3/1
f 3502/1/1 3505/2/1 3501/3/1
f 3502/1/1 3504/2/1 3505/3/1
f 3503/1/1 3504/2/1 3502/3/1
f 3578/1/1 3576/2/1 3577/3/1
f 3578/1/1 3575/2/1 3576/3/1
f 3579/1/1 3575/2/1 3578/3/1
f 3579/1/1 3574/2/1 3575/3/1
f 3580/1/1 3574/2/1 3579/3/1
f 3580/1/1 3573/2/1 3574/3/1
f 3581/1/1 3573/2/1 3580/3/1
f 3582/1/1 3573/2/1 3581/3/1
f 3582/1/1 3572/2/1 3573/3/1
f 3583/1/1 3572/2/1 3582/3/1
f 3583/1/1 3649/2/1 3572/3/1
f 3649/1/1 3571/2/1 3572/3/1
f 3583/1/1 3648/2/1 3649/3/1
f 3650/1/1 3571/2/1 3649/3/1
f 3583/1/1 3647/2/1 3648/3/1
f 3651/1/1 3571/2/1 3650/3/1
f 3584/1/1 3647/2/1 3583/3/1
f 3651/1/1 3570/2/1 3571/3/1
f 3584/1/1 3646/2/1 3647/3/1
f 3652/1/1 3570/2/1 3651/3/1
f 3584/1/1 3645/2/1 3646/3/1
f 3653/1/1 3570/2/1 3652/3/1
f 3584/1/1 3644/2/1 3645/3/1
f 3654/1/1 3570/2/1 3653/3/1
f 3585/1/1 3644/2/1 3584/3/1
f 3654/1/1 3569/2/1 3570/3/1
f 3585/1/1 3643/2/1 3644/3/1
f 3655/1/1 3569/2/1 3654/3/1
f 3585/1/1 3642/2/1 3643/3/1
f 3656/1/1 3569/2/1 3655/3/1
f 3586/1/1 3642/2/1 3585/3/1
f 3656/1/1 3568/2/1 3569/3/1
f 3586/1/1 3641/2/1 3642/3/1
f 3657/1/1 3568/2/1 3656/3/1
f 3587/1/1 3641/2/1 3586/3/1
f 3657/1/1 3567/2/1 3568/3/1
f 3587/1/1 3640/2/1 3641/3/1
f 3658/1/1 3567/2/1 3657/3/1
f 3587/1/1 3639/2/1 3640/3/1
f 3659/1/1 3567/2/1 3658/3/1
f 3588/1/1 3639/2/1 3587/3/1
f 3659/1/1 3566/2/1 3567/3/1
f 3588/1/1 3638/2/1 3639/3/1
f 3660/1/1 3566/2/1 3659/3/1
f 3589/1/1 3638/2/1 3588/3/1
f 3660/1/1 3565/2/1 3566/3/1
f 3589/1/1 3637/2/1 3638/3/1
f 3613/1/1 3565/2/1 3660/3/1
f 3590/1/1 3637/2/1 3589/3/1
f 3590/1/1 3636/2/1 3637/3/1
f 3614/1/1 3565/2/1 3613/3/1
f 3614/1/1 3612/2/1 3565/3/1
f 3590/1/1 3635/2/1 3636/3/1
f 3615/1/1 3612/2/1 3614/3/1
f 3591/1/1 3635/2/1 3590/3/1
f 3615/1/1 3611/2/1 3612/3/1
f 3591/1/1 3634/2/1 3635/3/1
f 3616/1/1 3611/2/1 3615/3/1
f 3592/1/1 3634/2/1 3591/3/1
f 3616/1/1 3610/2/1 3611/3/1
f 3617/1/1 3610/2/1 3616/3/1
f 3592/1/1 3633/2/1 3634/3/1
f 3618/1/1 3610/2/1 3617/3/1
f 3592/1/1 3632/2/1 3633/3/1
f 3593/1/1 3632/2/1 3592/3/1
f 3618/1/1 3609/2/1 3610/3/1
f 3619/1/1 3609/2/1 3618/3/1
f 3593/1/1 3631/2/1 3632/3/1
f 3594/1/1 3631/2/1 3593/3/1
f 3619/1/1 3608/2/1 3609/3/1
f 3620/1/1 3608/2/1 3619/3/1
f 3594/1/1 3630/2/1 3631/3/1
f 3621/1/1 3608/2/1 3620/3/1
f 3594/1/1 3629/2/1 3630/3/1
f 3595/1/1 3629/2/1 3594/3/1
f 3621/1/1 3607/2/1 3608/3/1
f 3622/1/1 3607/2/1 3621/3/1
f 3595/1/1 3628/2/1 3629/3/1
f 3623/1/1 3607/2/1 3622/3/1
f 3595/1/1 3627/2/1 3628/3/1
f 3624/1/1 3607/2/1 3623/3/1
f 3595/1/1 3626/2/1 3627/3/1
f 3596/1/1 3626/2/1 3595/3/1
f 3624/1/1 3606/2/1 3607/3/1
f 3625/1/1 3606/2/1 3624/3/1
f 3596/1/1 3625/2/1 3626/3/1
f 3596/1/1 3606/2/1 3625/3/1
f 3597/1/1 3606/2/1 3596/3/1
f 3597/1/1 3605/2/1 3606/3/1
f 3598/1/1 3605/2/1 3597/3/1
f 3598/1/1 3604/2/1 3605/3/1
f 3599/1/1 3604/2/1 3598/3/1
f 3599/1/1 3603/2/1 3604/3/1
f 3600/1/1 3603/2/1 3599/3/1
f 3600/1/1 3602/2/1 3603/3/1
f 3601/1/1 3602/2/1 3600/3/1
f 2966/1/1 2964/2/1 2965/3/1
f 2967/1/1 2964/2/1 2966/3/1
f 2967/1/1 2963/2/1 2964/3/1
f 2968/1/1 2963/2/1 2967/3/1
f 2968/1/1 2962/2/1 2963/3/1
f 2969/1/1 2962/2/1 2968/3/1
f 2969/1/1 2961/2/1 2962/3/1
f 2970/1/1 2961/2/1 2969/3/1
f 2970/1/1 2960/2/1 2961/3/1
f 2971/1/1 2960/2/1 2970/3/1
f 2971/1/1 2959/2/1 2960/3/1
f 2972/1/1 2959/2/1 2971/3/1
f 2972/1/1 2958/2/1 2959/3/1
f 2973/1/1 2958/2/1 2972/3/1
f 2973/1/1 3061/2/1 2958/3/1
f 3061/1/1 2957/2/1 2958/3/1
f 2973/1/1 3060/2/1 3061/3/1
f 3062/1/1 2957/2/1 3061/3/1
f 2973/1/1 3059/2/1 3060/3/1
f 3063/1/1 2957/2/1 3062/3/1
f 2974/1/1 3059/2/1 2973/3/1
f 2974/1/1 3058/2/1 3059/3/1
f 3063/1/1 2956/2/1 2957/3/1
f 3064/1/1 2956/2/1 3063/3/1
f 2974/1/1 3057/2/1 3058/3/1
f 3065/1/1 2956/2/1 3064/3/1
f 2974/1/1 3056/2/1 3057/3/1
f 3066/1/1 2956/2/1 3065/3/1
f 2974/1/1 3055/2/1 3056/3/1
f 3067/1/1 2956/2/1 3066/3/1
f 2975/1/1 3055/2/1 2974/3/1
f 3067/1/1 2955/2/1 2956/3/1
f 2975/1/1 3054/2/1 3055/3/1
f 3068/1/1 2955/2/1 3067/3/1
f 2975/1/1 3053/2/1 3054/3/1
f 3069/1/1 2955/2/1 3068/3/1
f 2975/1/1 3052/2/1 3053/3/1
f 2976/1/1 3052/2/1 2975/3/1
f 3070/1/1 2955/2/1 3069/3/1
f 3070/1/1 2954/2/1 2955/3/1
f 2976/1/1 3051/2/1 3052/3/1
f 3071/1/1 2954/2/1 3070/3/1
f 2976/1/1 3050/2/1 3051/3/1
f 3072/1/1 2954/2/1 3071/3/1
f 2977/1/1 3050/2/1 2976/3/1
f 3072/1/1 2953/2/1 2954/3/1
f 2977/1/1 3049/2/1 3050/3/1
f 3025/1/1 2953/2/1 3072/3/1
f 2977/1/1 3048/2/1 3049/3/1
f 2978/1/1 3048/2/1 2977/3/1
f 3026/1/1 2953/2/1 3025/3/1
f 3026/1/1 2952/2/1 2953/3/1
f 2978/1/1 3047/2/1 3048/3/1
f 3027/1/1 2952/2/1 3026/3/1
f 2979/1/1 3047/2/1 2978/3/1
f 3027/1/1 2951/2/1 2952/3/1
f 2979/1/1 3046/2/1 3047/3/1
f 3028/1/1 2951/2/1 3027/3/1
f 3028/1/1 2950/2/1 2951/3/1
f 2980/1/1 3046/2/1 2979/3/1
f 2980/1/1 3045/2/1 3046/3/1
f 3029/1/1 2950/2/1 3028/3/1
f 3029/1/1 2949/2/1 2950/3/1
f 2981/1/1 3045/2/1 2980/3/1
f 2981/1/1 3044/2/1 3045/3/1
f 3030/1/1 2949/2/1 3029/3/1
f 3030/1/1 2948/2/1 2949/3/1
f 2982/1/1 3044/2/1 2981/3/1
f 2982/1/1 3043/2/1 3044/3/1
f 3031/1/1 2948/2/1 3030/3/1
f 3031/1/1 2947/2/1 2948/3/1
f 2983/1/1 3043/2/1 2982/3/1
f 2983/1/1 3042/2/1 3043/3/1
f 3032/1/1 2947/2/1 3031/3/1
f 3032/1/1 2946/2/1 2947/3/1
f 2983/1/1 3041/2/1 3042/3/1
f 3033/1/1 2946/2/1 3032/3/1
f 2984/1/1 3041/2/1 2983/3/1
f 2984/1/1 3040/2/1 3041/3/1
f 3034/1/1 2946/2/1 3033/3/1
f 3034/1/1 2945/2/1 2946/3/1
f 2985/1/1 3040/2/1 2984/3/1
f 2985/1/1 3039/2/1 3040/3/1
f 3035/1/1 2945/2/1 3034/3/1
f 2985/1/1 3038/2/1 3039/3/1
f 3036/1/1 2945/2/1 3035/3/1
f 2985/1/1 3037/2/1 3038/3/1
f 3037/1/1 2945/2/1 3036/3/1
f 2985/1/1 2945/2/1 3037/3/1
f 2985/1/1 2944/2/1 2945/3/1
f 2986/1/1 2944/2/1 2985/3/1
f 2986/1/1 2943/2/1 2944/3/1
f 2987/1/1 2943/2/1 2986/3/1
f 2987/1/1 2942/2/1 2943/3/1
f 2988/1/1 2942/2/1 2987/3/1
f 2988/1/1 2941/2/1 2942/3/1
f 2989/1/1 2941/2/1 2988/3/1
f 2990/1/1 2941/2/1 2989/3/1
f 2990/1/1 2940/2/1 2941/3/1
f 2990/1/1 2939/2/1 2940/3/1
f 2991/1/1 2939/2/1 2990/3/1
f 2991/1/1 2938/2/1 2939/3/1
f 2992/1/1 2938/2/1 2991/3/1
f 2992/1/1 2937/2/1 2938/3/1
f 2993/1/1 2937/2/1 2992/3/1
f 2993/1/1 3109/2/1 2937/3/1
f 3109/1/1 2936/2/1 2937/3/1
f 2994/1/1 3109/2/1 2993/3/1
f 2994/1/1 3108/2/1 3109/3/1
f 3110/1/1 2936/2/1 3109/3/1
f 2994/1/1 3107/2/1 3108/3/1
f 3111/1/1 2936/2/1 3110/3/1
f 2994/1/1 3106/2/1 3107/3/1
f 3112/1/1 2936/2/1 3111/3/1
f 3112/1/1 2935/2/1 2936/3/1
f 2995/1/1 3106/2/1 2994/3/1
f 2995/1/1 3105/2/1 3106/3/1
f 3113/1/1 2935/2/1 3112/3/1
f 2995/1/1 3104/2/1 3105/3/1
f 3114/1/1 2935/2/1 3113/3/1
f 3114/1/1 2934/2/1 2935/3/1
f 2996/1/1 3104/2/1 2995/3/1
f 2996/1/1 3103/2/1 3104/3/1
f 3115/1/1 2934/2/1 3114/3/1
f 2996/1/1 3102/2/1 3103/3/1
f 3116/1/1 2934/2/1 3115/3/1
f 2997/1/1 3102/2/1 2996/3/1
f 3116/1/1 2933/2/1 2934/3/1
f 2997/1/1 3101/2/1 3102/3/1
f 3117/1/1 2933/2/1 3116/3/1
f 2998/1/1 3101/2/1 2997/3/1
f 3117/1/1 2932/2/1 2933/3/1
f 2998/1/1 3100/2/1 3101/3/1
f 3118/1/1 2932/2/1 3117/3/1
f 2998/1/1 3099/2/1 3100/3/1
f 2999/1/1 3099/2/1 2998/3/1
f 3119/1/1 2932/2/1 3118/3/1
f 3119/1/1 2931/2/1 2932/3/1
f 2999/1/1 3098/2/1 3099/3/1
f 3120/1/1 2931/2/1 3119/3/1
f 3000/1/1 3098/2/1 2999/3/1
f 3120/1/1 2930/2/1 2931/3/1
f 3000/1/1 3097/2/1 3098/3/1
f 3073/1/1 2930/2/1 3120/3/1
f 3001/1/1 3097/2/1 3000/3/1
f 3073/1/1 2929/2/1 2930/3/1
f 3001/1/1 3096/2/1 3097/3/1
f 3074/1/1 2929/2/1 3073/3/1
f 3002/1/1 3096/2/1 3001/3/1
f 3074/1/1 3024/2/1 2929/3/1
f 3075/1/1 3024/2/1 3074/3/1
f 3002/1/1 3095/2/1 3096/3/1
f 3076/1/1 3024/2/1 3075/3/1
f 3002/1/1 3094/2/1 3095/3/1
f 3003/1/1 3094/2/1 3002/3/1
f 3076/1/1 3023/2/1 3024/3/1
f 3077/1/1 3023/2/1 3076/3/1
f 3003/1/1 3093/2/1 3094/3/1
f 3078/1/1 3023/2/1 3077/3/1
f 3003/1/1 3092/2/1 3093/3/1
f 3004/1/1 3092/2/1 3003/3/1
f 3078/1/1 3022/2/1 3023/3/1
f 3079/1/1 3022/2/1 3078/3/1
f 3004/1/1 3091/2/1 3092/3/1
f 3080/1/1 3022/2/1 3079/3/1
f 3004/1/1 3090/2/1 3091/3/1
f 3005/1/1 3090/2/1 3004/3/1
f 3080/1/1 3021/2/1 3022/3/1
f 3081/1/1 3021/2/1 3080/3/1
f 3005/1/1 3089/2/1 3090/3/1
f 3082/1/1 3021/2/1 3081/3/1
f 3005/1/1 3088/2/1 3089/3/1
f 3083/1/1 3021/2/1 3082/3/1
f 3005/1/1 3087/2/1 3088/3/1
f 3084/1/1 3021/2/1 3083/3/1
f 3005/1/1 3086/2/1 3087/3/1
f 3006/1/1 3086/2/1 3005/3/1
f 3084/1/1 3020/2/1 3021/3/1
f 3085/1/1 3020/2/1 3084/3/1
f 3006/1/1 3085/2/1 3086/3/1
f 3006/1/1 3020/2/1 3085/3/1
f 3007/1/1 3020/2/1 3006/3/1
f 3007/1/1 3019/2/1 3020/3/1
f 3008/1/1 3019/2/1 3007/3/1
f 3008/1/1 3018/2/1 3019/3/1
f 3009/1/1 3018/2/1 3008/3/1
f 3009/1/1 3017/2/1 3018/3/1
f 3010/1/1 3017/2/1 3009/3/1
f 3010/1/1 3016/2/1 3017/3/1
f 3011/1/1 3016/2/1 3010/3/1
f 3011/1/1 3015/2/1 3016/3/1
f 3012/1/1 3015/2/1 3011/3/1
f 3012/1/1 3014/2/1 3015/3/1
f 3013/1/1 3014/2/1 3012/3/1
f 3859/1/2 3858/2/2 3857/3/2
f 3859/1/2 3857/2/2 3856/3/2
f 3856/1/2 3855/2/2 3854/3/2
f 3856/1/2 3854/2/2 3853/3/2
f 3859/1/2 3856/2/2 3861/3/2
f 3861/1/2 3856/2/2 3853/3/2
f 3861/1/2 3853/2/2 3863/3/2
f 3859/1/2 3861/2/2 3860/3/2
f 3862/1/2 3861/2/2 3863/3/2
f 3901/1/2 3900/2/2 3899/3/2
f 3901/1/2 3899/2/2 3898/3/2
f 3902/1/2 3901/2/2 3898/3/2
f 3902/1/2 3898/2/2 3897/3/2
f 3903/1/2 3902/2/2 3897/3/2
f 3903/1/2 3897/2/2 3896/3/2
f 3904/1/2 3903/2/2 3896/3/2
f 3904/1/2 3896/2/2 3895/3/2
f 3905/1/2 3904/2/2 3895/3/2
f 3905/1/2 3895/2/2 3894/3/2
f 3906/1/2 3905/2/2 3924/3/2
f 3924/1/2 3905/2/2 3894/3/2
f 3906/1/2 3924/2/2 3923/3/2
f 3925/1/2 3924/2/2 3894/3/2
f 3926/1/2 3925/2/2 3894/3/2
f 3906/1/2 3923/2/2 3922/3/2
f 3927/1/2 3926/2/2 3894/3/2
f 3906/1/2 3922/2/2 3921/3/2
f 3927/1/2 3894/2/2 3893/3/2
f 3907/1/2 3906/2/2 3921/3/2
f 3928/1/2 3927/2/2 3893/3/2
f 3907/1/2 3921/2/2 3920/3/2
f 3929/1/2 3928/2/2 3893/3/2
f 3907/1/2 3920/2/2 3919/3/2
f 3929/1/2 3893/2/2 3892/3/2
f 3908/1/2 3907/2/2 3919/3/2
f 3930/1/2 3929/2/2 3892/3/2
f 3908/1/2 3919/2/2 3918/3/2
f 3931/1/2 3930/2/2 3892/3/2
f 3908/1/2 3918/2/2 3917/3/2
f 3931/1/2 3892/2/2 3891/3/2
f 3909/1/2 3908/2/2 3917/3/2
f 3932/1/2 3931/2/2 3891/3/2
f 3909/1/2 3917/2/2 3916/3/2
f 3932/1/2 3891/2/2 3890/3/2
f 3910/1/2 3909/2/2 3916/3/2
f 3933/1/2 3932/2/2 3890/3/2
f 3910/1/2 3916/2/2 3915/3/2
f 3934/1/2 3933/2/2 3890/3/2
f 3910/1/2 3915/2/2 3914/3/2
f 3934/1/2 3890/2/2 3889/3/2
f 3911/1/2 3910/2/2 3914/3/2
f 3935/1/2 3934/2/2 3889/3/2
f 3911/1/2 3914/2/2 3913/3/2
f 3935/1/2 3889/2/2 3888/3/2
f 3864/1/2 3911/2/2 3913/3/2
f 3936/1/2 3935/2/2 3888/3/2
f 3864/1/2 3913/2/2 3912/3/2
f 3865/1/2 3864/2/2 3912/3/2
f 3865/1/2 3912/2/2 3959/3/2
f 3937/1/2 3936/2/2 3888/3/2
f 3937/1/2 3888/2/2 3887/3/2
f 3865/1/2 3959/2/2 3958/3/2
f 3938/1/2 3937/2/2 3887/3/2
f 3938/1/2 3887/2/2 3886/3/2
f 3866/1/2 3865/2/2 3958/3/2
f 3866/1/2 3958/2/2 3957/3/2
f 3939/1/2 3938/2/2 3886/3/2
f 3939/1/2 3886/2/2 3885/3/2
f 3867/1/2 3866/2/2 3957/3/2
f 3940/1/2 3939/2/2 3885/3/2
f 3867/1/2 3957/2/2 3956/3/2
f 3940/1/2 3885/2/2 3884/3/2
f 3868/1/2 3867/2/2 3956/3/2
f 3941/1/2 3940/2/2 3884/3/2
f 3868/1/2 3956/2/2 3955/3/2
f 3942/1/2 3941/2/2 3884/3/2
f 3868/1/2 3955/2/2 3954/3/2
f 3942/1/2 3884/2/2 3883/3/2
f 3869/1/2 3868/2/2 3954/3/2
f 3943/1/2 3942/2/2 3883/3/2
f 3869/1/2 3954/2/2 3953/3/2
f 3944/1/2 3943/2/2 3883/3/2
f 3869/1/2 3953/2/2 3952/3/2
f 3944/1/2 3883/2/2 3882/3/2
f 3870/1/2 3869/2/2 3952/3/2
f 3945/1/2 3944/2/2 3882/3/2
f 3870/1/2 3952/2/2 3951/3/2
f 3946/1/2 3945/2/2 3882/3/2
f 3870/1/2 3951/2/2 3950/3/2
f 3946/1/2 3882/2/2 3881/3/2
f 3871/1/2 3870/2/2 3950/3/2
f 3947/1/2 3946/2/2 3881/3/2
f 3871/1/2 3950/2/2 3949/3/2
f 3948/1/2 3947/2/2 3881/3/2
f 3871/1/2 3949/2/2 3948/3/2
f 3871/1/2 3948/2/2 3881/3/2
f 3871/1/2 3881/2/2 3880/3/2
f 3872/1/2 3871/2/2 3880/3/2
f 3872/1/2 3880/2/2 3879/3/2
f 3873/1/2 3872/2/2 3879/3/2
f 3873/1/2 3879/2/2 3878/3/2
f 3874/1/2 3873/2/2 3878/3/2
f 3874/1/2 3878/2/2 3877/3/2
f 3875/1/2 3874/2/2 3877/3/2
f 3875/1/2 3877/2/2 3876/3/2
f 3961/1/2 3960/2/2 4027/3/2
f 4027/1/2 3960/2/2 4026/3/2
f 4027/1/2 4026/2/2 4025/3/2
f 4027/1/2 4025/2/2 4024/3/2
f 4027/1/2 4024/2/2 4023/3/2
f 4027/1/2 4023/2/2 4022/3/2
f 4027/1/2 4022/2/2 4021/3/2
f 4027/1/2 4021/2/2 4020/3/2
f 4027/1/2 4020/2/2 4019/3/2
f 4027/1/2 4019/2/2 4028/3/2
f 4028/1/2 4019/2/2 4018/3/2
f 3961/1/2 4027/2/2 4053/3/2
f 4029/1/2 4028/2/2 4018/3/2
f 4030/1/2 4029/2/2 4018/3/2
f 4031/1/2 4030/2/2 4018/3/2
f 4031/1/2 4018/2/2 4017/3/2
f 4032/1/2 4031/2/2 4017/3/2
f 4033/1/2 4032/2/2 4017/3/2
f 4034/1/2 4033/2/2 4017/3/2
f 4034/1/2 4017/2/2 4016/3/2
f 4035/1/2 4034/2/2 4016/3/2
f 4036/1/2 4035/2/2 4016/3/2
f 4037/1/2 4036/2/2 4016/3/2
f 4037/1/2 4016/2/2 4015/3/2
f 4038/1/2 4037/2/2 4015/3/2
f 4039/1/2 4038/2/2 4015/3/2
f 4039/1/2 4015/2/2 4014/3/2
f 4040/1/2 4039/2/2 4014/3/2
f 4041/1/2 4040/2/2 4014/3/2
f 4041/1/2 4014/2/2 4013/3/2
f 4042/1/2 4041/2/2 4013/3/2
f 4042/1/2 4013/2/2 4012/3/2
f 4043/1/2 4042/2/2 4012/3/2
f 4044/1/2 4043/2/2 4012/3/2
f 4044/1/2 4012/2/2 4011/3/2
f 4045/1/2 4044/2/2 4011/3/2
f 4045/1/2 4011/2/2 4010/3/2
f 4046/1/2 4045/2/2 4010/3/2
f 4046/1/2 4010/2/2 4009/3/2
f 4047/1/2 4046/2/2 4009/3/2
f 4048/1/2 4047/2/2 4009/3/2
f 4048/1/2 4009/2/2 4008/3/2
f 4049/1/2 4048/2/2 4008/3/2
f 4050/1/2 4049/2/2 4008/3/2
f 4050/1/2 4008/2/2 4007/3/2
f 4051/1/2 4050/2/2 4007/3/2
f 4052/1/2 4051/2/2 4007/3/2
f 3961/1/2 4053/2/2 3963/3/2
f 3963/1/2 4053/2/2 4052/3/2
f 3963/1/2 4052/2/2 4007/3/2
f 3963/1/2 4007/2/2 4006/3/2
f 3963/1/2 4006/2/2 4005/3/2
f 3963/1/2 4005/2/2 4004/3/2
f 3963/1/2 4004/2/2 4003/3/2
f 3963/1/2 4003/2/2 4002/3/2
f 3963/1/2 4002/2/2 4001/3/2
f 3963/1/2 4001/2/2 4000/3/2
f 3963/1/2 4000/2/2 3964/3/3
f 3964/1/3 4000/2/2 3965/3/4
f 3965/1/4 4000/2/2 3999/3/2
f 3961/1/2 3963/2/2 3962/3/2
f 3966/1/2 3965/2/4 3999/3/2
f 3967/1/2 3966/2/2 3999/3/2
f 3968/1/2 3967/2/2 3999/3/2
f 3968/1/2 3999/2/2 3998/3/2
f 3969/1/2 3968/2/2 3998/3/2
f 3970/1/2 3969/2/2 3998/3/2
f 3970/1/2 3998/2/2 3997/3/2
f 3971/1/2 3970/2/2 3997/3/2
f 3971/1/2 3997/2/2 3996/3/2
f 3972/1/2 3971/2/2 3996/3/2
f 3972/1/2 3996/2/2 3995/3/2
f 3973/1/2 3972/2/2 3995/3/2
f 3973/1/2 3995/2/2 3994/3/2
f 3974/1/2 3973/2/2 3994/3/2
f 3974/1/2 3994/2/2 3993/3/2
f 3975/1/2 3974/2/2 3993/3/2
f 3975/1/2 3993/2/2 3992/3/2
f 3975/1/2 3992/2/2 3991/3/2
f 3976/1/2 3975/2/2 3991/3/2
f 3976/1/2 3991/2/2 3990/3/2
f 3977/1/2 3976/2/2 3990/3/2
f 3977/1/2 3990/2/2 3989/3/2
f 3977/1/2 3989/2/2 3988/3/2
f 3977/1/2 3988/2/2 3987/3/2
f 3977/1/2 3987/2/2 3986/3/2
f 3977/1/2 3986/2/2 3985/3/2
f 3977/1/2 3985/2/2 3984/3/2
f 3977/1/2 3984/2/2 3983/3/2
f 3977/1/2 3983/2/2 3982/3/2
f 3977/1/2 3982/2/2 3981/3/2
f 3977/1/2 3981/2/2 3980/3/2
f 3977/1/2 3980/2/2 3979/3/2
f 3977/1/2 3979/2/2 3978/3/2
f 4067/1/2 4066/2/2 4065/3/2
f 4067/1/2 4065/2/2 4064/3/2
f 4068/1/2 4067/2/2 4064/3/2
f 4068/1/2 4064/2/2 4063/3/2
f 4069/1/2 4068/2/2 4063/3/2
f 4069/1/2 4063/2/2 4062/3/2
f 4070/1/2 4069/2/2 4062/3/2
f 4071/1/2 4070/2/2 4062/3/2
f 4071/1/2 4062/2/2 4061/3/2
f 4072/1/2 4071/2/2 4061/3/2
f 4072/1/2 4061/2/2 4138/3/2
f 4138/1/2 4061/2/2 4060/3/2
f 4072/1/2 4138/2/2 4137/3/2
f 4139/1/2 4138/2/2 4060/3/2
f 4072/1/2 4137/2/2 4136/3/2
f 4140/1/2 4139/2/2 4060/3/2
f 4073/1/2 4072/2/2 4136/3/2
f 4140/1/2 4060/2/2 4059/3/2
f 4073/1/2 4136/2/2 4135/3/2
f 4141/1/2 4140/2/2 4059/3/2
f 4073/1/2 4135/2/2 4134/3/2
f 4142/1/2 4141/2/2 4059/3/2
f 4073/1/2 4134/2/2 4133/3/2
f 4143/1/2 4142/2/2 4059/3/2
f 4074/1/2 4073/2/2 4133/3/2
f 4143/1/2 4059/2/2 4058/3/2
f 4074/1/2 4133/2/2 4132/3/2
f 4144/1/2 4143/2/2 4058/3/2
f 4074/1/2 4132/2/2 4131/3/2
f 4145/1/2 4144/2/2 4058/3/2
f 4075/1/2 4074/2/2 4131/3/2
f 4145/1/2 4058/2/2 4057/3/2
f 4075/1/2 4131/2/2 4130/3/2
f 4146/1/2 4145/2/2 4057/3/2
f 4076/1/2 4075/2/2 4130/3/2
f 4146/1/2 4057/2/2 4056/3/2
f 4076/1/2 4130/2/2 4129/3/2
f 4147/1/2 4146/2/2 4056/3/2
f 4076/1/2 4129/2/2 4128/3/2
f 4148/1/2 4147/2/2 4056/3/2
f 4077/1/2 4076/2/2 4128/3/2
f 4148/1/2 4056/2/2 4055/3/2
f 4077/1/2 4128/2/2 4127/3/2
f 4149/1/2 4148/2/2 4055/3/2
f 4078/1/2 4077/2/2 4127/3/2
f 4149/1/2 4055/2/2 4054/3/2
f 4078/1/2 4127/2/2 4126/3/2
f 4102/1/2 4149/2/2 4054/3/2
f 4079/1/2 4078/2/2 4126/3/2
f 4079/1/2 4126/2/2 4125/3/2
f 4103/1/2 4102/2/2 4054/3/2
f 4103/1/2 4054/2/2 4101/3/2
f 4079/1/2 4125/2/2 4124/3/2
f 4104/1/2 4103/2/2 4101/3/2
f 4080/1/2 4079/2/2 4124/3/2
f 4104/1/2 4101/2/2 4100/3/2
f 4080/1/2 4124/2/2 4123/3/2
f 4105/1/2 4104/2/2 4100/3/2
f 4081/1/2 4080/2/2 4123/3/2
f 4105/1/2 4100/2/2 4099/3/2
f 4106/1/2 4105/2/2 4099/3/2
f 4081/1/2 4123/2/2 4122/3/2
f 4107/1/2 4106/2/2 4099/3/2
f 4081/1/2 4122/2/2 4121/3/2
f 4082/1/2 4081/2/2 4121/3/2
f 4107/1/2 4099/2/2 4098/3/2
f 4108/1/2 4107/2/2 4098/3/2
f 4082/1/2 4121/2/2 4120/3/2
f 4083/1/2 4082/2/2 4120/3/2
f 4108/1/2 4098/2/2 4097/3/2
f 4109/1/2 4108/2/2 4097/3/2
f 4083/1/2 4120/2/2 4119/3/2
f 4110/1/2 4109/2/2 4097/3/2
f 4083/1/2 4119/2/2 4118/3/2
f 4084/1/2 4083/2/2 4118/3/2
f 4110/1/2 4097/2/2 4096/3/2
f 4111/1/2 4110/2/2 4096/3/2
f 4084/1/2 4118/2/2 4117/3/2
f 4112/1/2 4111/2/2 4096/3/2
f 4084/1/2 4117/2/2 4116/3/2
f 4113/1/2 4112/2/2 4096/3/2
f 4084/1/2 4116/2/2 4115/3/2
f 4085/1/2 4084/2/2 4115/3/2
f 4113/1/2 4096/2/2 4095/3/2
f 4114/1/2 4113/2/2 4095/3/2
f 4085/1/2 4115/2/2 4114/3/2
f 4085/1/2 4114/2/2 4095/3/2
f 4086/1/2 4085/2/2 4095/3/2
f 4086/1/2 4095/2/2 4094/3/2
f 4087/1/2 4086/2/2 4094/3/2
f 4087/1/2 4094/2/2 4093/3/2
f 4088/1/2 4087/2/2 4093/3/2
f 4088/1/2 4093/2/2 4092/3/2
f 4089/1/2 4088/2/2 4092/3/2
f 4089/1/2 4092/2/2 4091/3/2
f 4090/1/2 4089/2/2 4091/3/2
f 4285/1/2 4284/2/2 4283/3/2
f 4286/1/4 4285/2/2 4283/3/2
f 4287/1/2 4286/2/4 4283/3/2
f 4287/1/2 4283/2/2 4282/3/2
f 4288/1/2 4287/2/2 4282/3/2
f 4289/1/2 4288/2/2 4282/3/2
f 4290/1/2 4289/2/2 4282/3/2
f 4290/1/2 4282/2/2 4281/3/2
f 4291/1/2 4290/2/2 4281/3/2
f 4292/1/2 4291/2/2 4281/3/2
f 4293/1/2 4292/2/2 4281/3/2
f 4293/1/2 4281/2/2 4280/3/2
f 4294/1/2 4293/2/2 4280/3/2
f 4295/1/2 4294/2/2 4280/3/2
f 4295/1/2 4280/2/2 4279/3/2
f 4296/1/2 4295/2/2 4279/3/2
f 4150/1/2 4296/2/2 4151/3/2
f 4151/1/2 4296/2/2 4152/3/2
f 4152/1/2 4296/2/2 4153/3/2
f 4153/1/2 4296/2/2 4154/3/2
f 4154/1/2 4296/2/2 4279/3/2
f 4154/1/2 4279/2/2 4155/3/2
f 4155/1/2 4279/2/2 4156/3/2
f 4156/1/2 4279/2/2 4278/3/2
f 4156/1/2 4278/2/2 4157/3/2
f 4157/1/2 4278/2/2 4158/3/2
f 4158/1/2 4278/2/2 4277/3/2
f 4158/1/2 4277/2/2 4159/3/5
f 4159/1/5 4277/2/2 4160/3/2
f 4160/1/2 4277/2/2 4161/3/4
f 4161/1/4 4277/2/2 4276/3/2
f 4161/1/4 4276/2/2 4162/3/2
f 4162/1/2 4276/2/2 4163/3/2
f 4163/1/2 4276/2/2 4275/3/2
f 4164/1/2 4163/2/2 4275/3/2
f 4165/1/2 4164/2/2 4275/3/2
f 4166/1/2 4165/2/2 4275/3/2
f 4166/1/2 4275/2/2 4274/3/2
f 4167/1/2 4166/2/2 4274/3/2
f 4168/1/2 4167/2/2 4274/3/2
f 4169/1/2 4168/2/2 4274/3/2
f 4169/1/2 4274/2/2 4273/3/2
f 4170/1/2 4169/2/2 4273/3/2
f 4171/1/2 4170/2/2 4273/3/2
f 4171/1/2 4273/2/2 4272/3/2
f 4172/1/2 4171/2/2 4272/3/2
f 4173/1/2 4172/2/2 4272/3/2
f 4173/1/2 4272/2/2 4271/3/2
f 4174/1/2 4173/2/2 4271/3/2
f 4175/1/2 4174/2/2 4271/3/2
f 4175/1/2 4271/2/2 4270/3/2
f 4176/1/2 4175/2/2 4270/3/2
f 4176/1/2 4270/2/2 4269/3/2
f 4177/1/2 4176/2/2 4269/3/2
f 4177/1/2 4269/2/2 4268/3/2
f 4178/1/2 4177/2/2 4268/3/2
f 4178/1/2 4268/2/2 4267/3/2
f 4179/1/2 4178/2/2 4267/3/2
f 4179/1/2 4267/2/2 4266/3/2
f 4180/1/2 4179/2/2 4266/3/2
f 4181/1/2 4180/2/2 4266/3/2
f 4181/1/2 4266/2/2 4265/3/2
f 4182/1/2 4181/2/2 4265/3/2
f 4182/1/2 4265/2/2 4264/3/2
f 4183/1/2 4182/2/2 4264/3/2
f 4184/1/2 4183/2/2 4264/3/2
f 4185/1/2 4184/2/2 4264/3/2
f 4185/1/2 4264/2/2 4263/3/2
f 4186/1/2 4185/2/2 4263/3/2
f 4187/1/2 4186/2/2 4263/3/2
f 4187/1/2 4263/2/2 4262/3/2
f 4187/1/2 4262/2/2 4261/3/2
f 4187/1/2 4261/2/2 4260/3/2
f 4187/1/2 4260/2/2 4259/3/2
f 4187/1/2 4259/2/2 4258/3/2
f 4187/1/2 4258/2/2 4257/3/2
f 4187/1/2 4257/2/2 4256/3/2
f 4187/1/2 4256/2/2 4255/3/2
f 4187/1/2 4255/2/2 4188/3/2
f 4188/1/2 4255/2/2 4254/3/2
f 4189/1/4 4188/2/2 4254/3/2
f 4190/1/2 4189/2/4 4254/3/2
f 4191/1/2 4190/2/2 4254/3/2
f 4191/1/2 4254/2/2 4253/3/2
f 4192/1/2 4191/2/2 4253/3/2
f 4193/1/2 4192/2/2 4253/3/2
f 4193/1/2 4253/2/2 4252/3/2
f 4194/1/2 4193/2/2 4252/3/2
f 4194/1/2 4252/2/2 4251/3/2
f 4195/1/2 4194/2/2 4251/3/2
f 4196/1/2 4195/2/2 4251/3/2
f 4196/1/2 4251/2/2 4250/3/2
f 4197/1/2 4196/2/2 4250/3/2
f 4197/1/2 4250/2/2 4249/3/2
f 4198/1/2 4197/2/2 4249/3/2
f 4198/1/2 4249/2/2 4248/3/2
f 4199/1/2 4198/2/2 4248/3/2
f 4199/1/2 4248/2/2 4247/3/2
f 4200/1/2 4199/2/2 4247/3/2
f 4201/1/2 4200/2/2 4247/3/2
f 4201/1/2 4247/2/2 4246/3/2
f 4202/1/2 4201/2/2 4246/3/2
f 4203/1/2 4202/2/2 4246/3/2
f 4203/1/2 4246/2/2 4245/3/2
f 4224/1/2 4223/2/2 4222/3/2
f 4204/1/2 4203/2/2 4245/3/2
f 4224/1/2 4222/2/2 4221/3/2
f 4205/1/2 4204/2/2 4245/3/2
f 4224/1/2 4221/2/2 4220/3/2
f 4205/1/2 4245/2/2 4244/3/2
f 4206/1/2 4205/2/2 4244/3/2
f 4224/1/2 4220/2/2 4219/3/2
f 4224/1/2 4219/2/2 4218/3/2
f 4207/1/2 4206/2/2 4244/3/2
f 4224/1/2 4218/2/2 4217/3/2
f 4208/1/2 4207/2/2 4244/3/2
f 4224/1/2 4217/2/2 4216/3/2
f 4224/1/2 4216/2/2 4215/3/2
f 4209/1/2 4208/2/2 4244/3/2
f 4209/1/2 4244/2/2 4243/3/2
f 4224/1/2 4215/2/2 4214/3/2
f 4210/1/2 4209/2/2 4243/3/2
f 4224/1/2 4214/2/2 4213/3/2
f 4224/1/2 4213/2/2 4212/3/2
f 4211/1/2 4210/2/2 4243/3/2
f 4224/1/2 4212/2/2 4211/3/2
f 4224/1/2 4211/2/2 4243/3/2
f 4224/1/2 4243/2/2 4242/3/2
f 4224/1/2 4242/2/2 4241/3/2
f 4224/1/2 4241/2/2 4240/3/2
f 4225/1/2 4224/2/2 4240/3/2
f 4226/1/2 4225/2/2 4240/3/2
f 4227/1/2 4226/2/2 4240/3/2
f 4227/1/2 4240/2/2 4239/3/2
f 4228/1/2 4227/2/2 4239/3/2
f 4229/1/2 4228/2/2 4239/3/2
f 4229/1/2 4239/2/2 4238/3/2
f 4230/1/2 4229/2/2 4238/3/2
f 4231/1/2 4230/2/2 4238/3/2
f 4232/1/2 4231/2/2 4238/3/2
f 4232/1/2 4238/2/2 4237/3/2
f 4233/1/2 4232/2/2 4237/3/2
f 4234/1/2 4233/2/2 4237/3/2
f 4234/1/2 4237/2/2 4236/3/2
f 4235/1/2 4234/2/2 4236/3/2
f 4310/1/2 4309/2/2 4308/3/2
f 4310/1/2 4308/2/2 4307/3/2
f 4311/1/2 4310/2/2 4307/3/2
f 4311/1/2 4307/2/2 4306/3/2
f 4312/1/2 4311/2/2 4306/3/2
f 4312/1/2 4306/2/2 4305/3/2
f 4313/1/2 4312/2/2 4305/3/2
f 4314/1/2 4313/2/2 4305/3/2
f 4314/1/2 4305/2/2 4304/3/2
f 4315/1/2 4314/2/2 4304/3/2
f 4315/1/2 4304/2/2 4381/3/2
f 4381/1/2 4304/2/2 4303/3/2
f 4315/1/2 4381/2/2 4380/3/2
f 4382/1/2 4381/2/2 4303/3/2
f 4315/1/2 4380/2/2 4379/3/2
f 4383/1/2 4382/2/2 4303/3/2
f 4316/1/2 4315/2/2 4379/3/2
f 4383/1/2 4303/2/2 4302/3/2
f 4316/1/2 4379/2/2 4378/3/2
f 4384/1/2 4383/2/2 4302/3/2
f 4316/1/2 4378/2/2 4377/3/2
f 4385/1/2 4384/2/2 4302/3/2
f 4316/1/2 4377/2/2 4376/3/2
f 4386/1/2 4385/2/2 4302/3/2
f 4317/1/2 4316/2/2 4376/3/2
f 4386/1/2 4302/2/2 4301/3/2
f 4317/1/2 4376/2/2 4375/3/2
f 4387/1/2 4386/2/2 4301/3/2
f 4317/1/2 4375/2/2 4374/3/2
f 4388/1/2 4387/2/2 4301/3/2
f 4318/1/2 4317/2/2 4374/3/2
f 4388/1/2 4301/2/2 4300/3/2
f 4318/1/2 4374/2/2 4373/3/2
f 4389/1/2 4388/2/2 4300/3/2
f 4319/1/2 4318/2/2 4373/3/2
f 4389/1/2 4300/2/2 4299/3/2
f 4319/1/2 4373/2/2 4372/3/2
f 4390/1/2 4389/2/2 4299/3/2
f 4319/1/2 4372/2/2 4371/3/2
f 4391/1/2 4390/2/2 4299/3/2
f 4320/1/2 4319/2/2 4371/3/2
f 4391/1/2 4299/2/2 4298/3/2
f 4320/1/2 4371/2/2 4370/3/2
f 4392/1/2 4391/2/2 4298/3/2
f 4321/1/2 4320/2/2 4370/3/2
f 4392/1/2 4298/2/2 4297/3/2
f 4321/1/2 4370/2/2 4369/3/2
f 4345/1/2 4392/2/2 4297/3/2
f 4322/1/2 4321/2/2 4369/3/2
f 4322/1/2 4369/2/2 4368/3/2
f 4346/1/2 4345/2/2 4297/3/2
f 4346/1/2 4297/2/2 4344/3/2
f 4322/1/2 4368/2/2 4367/3/2
f 4347/1/2 4346/2/2 4344/3/2
f 4323/1/2 4322/2/2 4367/3/2
f 4347/1/2 4344/2/2 4343/3/2
f 4323/1/2 4367/2/2 4366/3/2
f 4348/1/2 4347/2/2 4343/3/2
f 4324/1/2 4323/2/2 4366/3/2
f 4348/1/2 4343/2/2 4342/3/2
f 4349/1/2 4348/2/2 4342/3/2
f 4324/1/2 4366/2/2 4365/3/2
f 4350/1/2 4349/2/2 4342/3/2
f 4324/1/2 4365/2/2 4364/3/2
f 4325/1/2 4324/2/2 4364/3/2
f 4350/1/2 4342/2/2 4341/3/2
f 4351/1/2 4350/2/2 4341/3/2
f 4325/1/2 4364/2/2 4363/3/2
f 4326/1/2 4325/2/2 4363/3/2
f 4351/1/2 4341/2/2 4340/3/2
f 4352/1/2 4351/2/2 4340/3/2
f 4326/1/2 4363/2/2 4362/3/2
f 4353/1/2 4352/2/2 4340/3/2
f 4326/1/2 4362/2/2 4361/3/2
f 4327/1/2 4326/2/2 4361/3/2
f 4353/1/2 4340/2/2 4339/3/2
f 4354/1/2 4353/2/2 4339/3/2
f 4327/1/2 4361/2/2 4360/3/2
f 4355/1/2 4354/2/2 4339/3/2
f 4327/1/2 4360/2/2 4359/3/2
f 4356/1/2 4355/2/2 4339/3/2
f 4327/1/2 4359/2/2 4358/3/2
f 4328/1/2 4327/2/2 4358/3/2
f 4356/1/2 4339/2/2 4338/3/2
f 4357/1/2 4356/2/2 4338/3/2
f 4328/1/2 4358/2/2 4357/3/2
f 4328/1/2 4357/2/2 4338/3/2
f 4329/1/2 4328/2/2 4338/3/2
f 4329/1/2 4338/2/2 4337/3/2
f 4330/1/2 4329/2/2 4337/3/2
f 4330/1/2 4337/2/2 4336/3/2
f 4331/1/2 4330/2/2 4336/3/2
f 4331/1/2 4336/2/2 4335/3/2
f 4332/1/2 4331/2/2 4335/3/2
f 4332/1/2 4335/2/2 4334/3/2
f 4333/1/2 4332/2/2 4334/3/2
f 3698/1/2 3697/2/3 3696/3/2
f 3699/1/2 3698/2/2 3696/3/2
f 3699/1/2 3696/2/2 3695/3/2
f 3700/1/2 3699/2/2 3695/3/2
f 3700/1/2 3695/2/2 3694/3/2
f 3701/1/2 3700/2/2 3694/3/2
f 3701/1/2 3694/2/2 3693/3/2
f 3702/1/2 3701/2/2 3693/3/2
f 3702/1/2 3693/2/2 3692/3/2
f 3703/1/2 3702/2/2 3692/3/2
f 3703/1/2 3692/2/2 3691/3/2
f 3704/1/2 3703/2/2 3691/3/2
f 3704/1/2 3691/2/2 3690/3/2
f 3705/1/2 3704/2/2 3690/3/2
f 3705/1/2 3690/2/2 3793/3/2
f 3793/1/2 3690/2/2 3689/3/2
f 3705/1/2 3793/2/2 3792/3/2
f 3794/1/3 3793/2/2 3689/3/2
f 3705/1/2 3792/2/2 3791/3/2
f 3795/1/2 3794/2/3 3689/3/2
f 3706/1/2 3705/2/2 3791/3/2
f 3706/1/2 3791/2/2 3790/3/2
f 3795/1/2 3689/2/2 3688/3/2
f 3796/1/2 3795/2/2 3688/3/2
f 3706/1/2 3790/2/2 3789/3/2
f 3797/1/2 3796/2/2 3688/3/2
f 3706/1/2 3789/2/2 3788/3/2
f 3798/1/2 3797/2/2 3688/3/2
f 3706/1/2 3788/2/2 3787/3/2
f 3799/1/2 3798/2/2 3688/3/2
f 3707/1/2 3706/2/2 3787/3/2
f 3799/1/2 3688/2/2 3687/3/2
f 3707/1/2 3787/2/2 3786/3/2
f 3800/1/2 3799/2/2 3687/3/2
f 3707/1/2 3786/2/2 3785/3/2
f 3801/1/2 3800/2/2 3687/3/2
f 3707/1/2 3785/2/2 3784/3/2
f 3708/1/2 3707/2/2 3784/3/2
f 3802/1/2 3801/2/2 3687/3/2
f 3802/1/2 3687/2/2 3686/3/2
f 3708/1/2 3784/2/2 3783/3/2
f 3803/1/2 3802/2/2 3686/3/2
f 3708/1/2 3783/2/2 3782/3/2
f 3804/1/2 3803/2/2 3686/3/2
f 3709/1/2 3708/2/2 3782/3/2
f 3804/1/2 3686/2/2 3685/3/2
f 3709/1/2 3782/2/2 3781/3/2
f 3757/1/2 3804/2/2 3685/3/2
f 3709/1/2 3781/2/2 3780/3/2
f 3710/1/2 3709/2/2 3780/3/2
f 3758/1/2 3757/2/2 3685/3/2
f 3758/1/2 3685/2/2 3684/3/2
f 3710/1/2 3780/2/2 3779/3/2
f 3759/1/2 3758/2/2 3684/3/2
f 3711/1/2 3710/2/2 3779/3/2
f 3759/1/2 3684/2/2 3683/3/2
f 3711/1/2 3779/2/2 3778/3/2
f 3760/1/2 3759/2/2 3683/3/2
f 3760/1/2 3683/2/2 3682/3/2
f 3712/1/2 3711/2/2 3778/3/2
f 3712/1/2 3778/2/2 3777/3/2
f 3761/1/2 3760/2/2 3682/3/2
f 3761/1/2 3682/2/2 3681/3/2
f 3713/1/2 3712/2/2 3777/3/2
f 3713/1/2 3777/2/2 3776/3/2
f 3762/1/2 3761/2/2 3681/3/2
f 3762/1/2 3681/2/2 3680/3/2
f 3714/1/2 3713/2/2 3776/3/2
f 3714/1/2 3776/2/2 3775/3/2
f 3763/1/2 3762/2/2 3680/3/2
f 3763/1/2 3680/2/2 3679/3/2
f 3715/1/2 3714/2/2 3775/3/2
f 3715/1/2 3775/2/2 3774/3/2
f 3764/1/2 3763/2/2 3679/3/2
f 3764/1/2 3679/2/2 3678/3/2
f 3715/1/2 3774/2/2 3773/3/2
f 3765/1/2 3764/2/2 3678/3/2
f 3716/1/2 3715/2/2 3773/3/2
f 3716/1/2 3773/2/2 3772/3/2
f 3766/1/2 3765/2/2 3678/3/2
f 3766/1/2 3678/2/2 3677/3/2
f 3717/1/2 3716/2/2 3772/3/2
f 3717/1/2 3772/2/2 3771/3/2
f 3767/1/2 3766/2/2 3677/3/2
f 3717/1/2 3771/2/2 3770/3/2
f 3768/1/3 3767/2/2 3677/3/2
f 3717/1/2 3770/2/2 3769/3/2
f 3769/1/2 3768/2/3 3677/3/2
f 3717/1/2 3769/2/2 3677/3/2
f 3717/1/2 3677/2/2 3676/3/2
f 3718/1/2 3717/2/2 3676/3/2
f 3718/1/2 3676/2/2 3675/3/2
f 3719/1/2 3718/2/2 3675/3/2
f 3719/1/2 3675/2/2 3674/3/2
f 3720/1/2 3719/2/2 3674/3/2
f 3720/1/2 3674/2/2 3673/3/2
f 3721/1/2 3720/2/2 3673/3/2
f 3722/1/2 3721/2/2 3673/3/2
f 3722/1/2 3673/2/2 3672/3/2
f 3722/1/2 3672/2/2 3671/3/2
f 3723/1/2 3722/2/2 3671/3/2
f 3723/1/2 3671/2/2 3670/3/2
f 3724/1/2 3723/2/2 3670/3/2
f 3724/1/2 3670/2/2 3669/3/2
f 3725/1/2 3724/2/2 3669/3/2
f 3725/1/2 3669/2/2 3841/3/2
f 3841/1/2 3669/2/2 3668/3/2
f 3726/1/2 3725/2/2 3841/3/2
f 3726/1/2 3841/2/2 3840/3/6
f 3842/1/2 3841/2/2 3668/3/2
f 3726/1/2 3840/2/6 3839/3/2
f 3843/1/2 3842/2/2 3668/3/2
f 3726/1/2 3839/2/2 3838/3/2
f 3844/1/2 3843/2/2 3668/3/2
f 3844/1/2 3668/2/2 3667/3/2
f 3727/1/2 3726/2/2 3838/3/2
f 3727/1/2 3838/2/2 3837/3/2
f 3845/1/2 3844/2/2 3667/3/2
f 3727/1/2 3837/2/2 3836/3/2
f 3846/1/2 3845/2/2 3667/3/2
f 3846/1/2 3667/2/2 3666/3/2
f 3728/1/2 3727/2/2 3836/3/2
f 3728/1/2 3836/2/2 3835/3/2
f 3847/1/2 3846/2/2 3666/3/2
f 3728/1/2 3835/2/2 3834/3/2
f 3848/1/2 3847/2/2 3666/3/2
f 3729/1/2 3728/2/2 3834/3/2
f 3848/1/2 3666/2/2 3665/3/2
f 3729/1/2 3834/2/2 3833/3/2
f 3849/1/2 3848/2/2 3665/3/2
f 3730/1/2 3729/2/2 3833/3/2
f 3849/1/2 3665/2/2 3664/3/2
f 3730/1/2 3833/2/2 3832/3/2
f 3850/1/2 3849/2/2 3664/3/2
f 3730/1/2 3832/2/2 3831/3/2
f 3731/1/2 3730/2/2 3831/3/2
f 3851/1/2 3850/2/2 3664/3/2
f 3851/1/2 3664/2/2 3663/3/2
f 3731/1/2 3831/2/2 3830/3/2
f 3852/1/2 3851/2/2 3663/3/2
f 3732/1/2 3731/2/2 3830/3/2
f 3852/1/2 3663/2/2 3662/3/2
f 3732/1/2 3830/2/2 3829/3/2
f 3805/1/2 3852/2/2 3662/3/2
f 3733/1/2 3732/2/2 3829/3/2
f 3805/1/2 3662/2/2 3661/3/2
f 3733/1/2 3829/2/2 3828/3/2
f 3806/1/2 3805/2/2 3661/3/2
f 3734/1/2 3733/2/2 3828/3/2
f 3806/1/2 3661/2/2 3756/3/2
f 3807/1/2 3806/2/2 3756/3/2
f 3734/1/2 3828/2/2 3827/3/2
f 3808/1/2 3807/2/2 3756/3/2
f 3734/1/2 3827/2/2 3826/3/2
f 3735/1/2 3734/2/2 3826/3/2
f 3808/1/2 3756/2/2 3755/3/2
f 3809/1/2 3808/2/2 3755/3/2
f 3735/1/2 3826/2/2 3825/3/2
f 3810/1/2 3809/2/2 3755/3/2
f 3735/1/2 3825/2/2 3824/3/2
f 3736/1/2 3735/2/2 3824/3/2
f 3810/1/2 3755/2/2 3754/3/2
f 3811/1/2 3810/2/2 3754/3/2
f 3736/1/2 3824/2/2 3823/3/2
f 3812/1/2 3811/2/2 3754/3/2
f 3736/1/2 3823/2/2 3822/3/2
f 3737/1/2 3736/2/2 3822/3/2
f 3812/1/2 3754/2/2 3753/3/2
f 3813/1/2 3812/2/2 3753/3/2
f 3737/1/2 3822/2/2 3821/3/2
f 3814/1/2 3813/2/2 3753/3/2
f 3737/1/2 3821/2/2 3820/3/2
f 3815/1/2 3814/2/2 3753/3/2
f 3737/1/2 3820/2/2 3819/3/2
f 3816/1/2 3815/2/2 3753/3/2
f 3737/1/2 3819/2/2 3818/3/2
f 3738/1/2 3737/2/2 3818/3/2
f 3816/1/2 3753/2/2 3752/3/2
f 3817/1/2 3816/2/2 3752/3/2
f 3738/1/2 3818/2/2 3817/3/2
f 3738/1/2 3817/2/2 3752/3/2
f 3739/1/2 3738/2/2 3752/3/2
f 3739/1/2 3752/2/2 3751/3/2
f 3740/1/2 3739/2/2 3751/3/2
f 3740/1/2 3751/2/2 3750/3/2
f 3741/1/2 3740/2/2 3750/3/2
f 3741/1/2 3750/2/2 3749/3/2
f 3742/1/2 3741/2/2 3749/3/2
f 3742/1/2 3749/2/2 3748/3/2
f 3743/1/2 3742/2/2 3748/3/2
f 3743/1/2 3748/2/2 3747/3/2
f 3744/1/2 3743/2/2 3747/3/2
f 3744/1/2 3747/2/2 3746/3/2
f 3745/1/3 3744/2/2 3746/3/2
f 2951/1/7 3683/2/7 3684/3/8 2952/4/8
f 3472/1/9 4204/2/9 4205/3/10 3473/4/10
f 3058/1/11 3790/2/11 3791/3/12 3059/4/12
f 2985/1/13 3717/2/13 3718/3/14 2986/4/14
f 3563/1/15 4295/2/15 4296/3/16 3564/4/16
f 3208/1/17 3940/2/17 3941/3/18 3209/4/18
f 3572/1/19 4304/2/19 4305/3/20 3573/4/20
f 3065/1/21 3797/2/21 3798/3/22 3066/4/22
f 3477/1/23 4209/2/23 4210/3/24 3478/4/24
f 3486/1/25 4218/2/25 4219/3/26 3487/4/26
f 3650/1/27 4382/2/27 4383/3/28 3651/4/28
f 3322/1/29 4054/2/29 4055/3/30 3323/4/30
f 3306/1/31 4038/2/31 4039/3/32 3307/4/32
f 3231/1/33 3963/2/33 3964/3/34 3232/4/34
f 3395/1/35 4127/2/35 4128/3/36 3396/4/36
f 3579/1/37 4311/2/37 4312/3/38 3580/4/38
f 2967/1/39 3699/2/39 3700/3/40 2968/4/40
f 2976/1/41 3708/2/41 3709/3/42 2977/4/42
f 3140/1/43 3872/2/43 3873/3/44 3141/4/44
f 3163/1/45 3895/2/45 3896/3/46 3164/4/46
f 3224/1/47 3956/2/47 3957/3/48 3225/4/48
f 3329/1/19 4061/2/19 4062/3/20 3330/4/20
f 3420/1/49 4152/2/49 4153/3/50 3421/4/50
f 3081/1/51 3813/2/51 3814/3/52 3082/4/52
f 3229/1/33 3961/2/33 3962/3/33 3230/4/33
f 3074/1/53 3806/2/53 3807/3/54 3075/4/54
f 2947/1/55 3679/2/55 3680/3/56 2948/4/56
f 3338/1/57 4070/2/57 4071/3/58 3339/4/58
f 3493/1/59 4225/2/59 4226/3/60 3494/4/60
f 3588/1/61 4320/2/61 4321/3/62 3589/4/62
f 3595/1/63 4327/2/63 4328/3/64 3596/4/64
f 2983/1/65 3715/2/65 3716/3/66 2984/4/66
f 3633/1/67 4365/2/67 4366/3/68 3634/4/68
f 3109/1/69 3841/2/69 3842/3/70 3110/4/70
f 2999/1/71 3731/2/71 3732/3/72 3000/4/72
f 3240/1/73 3972/2/73 3973/3/74 3241/4/74
f 3502/1/75 4234/2/75 4235/3/76 3503/4/76
f 3411/1/77 4143/2/77 4144/3/78 3412/4/78
f 3488/1/79 4220/2/79 4221/3/80 3489/4/80
f 3247/1/81 3979/2/81 3980/3/82 3248/4/82
f 3156/1/29 3888/2/29 3889/3/83 3157/4/83
f 3097/1/84 3829/2/84 3830/3/85 3098/4/85
f 3509/1/86 4241/2/86 4242/3/87 3510/4/87
f 3656/1/88 4388/2/88 4389/3/89 3657/4/89
f 3623/1/90 4355/2/90 4356/3/91 3624/4/91
f 3450/1/92 4182/2/92 4183/3/93 3451/4/93
f 3354/1/94 4086/2/94 4087/3/95 3355/4/95
f 3427/1/96 4159/2/96 4160/3/97 3428/4/97
f 3195/1/98 3927/2/98 3928/3/99 3196/4/99
f 3611/1/100 4343/2/100 4344/3/101 3612/4/101
f 3518/1/102 4250/2/102 4251/3/103 3519/4/103
f 3172/1/104 3904/2/104 3905/3/105 3173/4/105
f 3345/1/61 4077/2/61 4078/3/62 3346/4/62
f 2940/1/106 3672/2/106 3673/3/107 2941/4/107
f 3256/1/108 3988/2/108 3989/3/109 3257/4/109
f 3263/1/110 3995/2/110 3996/3/111 3264/4/111
f 3085/1/112 3817/2/112 3818/3/113 3086/4/113
f 3245/1/33 3977/2/33 3978/3/33 3246/4/33
f 3090/1/114 3822/2/114 3823/3/115 3091/4/115
f 3466/1/116 4198/2/116 4199/3/117 3467/4/117
f 3008/1/118 3740/2/118 3741/3/119 3009/4/119
f 3557/1/120 4289/2/120 4290/3/121 3558/4/121
f 3604/1/122 4336/2/122 4337/3/123 3605/4/123
f 3211/1/124 3943/2/124 3944/3/125 3212/4/125
f 2961/1/126 3693/2/126 3694/3/127 2962/4/127
f 2956/1/128 3688/2/128 3689/3/129 2957/4/129
f 3361/1/122 4093/2/122 4094/3/123 3362/4/123
f 3482/1/130 4214/2/130 4215/3/131 3483/4/131
f 3525/1/132 4257/2/132 4258/3/133 3526/4/133
f 2972/1/134 3704/2/134 3705/3/135 2973/4/135
f 3369/1/101 4101/2/101 4054/3/29 3322/4/29
f 3015/1/136 3747/2/136 3748/3/137 3016/4/137
f 3272/1/138 4004/2/138 4005/3/139 3273/4/139
f 3620/1/140 4352/2/140 4353/3/141 3621/4/141
f 3498/1/142 4230/2/142 4231/3/143 3499/4/143
f 3370/1/62 4102/2/62 4103/3/144 3371/4/144
f 3243/1/145 3975/2/145 3976/3/146 3244/4/146
f 3377/1/140 4109/2/140 4110/3/141 3378/4/141
f 2988/1/147 3720/2/147 3721/3/148 2989/4/148
f 2949/1/149 3681/2/149 3682/3/150 2950/4/150
f 3122/1/151 3854/2/151 3855/3/151 3123/4/151
f 3564/1/62 4296/2/62 4150/3/62 3418/4/62
f 3534/1/152 4266/2/152 4267/3/153 3535/4/153
f 3206/1/154 3938/2/154 3939/3/155 3207/4/155
f 3129/1/156 3861/2/156 3862/3/156 3130/4/156
f 3541/1/157 4273/2/157 4274/3/158 3542/4/158
f 3279/1/159 4011/2/159 4012/3/160 3280/4/160
f 3463/1/161 4195/2/161 4196/3/162 3464/4/162
f 3636/1/163 4368/2/163 4369/3/29 3637/4/29
f 3009/1/119 3741/2/119 3742/3/164 3010/4/164
f 3643/1/165 4375/2/165 4376/3/166 3644/4/166
f 3288/1/167 4020/2/167 4021/3/168 3289/4/168
f 3261/1/169 3993/2/169 3994/3/170 3262/4/170
f 3658/1/171 4390/2/171 4391/3/172 3659/4/172
f 3550/1/173 4282/2/173 4283/3/174 3551/4/174
f 2990/1/175 3722/2/175 3723/3/176 2991/4/176
f 3006/1/177 3738/2/177 3739/3/178 3007/4/178
f 3530/1/179 4262/2/179 4263/3/180 3531/4/180
f 3145/1/181 3877/2/181 3878/3/182 3146/4/182
f 3295/1/33 4027/2/33 4028/3/183 3296/4/183
f 2965/1/184 3697/2/184 3698/3/185 2966/4/185
f 3520/1/186 4252/2/186 4253/3/187 3521/4/187
f 3275/1/188 4007/2/188 4008/3/189 3276/4/189
f 3402/1/190 4134/2/190 4135/3/191 3403/4/191
f 3040/1/192 3772/2/192 3773/3/193 3041/4/193
f 3222/1/194 3954/2/194 3955/3/195 3223/4/195
f 3659/1/172 4391/2/172 4392/3/196 3660/4/196
f 3647/1/197 4379/2/197 4380/3/198 3648/4/198
f 3479/1/199 4211/2/199 4212/3/200 3480/4/200
f 3393/1/163 4125/2/163 4126/3/29 3394/4/29
f 3504/1/201 4236/2/201 4237/3/202 3505/4/202
f 3513/1/203 4245/2/203 4246/3/204 3514/4/204
f 3138/1/205 3870/2/205 3871/3/206 3139/4/206
f 3161/1/207 3893/2/207 3894/3/208 3162/4/208
f 3047/1/209 3779/2/209 3780/3/210 3048/4/210
f 3546/1/211 4278/2/211 4279/3/212 3547/4/212
f 3418/1/213 4150/2/213 4151/3/214 3419/4/214
f 3304/1/215 4036/2/215 4037/3/216 3305/4/216
f 2981/1/217 3713/2/217 3714/3/218 2982/4/218
f 3652/1/219 4384/2/219 4385/3/220 3653/4/220
f 3291/1/221 4023/2/221 4024/3/222 3292/4/222
f 3177/1/223 3909/2/223 3910/3/224 3178/4/224
f 3238/1/225 3970/2/225 3971/3/226 3239/4/226
f 3277/1/227 4009/2/227 4010/3/228 3278/4/228
f 3036/1/229 3768/2/229 3769/3/230 3037/4/230
f 3434/1/231 4166/2/231 4167/3/232 3435/4/232
f 3495/1/233 4227/2/233 4228/3/234 3496/4/234
f 3022/1/235 3754/2/235 3755/3/236 3023/4/236
f 3024/1/237 3756/2/237 3661/3/238 2929/4/238
f 3475/1/239 4207/2/239 4208/3/240 3476/4/240
f 3573/1/20 4305/2/20 4306/3/241 3574/4/241
f 2933/1/242 3665/2/242 3666/3/243 2934/4/243
f 3536/1/244 4268/2/244 4269/3/245 3537/4/245
f 3409/1/219 4141/2/219 4142/3/220 3410/4/220
f 3562/1/246 4294/2/246 4295/3/15 3563/4/15
f 3063/1/247 3795/2/247 3796/3/248 3064/4/248
f 3566/1/30 4298/2/30 4299/3/249 3567/4/249
f 3154/1/250 3886/2/250 3887/3/251 3155/4/251
f 3307/1/32 4039/2/32 4040/3/252 3308/4/252
f 3320/1/253 4052/2/253 4053/3/151 3321/4/151
f 3311/1/254 4043/2/254 4044/3/255 3312/4/255
f 3052/1/256 3784/2/256 3785/3/257 3053/4/257
f 3193/1/258 3925/2/258 3926/3/259 3194/4/259
f 3447/1/260 4179/2/260 4180/3/261 3448/4/261
f 3425/1/262 4157/2/262 4158/3/263 3426/4/263
f 2997/1/264 3729/2/264 3730/3/265 2998/4/265
f 3293/1/266 4025/2/266 4026/3/267 3294/4/267
f 3170/1/268 3902/2/268 3903/3/269 3171/4/269
f 3254/1/270 3986/2/270 3987/3/271 3255/4/271
f 3441/1/272 4173/2/272 4174/3/273 3442/4/273
f 3038/1/274 3770/2/274 3771/3/275 3039/4/275
f 3321/1/29 4053/2/29 4027/3/29 3295/4/29
f 3511/1/276 4243/2/276 4244/3/277 3512/4/277
f 3552/1/278 4284/2/278 4285/3/279 3553/4/279
f 2931/1/280 3663/2/280 3664/3/281 2932/4/281
f 3209/1/18 3941/2/18 3942/3/282 3210/4/282
f 3589/1/62 4321/2/62 4322/3/283 3590/4/283
f 2957/1/129 3689/2/129 3690/3/284 2958/4/284
f 3188/1/285 3920/2/285 3921/3/286 3189/4/286
f 2954/1/287 3686/2/287 3687/3/288 2955/4/288
f 3079/1/289 3811/2/289 3812/3/290 3080/4/290
f 3582/1/58 4314/2/58 4315/3/291 3583/4/291
f 2938/1/292 3670/2/292 3671/3/293 2939/4/293
f 3457/1/294 4189/2/294 4190/3/295 3458/4/295
f 3578/1/296 4310/2/296 4311/3/37 3579/4/37
f 3468/1/297 4200/2/297 4201/3/298 3469/4/298
f 3336/1/37 4068/2/37 4069/3/38 3337/4/38
f 3327/1/299 4059/2/299 4060/3/300 3328/4/300
f 3309/1/301 4041/2/301 4042/3/302 3310/4/302
f 3323/1/30 4055/2/30 4056/3/249 3324/4/249
f 3510/1/87 4242/2/87 4243/3/276 3511/4/276
f 3068/1/303 3800/2/303 3801/3/304 3069/4/304
f 3010/1/164 3742/2/164 3743/3/305 3011/4/305
f 3013/1/306 3745/2/306 3746/3/202 3014/4/202
f 3204/1/307 3936/2/307 3937/3/308 3205/4/308
f 3594/1/309 4326/2/309 4327/3/63 3595/4/63
f 3543/1/310 4275/2/310 4276/3/311 3544/4/311
f 3605/1/123 4337/2/123 4338/3/312 3606/4/312
f 3270/1/313 4002/2/313 4003/3/314 3271/4/314
f 3568/1/315 4300/2/315 4301/3/316 3569/4/316
f 3473/1/10 4205/2/10 4206/3/317 3474/4/317
f 3339/1/58 4071/2/58 4072/3/291 3340/4/291
f 3225/1/48 3957/2/48 3958/3/318 3226/4/318
f 3095/1/319 3827/2/319 3828/3/320 3096/4/320
f 3598/1/95 4330/2/95 4331/3/321 3599/4/321
f 3527/1/322 4259/2/322 4260/3/323 3528/4/323
f 2963/1/324 3695/2/324 3696/3/325 2964/4/325
f 3084/1/326 3816/2/326 3817/3/112 3085/4/112
f 2970/1/327 3702/2/327 3703/3/328 2971/4/328
f 3352/1/63 4084/2/63 4085/3/64 3353/4/64
f 3343/1/329 4075/2/329 4076/3/330 3344/4/330
f 3220/1/331 3952/2/331 3953/3/332 3221/4/332
f 3484/1/333 4216/2/333 4217/3/334 3485/4/334
f 3088/1/335 3820/2/335 3821/3/336 3089/4/336
f 3241/1/74 3973/2/74 3974/3/337 3242/4/337
f 3621/1/141 4353/2/141 4354/3/338 3622/4/338
f 3029/1/339 3761/2/339 3762/3/340 3030/4/340
f 3452/1/341 4184/2/341 4185/3/342 3453/4/342
f 3489/1/80 4221/2/80 4222/3/343 3490/4/343
f 2986/1/14 3718/2/14 3719/3/344 2987/4/344
f 3111/1/345 3843/2/345 3844/3/346 3112/4/346
f 3614/1/144 4346/2/144 4347/3/347 3615/4/347
f 3286/1/348 4018/2/348 4019/3/349 3287/4/349
f 3020/1/350 3752/2/350 3753/3/351 3021/4/351
f 3500/1/352 4232/2/352 4233/3/353 3501/4/353
f 3368/1/100 4100/2/100 4101/3/101 3369/4/101
f 3359/1/354 4091/2/354 4092/3/355 3360/4/355
f 3325/1/315 4057/2/315 4058/3/316 3326/4/316
f 3236/1/356 3968/2/356 3969/3/357 3237/4/357
f 3610/1/358 4342/2/358 4343/3/100 3611/4/100
f 3104/1/359 3836/2/359 3837/3/360 3105/4/360
f 3070/1/361 3802/2/361 3803/3/362 3071/4/362
f 3601/1/33 4333/2/33 4334/3/354 3602/4/354
f 3355/1/95 4087/2/95 4088/3/321 3356/4/321
f 3584/1/363 4316/2/363 4317/3/364 3585/4/364
f 3505/1/202 4237/2/202 4238/3/365 3506/4/365
f 3100/1/366 3832/2/366 3833/3/367 3101/4/367
f 2995/1/368 3727/2/368 3728/3/369 2996/4/369
f 3476/1/240 4208/2/240 4209/3/23 3477/4/23
f 3660/1/196 4392/2/196 4345/3/62 3613/4/62
f 3252/1/370 3984/2/370 3985/3/371 3253/4/371
f 2929/1/238 3661/2/238 3662/3/372 2930/4/372
f 3051/1/373 3783/2/373 3784/3/256 3052/4/256
f 3436/1/374 4168/2/374 4169/3/375 3437/4/375
f 3375/1/376 4107/2/376 4108/3/377 3376/4/377
f 3186/1/378 3918/2/378 3919/3/379 3187/4/379
f 3257/1/109 3989/2/109 3990/3/380 3258/4/380
f 3646/1/191 4378/2/191 4379/3/197 3647/4/197
f 3515/1/381 4247/2/381 4248/3/382 3516/4/382
f 3443/1/383 4175/2/383 4176/3/384 3444/4/384
f 3391/1/68 4123/2/68 4124/3/385 3392/4/385
f 3371/1/144 4103/2/144 4104/3/347 3372/4/347
f 2945/1/386 3677/2/386 3678/3/387 2946/4/387
f 3516/1/382 4248/2/382 4249/3/388 3517/4/388
f 3127/1/33 3859/2/33 3860/3/33 3128/4/33
f 3136/1/389 3868/2/389 3869/3/390 3137/4/390
f 3045/1/391 3777/2/391 3778/3/392 3046/4/392
f 3341/1/363 4073/2/363 4074/3/364 3342/4/364
f 3202/1/393 3934/2/393 3935/3/394 3203/4/394
f 3302/1/395 4034/2/395 4035/3/396 3303/4/396
f 3086/1/113 3818/2/113 3819/3/397 3087/4/397
f 3011/1/305 3743/2/305 3744/3/398 3012/4/398
f 3459/1/399 4191/2/399 4192/3/400 3460/4/400
f 3559/1/401 4291/2/401 4292/3/402 3560/4/402
f 3600/1/403 4332/2/403 4333/3/33 3601/4/33
f 3268/1/404 4000/2/404 4001/3/405 3269/4/405
f 3061/1/406 3793/2/406 3794/3/407 3062/4/407
f 3435/1/232 4167/2/232 4168/3/374 3436/4/374
f 3318/1/408 4050/2/408 4051/3/409 3319/4/409
f 3642/1/410 4374/2/410 4375/3/165 3643/4/165
f 3384/1/411 4116/2/411 4117/3/412 3385/4/412
f 3273/1/139 4005/2/139 4006/3/413 3274/4/413
f 3575/1/414 4307/2/414 4308/3/415 3576/4/415
f 3537/1/245 4269/2/245 4270/3/416 3538/4/416
f 3387/1/417 4119/2/417 4120/3/418 3388/4/418
f 3018/1/419 3750/2/419 3751/3/420 3019/4/420
f 3407/1/27 4139/2/27 4140/3/28 3408/4/28
f 3132/1/273 3864/2/273 3865/3/421 3133/4/421
f 3653/1/220 4385/2/220 4386/3/77 3654/4/77
f 3152/1/422 3884/2/422 3885/3/423 3153/4/423
f 3357/1/403 4089/2/403 4090/3/33 3358/4/33
f 3532/1/424 4264/2/424 4265/3/425 3533/4/425
f 3143/1/426 3875/2/426 3876/3/427 3144/4/427
f 3077/1/428 3809/2/428 3810/3/429 3078/4/429
f 3284/1/430 4016/2/430 4017/3/431 3285/4/431
f 3334/1/151 4066/2/151 4067/3/296 3335/4/296
f 3403/1/191 4135/2/191 4136/3/197 3404/4/197
f 3289/1/168 4021/2/168 4022/3/432 3290/4/432
f 3159/1/433 3891/2/433 3892/3/434 3160/4/434
f 3423/1/435 4155/2/435 4156/3/436 3424/4/436
f 3591/1/437 4323/2/437 4324/3/438 3592/4/438
f 3616/1/439 4348/2/439 4349/3/440 3617/4/440
f 3148/1/441 3880/2/441 3881/3/442 3149/4/442
f 3034/1/443 3766/2/443 3767/3/444 3035/4/444
f 3416/1/172 4148/2/172 4149/3/196 3417/4/196
f 3168/1/445 3900/2/445 3901/3/446 3169/4/446
f 3373/1/439 4105/2/439 4106/3/440 3374/4/440
f 2977/1/42 3709/2/42 3710/3/447 2978/4/447
f 3548/1/448 4280/2/448 4281/3/449 3549/4/449
f 3030/1/340 3762/2/340 3763/3/450 3031/4/450
f 2948/1/56 3680/2/56 3681/3/149 2949/4/149
f 3093/1/451 3825/2/451 3826/3/452 3094/4/452
f 3118/1/453 3850/2/453 3851/3/454 3119/4/454
f 3553/1/279 4285/2/279 4286/3/455 3554/4/455
f 3234/1/456 3966/2/456 3967/3/457 3235/4/457
f 3439/1/458 4171/2/458 4172/3/459 3440/4/459
f 3350/1/460 4082/2/460 4083/3/309 3351/4/309
f 3632/1/461 4364/2/461 4365/3/67 3633/4/67
f 3043/1/462 3775/2/462 3776/3/463 3044/4/463
f 3491/1/62 4223/2/62 4224/3/62 3492/4/62
f 3175/1/464 3907/2/464 3908/3/465 3176/4/465
f 3607/1/466 4339/2/466 4340/3/467 3608/4/467
f 3300/1/468 4032/2/468 4033/3/469 3301/4/469
f 3432/1/470 4164/2/470 4165/3/471 3433/4/471
f 3419/1/214 4151/2/214 4152/3/49 3420/4/49
f 3389/1/461 4121/2/461 4122/3/67 3390/4/67
f 3164/1/46 3896/2/46 3897/3/472 3165/4/472
f 2993/1/473 3725/2/473 3726/3/474 2994/4/474
f 3305/1/216 4037/2/216 4038/3/31 3306/4/31
f 3630/1/417 4362/2/417 4363/3/418 3631/4/418
f 3134/1/475 3866/2/475 3867/3/476 3135/4/476
f 3250/1/477 3982/2/477 3983/3/478 3251/4/478
f 3648/1/198 4380/2/198 4381/3/33 3649/4/33
f 3507/1/479 4239/2/479 4240/3/480 3508/4/480
f 3446/1/481 4178/2/481 4179/3/260 3447/4/260
f 3366/1/482 4098/2/482 4099/3/358 3367/4/358
f 2958/1/284 3690/2/284 3691/3/483 2959/4/483
f 3191/1/484 3923/2/484 3924/3/485 3192/4/485
f 3538/1/416 4270/2/416 4271/3/486 3539/4/486
f 3569/1/316 4301/2/316 4302/3/299 3570/4/299
f 3071/1/362 3803/2/362 3804/3/487 3072/4/487
f 3066/1/22 3798/2/22 3799/3/488 3067/4/488
f 2936/1/489 3668/2/489 3669/3/490 2937/4/490
f 3059/1/12 3791/2/12 3792/3/491 3060/4/491
f 3179/1/492 3911/2/492 3864/3/273 3132/4/273
f 3580/1/38 4312/2/38 4313/3/57 3581/4/57
f 3316/1/493 4048/2/493 4049/3/494 3317/4/494
f 3523/1/495 4255/2/495 4256/3/496 3524/4/496
f 3462/1/497 4194/2/497 4195/3/161 3463/4/161
f 3112/1/346 3844/2/346 3845/3/498 3113/4/498
f 3207/1/155 3939/2/155 3940/3/17 3208/4/17
f 3405/1/198 4137/2/198 4138/3/33 3406/4/33
f 3585/1/364 4317/2/364 4318/3/329 3586/4/329
f 2941/1/499 3673/2/499 3674/3/442 2942/4/442
f 3337/1/38 4069/2/38 4070/3/57 3338/4/57
f 2952/1/8 3684/2/8 3685/3/500 2953/4/500
f 3150/1/501 3882/2/501 3883/3/502 3151/4/502
f 3075/1/54 3807/2/54 3808/3/503 3076/4/503
f 3198/1/504 3930/2/504 3931/3/505 3199/4/505
f 3114/1/506 3846/2/506 3847/3/507 3115/4/507
f 3082/1/52 3814/2/52 3815/3/508 3083/4/508
f 3125/1/151 3857/2/151 3858/3/151 3126/4/151
f 3332/1/414 4064/2/414 4065/3/415 3333/4/415
f 3455/1/509 4187/2/509 4188/3/510 3456/4/510
f 3596/1/64 4328/2/64 4329/3/94 3597/4/94
f 3478/1/24 4210/2/24 4211/3/199 3479/4/199
f 3282/1/511 4014/2/511 4015/3/512 3283/4/512
f 3223/1/195 3955/2/195 3956/3/47 3224/4/47
f 3639/1/36 4371/2/36 4372/3/513 3640/4/513
f 3539/1/486 4271/2/486 4272/3/514 3540/4/514
f 2968/1/40 3700/2/40 3701/3/515 2969/4/515
f 3421/1/50 4153/2/50 4154/3/516 3422/4/516
f 3394/1/29 4126/2/29 4127/3/35 3395/4/35
f 3494/1/60 4226/2/60 4227/3/233 3495/4/233
f 3166/1/517 3898/2/517 3899/3/518 3167/4/518
f 3091/1/115 3823/2/115 3824/3/519 3092/4/519
f 3214/1/520 3946/2/520 3947/3/521 3215/4/521
f 3353/1/64 4085/2/64 4086/3/94 3354/4/94
f 3239/1/226 3971/2/226 3972/3/73 3240/4/73
f 3141/1/44 3873/2/44 3874/3/522 3142/4/522
f 3348/1/437 4080/2/437 4081/3/438 3349/4/438
f 3471/1/523 4203/2/523 4204/3/9 3472/4/9
f 3098/1/85 3830/2/85 3831/3/524 3099/4/524
f 2984/1/66 3716/2/66 3717/3/13 2985/4/13
f 3398/1/525 4130/2/525 4131/3/410 3399/4/410
f 3655/1/78 4387/2/78 4388/3/88 3656/4/88
f 3437/1/375 4169/2/375 4170/3/526 3438/4/526
f 3218/1/527 3950/2/527 3951/3/528 3219/4/528
f 3182/1/529 3914/2/529 3915/3/530 3183/4/530
f 3041/1/193 3773/2/193 3774/3/531 3042/4/531
f 3184/1/532 3916/2/532 3917/3/533 3185/4/533
f 3617/1/440 4349/2/440 4350/3/376 3618/4/376
f 2973/1/135 3705/2/135 3706/3/534 2974/4/534
f 3298/1/535 4030/2/535 4031/3/536 3299/4/536
f 3044/1/463 3776/2/463 3777/3/391 3045/4/391
f 2937/1/490 3669/2/490 3670/3/292 2938/4/292
f 3107/1/537 3839/2/537 3840/3/538 3108/4/538
f 3230/1/29 3962/2/29 3963/3/29 3231/4/29
f 3255/1/271 3987/2/271 3988/3/108 3256/4/108
f 3157/1/83 3889/2/83 3890/3/539 3158/4/539
f 3106/1/540 3838/2/540 3839/3/537 3107/4/537
f 3364/1/466 4096/2/466 4097/3/467 3365/4/467
f 3487/1/26 4219/2/26 4220/3/79 3488/4/79
f 3000/1/72 3732/2/72 3733/3/541 3001/4/541
f 3414/1/89 4146/2/89 4147/3/171 3415/4/171
f 3453/1/342 4185/2/342 4186/3/542 3454/4/542
f 3025/1/543 3757/2/543 3758/3/544 3026/4/544
f 2943/1/545 3675/2/545 3676/3/546 2944/4/546
f 3200/1/547 3932/2/547 3933/3/548 3201/4/548
f 3497/1/549 4229/2/549 4230/3/142 3498/4/142
f 2989/1/550 3721/2/550 3722/3/175 2990/4/175
f 3526/1/133 4258/2/133 4259/3/322 3527/4/322
f 3246/1/551 3978/2/551 3979/3/81 3247/4/81
f 3628/1/412 4360/2/412 4361/3/552 3629/4/552
f 3271/1/314 4003/2/314 4004/3/138 3272/4/138
f 3123/1/553 3855/2/553 3856/3/553 3124/4/553
f 3190/1/554 3922/2/554 3923/3/484 3191/4/484
f 3626/1/555 4358/2/555 4359/3/411 3627/4/411
f 3016/1/137 3748/2/137 3749/3/556 3017/4/556
f 3173/1/105 3905/2/105 3906/3/557 3174/4/557
f 3469/1/298 4201/2/298 4202/3/558 3470/4/558
f 3380/1/90 4112/2/90 4113/3/91 3381/4/91
f 3057/1/559 3789/2/559 3790/3/11 3058/4/11
f 3430/1/560 4162/2/560 4163/3/561 3431/4/561
f 2959/1/483 3691/2/483 3692/3/562 2960/4/562
f 3314/1/563 4046/2/563 4047/3/564 3315/4/564
f 3096/1/320 3828/2/320 3829/3/84 3097/4/84
f 3216/1/565 3948/2/565 3949/3/566 3217/4/566
f 3005/1/567 3737/2/567 3738/3/177 3006/4/177
f 3571/1/300 4303/2/300 4304/3/19 3572/4/19
f 3385/1/412 4117/2/412 4118/3/552 3386/4/552
f 3189/1/286 3921/2/286 3922/3/554 3190/4/554
f 3262/1/170 3994/2/170 3995/3/110 3263/4/110
f 3116/1/568 3848/2/568 3849/3/569 3117/4/569
f 3130/1/33 3862/2/33 3863/3/33 3131/4/33
f 3054/1/570 3786/2/570 3787/3/571 3055/4/571
f 2934/1/243 3666/2/243 3667/3/572 2935/4/572
f 3519/1/103 4251/2/103 4252/3/186 3520/4/186
f 3644/1/166 4376/2/166 4377/3/190 3645/4/190
f 3542/1/158 4274/2/158 4275/3/310 3543/4/310
f 3102/1/573 3834/2/573 3835/3/574 3103/4/574
f 3287/1/349 4019/2/349 4020/3/167 3288/4/167
f 3448/1/261 4180/2/261 4181/3/575 3449/4/575
f 3521/1/187 4253/2/187 4254/3/576 3522/4/576
f 3649/1/33 4381/2/33 4382/3/27 3650/4/27
f 3072/1/487 3804/2/487 3757/3/543 3025/4/543
f 3635/1/385 4367/2/385 4368/3/163 3636/4/163
f 3032/1/577 3764/2/577 3765/3/578 3033/4/578
f 3259/1/579 3991/2/579 3992/3/109 3260/4/109
f 3401/1/166 4133/2/166 4134/3/190 3402/4/190
f 3139/1/206 3871/2/206 3872/3/43 3140/4/43
f 3073/1/580 3805/2/580 3806/3/53 3074/4/53
f 3146/1/182 3878/2/182 3879/3/581 3147/4/581
f 3205/1/308 3937/2/308 3938/3/154 3206/4/154
f 3485/1/334 4217/2/334 4218/3/25 3486/4/25
f 3396/1/36 4128/2/36 4129/3/513 3397/4/513
f 3330/1/20 4062/2/20 4063/3/241 3331/4/241
f 2950/1/150 3682/2/150 3683/3/7 2951/4/7
f 2975/1/582 3707/2/582 3708/3/41 2976/4/41
f 3587/1/330 4319/2/330 4320/3/61 3588/4/61
f 3558/1/121 4290/2/121 4291/3/401 3559/4/401
f 3464/1/162 4196/2/162 4197/3/583 3465/4/583
f 3232/1/34 3964/2/34 3965/3/584 3233/4/584
f 3162/1/208 3894/2/208 3895/3/45 3163/4/45
f 3303/1/396 4035/2/396 4036/3/215 3304/4/215
f 3404/1/197 4136/2/197 4137/3/198 3405/4/198
f 3048/1/210 3780/2/210 3781/3/585 3049/4/585
f 3221/1/332 3953/2/332 3954/3/194 3222/4/194
f 3433/1/471 4165/2/471 4166/3/231 3434/4/231
f 3574/1/241 4306/2/241 4307/3/414 3575/4/414
f 2966/1/185 3698/2/185 3699/3/39 2967/4/39
f 3021/1/351 3753/2/351 3754/3/235 3022/4/235
f 3078/1/429 3810/2/429 3811/3/289 3079/4/289
f 3178/1/224 3910/2/224 3911/3/492 3179/4/492
f 3319/1/409 4051/2/409 4052/3/253 3320/4/253
f 3480/1/200 4212/2/200 4213/3/586 3481/4/586
f 3278/1/228 4010/2/228 4011/3/159 3279/4/159
f 3089/1/336 3821/2/336 3822/3/114 3090/4/114
f 3064/1/248 3796/2/248 3797/3/21 3065/4/21
f 2992/1/587 3724/2/587 3725/3/473 2993/4/473
f 3155/1/251 3887/2/251 3888/3/29 3156/4/29
f 3535/1/153 4267/2/153 4268/3/244 3536/4/244
f 3346/1/62 4078/2/62 4079/3/283 3347/4/283
f 3237/1/357 3969/2/357 3970/3/225 3238/4/225
f 3501/1/353 4233/2/353 4234/3/75 3502/4/75
f 3412/1/78 4144/2/78 4145/3/88 3413/4/88
f 3603/1/355 4335/2/355 4336/3/122 3604/4/122
f 2982/1/218 3714/2/218 3715/3/65 2983/4/65
f 2991/1/176 3723/2/176 3724/3/587 2992/4/587
f 3171/1/269 3903/2/269 3904/3/104 3172/4/104
f 3105/1/360 3837/2/360 3838/3/540 3106/4/540
f 3449/1/575 4181/2/575 4182/3/92 3450/4/92
f 3056/1/588 3788/2/588 3789/3/559 3057/4/559
f 3496/1/234 4228/2/234 4229/3/549 3497/4/549
f 3248/1/82 3980/2/82 3981/3/589 3249/4/589
f 3428/1/97 4160/2/97 4161/3/590 3429/4/590
f 3565/1/29 4297/2/29 4298/3/30 3566/4/30
f 3362/1/123 4094/2/123 4095/3/312 3363/4/312
f 2939/1/293 3671/2/293 3672/3/106 2940/4/106
f 3442/1/273 4174/2/273 4175/3/383 3443/4/383
f 3619/1/377 4351/2/377 4352/3/140 3620/4/140
f 3196/1/99 3928/2/99 3929/3/591 3197/4/591
f 3590/1/283 4322/2/283 4323/3/437 3591/4/437
f 3445/1/592 4177/2/592 4178/3/481 3446/4/481
f 3187/1/379 3919/2/379 3920/3/285 3188/4/285
f 3037/1/230 3769/2/230 3770/3/274 3038/4/274
f 3465/1/583 4197/2/583 4198/3/116 3466/4/116
f 3335/1/296 4067/2/296 4068/3/37 3336/4/37
f 3253/1/371 3985/2/371 3986/3/270 3254/4/270
f 3055/1/571 3787/2/571 3788/3/588 3056/4/588
f 2932/1/281 3664/2/281 3665/3/242 2933/4/242
f 2955/1/288 3687/2/288 3688/3/128 2956/4/128
f 3080/1/290 3812/2/290 3813/3/51 3081/4/51
f 3517/1/388 4249/2/388 4250/3/102 3518/4/102
f 3458/1/295 4190/2/295 4191/3/399 3459/4/399
f 3551/1/174 4283/2/174 4284/3/278 3552/4/278
f 3002/1/593 3734/2/593 3735/3/594 3003/4/594
f 3212/1/125 3944/2/125 3945/3/595 3213/4/595
f 3512/1/277 4244/2/277 4245/3/203 3513/4/203
f 3007/1/178 3739/2/178 3740/3/118 3008/4/118
f 3203/1/394 3935/2/394 3936/3/307 3204/4/307
f 3120/1/596 3852/2/596 3805/3/580 3073/4/580
f 3424/1/436 4156/2/436 4157/3/262 3425/4/262
f 3606/1/312 4338/2/312 4339/3/466 3607/4/466
f 3264/1/111 3996/2/111 3997/3/597 3265/4/597
f 3121/1/598 3853/2/598 3854/3/598 3122/4/598
f 3481/1/586 4213/2/586 4214/3/130 3482/4/130
f 3351/1/309 4083/2/309 4084/3/63 3352/4/63
f 3378/1/141 4110/2/141 4111/3/338 3379/4/338
f 3227/1/512 3959/2/512 3912/3/599 3180/4/599
f 3053/1/257 3785/2/257 3786/3/570 3054/4/570
f 2971/1/328 3703/2/328 3704/3/134 2972/4/134
f 3269/1/405 4001/2/405 4002/3/600 3270/4/600
f 3310/1/302 4042/2/302 4043/3/254 3311/4/254
f 3228/1/62 3960/2/62 3961/3/62 3229/4/62
f 3014/1/202 3746/2/202 3747/3/136 3015/4/136
f 3533/1/425 4265/2/425 4266/3/152 3534/4/152
f 3567/1/249 4299/2/249 4300/3/315 3568/4/315
f 3528/1/601 4260/2/601 4261/3/602 3529/4/602
f 3023/1/236 3755/2/236 3756/3/237 3024/4/237
f 3622/1/338 4354/2/338 4355/3/90 3623/4/90
f 3280/1/160 4012/2/160 4013/3/603 3281/4/603
f 3131/1/604 3863/2/604 3853/3/604 3121/4/604
f 3386/1/552 4118/2/552 4119/3/417 3387/4/417
f 3367/1/358 4099/2/358 4100/3/100 3368/4/100
f 3474/1/317 4206/2/317 4207/3/239 3475/4/239
f 3219/1/528 3951/2/528 3952/3/331 3220/4/331
f 3137/1/390 3869/2/390 3870/3/205 3138/4/205
f 2987/1/344 3719/2/344 3720/3/147 2988/4/147
f 2964/1/325 3696/2/325 3697/3/184 2965/4/184
f 3244/1/146 3976/2/146 3977/3/605 3245/4/605
f 3285/1/431 4017/2/431 4018/3/348 3286/4/348
f 3549/1/449 4281/2/449 4282/3/173 3550/4/173
f 3651/1/28 4383/2/28 4384/3/219 3652/4/219
f 3039/1/275 3771/2/275 3772/3/192 3040/4/192
f 3153/1/423 3885/2/423 3886/3/250 3154/4/250
f 3544/1/311 4276/2/311 4277/3/606 3545/4/606
f 3296/1/183 4028/2/183 4029/3/607 3297/4/607
f 3050/1/381 3782/2/381 3783/3/373 3051/4/373
f 2998/1/265 3730/2/265 3731/3/71 2999/4/71
f 3410/1/220 4142/2/220 4143/3/77 3411/4/77
f 3490/1/343 4222/2/343 4223/3/608 3491/4/608
f 3531/1/180 4263/2/180 4264/3/424 3532/4/424
f 3400/1/165 4132/2/165 4133/3/166 3401/4/166
f 3235/1/457 3967/2/457 3968/3/356 3236/4/356
f 3069/1/304 3801/2/304 3802/3/361 3070/4/361
f 3169/1/446 3901/2/446 3902/3/268 3170/4/268
f 3638/1/35 4370/2/35 4371/3/36 3639/4/36
f 2980/1/609 3712/2/609 3713/3/217 2981/4/217
f 3326/1/316 4058/2/316 4059/3/299 3327/4/299
f 3426/1/263 4158/2/263 4159/3/96 3427/4/96
f 3383/1/555 4115/2/555 4116/3/411 3384/4/411
f 3301/1/469 4033/2/469 4034/3/395 3302/4/395
f 3522/1/576 4254/2/576 4255/3/495 3523/4/495
f 3583/1/291 4315/2/291 4316/3/363 3584/4/363
f 3185/1/533 3917/2/533 3918/3/378 3186/4/378
f 3003/1/594 3735/2/594 3736/3/610 3004/4/610
f 3128/1/29 3860/2/29 3861/3/29 3129/4/29
f 3046/1/392 3778/2/392 3779/3/209 3047/4/209
f 3031/1/450 3763/2/450 3764/3/577 3032/4/577
f 2979/1/611 3711/2/611 3712/3/609 2980/4/609
f 2930/1/372 3662/2/372 3663/3/280 2931/4/280
f 3260/1/109 3992/2/109 3993/3/169 3261/4/169
f 3560/1/402 4292/2/402 4293/3/612 3561/4/612
f 3506/1/365 4238/2/365 4239/3/479 3507/4/479
f 3444/1/384 4176/2/384 4177/3/592 3445/4/592
f 3317/1/494 4049/2/494 4050/3/408 3318/4/408
f 3251/1/478 3983/2/478 3984/3/370 3252/4/370
f 3201/1/548 3933/2/548 3934/3/393 3202/4/393
f 3417/1/196 4149/2/196 4102/3/62 3370/4/62
f 3062/1/407 3794/2/407 3795/3/247 3063/4/247
f 2996/1/369 3728/2/369 3729/3/264 2997/4/264
f 2946/1/387 3678/2/387 3679/3/55 2947/4/55
f 3529/1/602 4261/2/602 4262/3/179 3530/4/179
f 3654/1/77 4386/2/77 4387/3/78 3655/4/78
f 3576/1/415 4308/2/415 4309/3/151 3577/4/151
f 3460/1/400 4192/2/400 4193/3/613 3461/4/613
f 3019/1/420 3751/2/420 3752/3/350 3020/4/350
f 3399/1/410 4131/2/410 4132/3/165 3400/4/165
f 3312/1/255 4044/2/255 4045/3/614 3313/4/614
f 2974/1/534 3706/2/534 3707/3/582 2975/4/582
f 3276/1/189 4008/2/189 4009/3/227 3277/4/227
f 3144/1/427 3876/2/427 3877/3/181 3145/4/181
f 3581/1/57 4313/2/57 4314/3/58 3582/4/58
f 3415/1/171 4147/2/171 4148/3/172 3416/4/172
f 3342/1/364 4074/2/364 4075/3/329 3343/4/329
f 3160/1/434 3892/2/434 3893/3/207 3161/4/207
f 3333/1/415 4065/2/415 4066/3/151 3334/4/151
f 3328/1/300 4060/2/300 4061/3/19 3329/4/19
f 3267/1/615 3999/2/615 4000/3/404 3268/4/404
f 3599/1/321 4331/2/321 4332/3/403 3600/4/403
f 3217/1/566 3949/2/566 3950/3/527 3218/4/527
f 3012/1/398 3744/2/398 3745/3/306 3013/4/306
f 2962/1/127 3694/2/127 3695/3/324 2963/4/324
f 3545/1/606 4277/2/606 4278/3/211 3546/4/211
f 3592/1/438 4324/2/438 4325/3/460 3593/4/460
f 3035/1/444 3767/2/444 3768/3/229 3036/4/229
f 3431/1/561 4163/2/561 4164/3/470 3432/4/470
f 3292/1/222 4024/2/222 4025/3/266 3293/4/266
f 3176/1/465 3908/2/465 3909/3/223 3177/4/223
f 3349/1/438 4081/2/438 4082/3/460 3350/4/460
f 3294/1/267 4026/2/267 3960/3/151 3228/4/151
f 3597/1/94 4329/2/94 4330/3/95 3598/4/95
f 3283/1/512 4015/2/512 4016/3/430 3284/4/430
f 3608/1/467 4340/2/467 4341/3/482 3609/4/482
f 3087/1/397 3819/2/397 3820/3/335 3088/4/335
f 3028/1/616 3760/2/616 3761/3/339 3029/4/339
f 3101/1/367 3833/2/367 3834/3/573 3102/4/573
f 3561/1/612 4293/2/612 4294/3/246 3562/4/246
f 3344/1/330 4076/2/330 4077/3/61 3345/4/61
f 3358/1/33 4090/2/33 4091/3/354 3359/4/354
f 3233/1/584 3965/2/584 3966/3/456 3234/4/456
f 3194/1/259 3926/2/259 3927/3/98 3195/4/98
f 3615/1/347 4347/2/347 4348/3/439 3616/4/439
f 2978/1/447 3710/2/447 3711/3/611 2979/4/611
f 3308/1/252 4040/2/252 4041/3/301 3309/4/301
f 3451/1/93 4183/2/93 4184/3/341 3452/4/341
f 3492/1/617 4224/2/617 4225/3/59 3493/4/59
f 3637/1/29 4369/2/29 4370/3/35 3638/4/35
f 3612/1/101 4344/2/101 4297/3/29 3565/4/29
f 3249/1/589 3981/2/589 3982/3/477 3250/4/477
f 2953/1/500 3685/2/500 3686/3/287 2954/4/287
f 3554/1/455 4286/2/455 4287/3/618 3555/4/618
f 3117/1/569 3849/2/569 3850/3/453 3118/4/453
f 2994/1/474 3726/2/474 3727/3/368 2995/4/368
f 3210/1/282 3942/2/282 3943/3/124 3211/4/124
f 3613/1/62 4345/2/62 4346/3/144 3614/4/144
f 3299/1/536 4031/2/536 4032/3/468 3300/4/468
f 3374/1/440 4106/2/440 4107/3/376 3375/4/376
f 3467/1/117 4199/2/117 4200/3/297 3468/4/297
f 3365/1/467 4097/2/467 4098/3/482 3366/4/482
f 3103/1/574 3835/2/574 3836/3/359 3104/4/359
f 3631/1/418 4363/2/418 4364/3/461 3632/4/461
f 3110/1/70 3842/2/70 3843/3/345 3111/4/345
f 3360/1/355 4092/2/355 4093/3/122 3361/4/122
f 3577/1/151 4309/2/151 4310/3/296 3578/4/296
f 3624/1/91 4356/2/91 4357/3/151 3625/4/151
f 3629/1/552 4361/2/552 4362/3/417 3630/4/417
f 3133/1/421 3865/2/421 3866/3/475 3134/4/475
f 2969/1/515 3701/2/515 3702/3/327 2970/4/327
f 3119/1/454 3851/2/454 3852/3/596 3120/4/596
f 3390/1/67 4122/2/67 4123/3/68 3391/4/68
f 3067/1/488 3799/2/488 3800/3/303 3068/4/303
f 3226/1/318 3958/2/318 3959/3/512 3227/4/512
f 3376/1/377 4108/2/377 4109/3/140 3377/4/140
f 3324/1/249 4056/2/249 4057/3/315 3325/4/315
f 3483/1/131 4215/2/131 4216/3/333 3484/4/333
f 3645/1/190 4377/2/190 4378/3/191 3646/4/191
f 3570/1/299 4302/2/299 4303/3/300 3571/4/300
f 3265/1/597 3997/2/597 3998/3/619 3266/4/619
f 3135/1/476 3867/2/476 3868/3/389 3136/4/389
f 3315/1/564 4047/2/564 4048/3/493 3316/4/493
f 3392/1/385 4124/2/385 4125/3/163 3393/4/163
f 3060/1/491 3792/2/491 3793/3/406 3061/4/406
f 3242/1/337 3974/2/337 3975/3/145 3243/4/145
f 3586/1/329 4318/2/329 4319/3/330 3587/4/330
f 3524/1/496 4256/2/496 4257/3/132 3525/4/132
f 3593/1/460 4325/2/460 4326/3/309 3594/4/309
f 3499/1/143 4231/2/143 4232/3/352 3500/4/352
f 3555/1/618 4287/2/618 4288/3/620 3556/4/620
f 3331/1/241 4063/2/241 4064/3/414 3332/4/414
f 3083/1/508 3815/2/508 3816/3/326 3084/4/326
f 3381/1/91 4113/2/91 4114/3/151 3382/4/151
f 3076/1/503 3808/2/503 3809/3/428 3077/4/428
f 3340/1/291 4072/2/291 4073/3/363 3341/4/363
f 3126/1/62 3858/2/62 3859/3/62 3127/4/62
f 3149/1/442 3881/2/442 3882/3/501 3150/4/501
f 3640/1/513 4372/2/513 4373/3/525 3641/4/525
f 3406/1/33 4138/2/33 4139/3/27 3407/4/27
f 3001/1/541 3733/2/541 3734/3/593 3002/4/593
f 3602/1/354 4334/2/354 4335/3/355 3603/4/355
f 3281/1/603 4013/2/603 4014/3/511 3282/4/511
f 3258/1/380 3990/2/380 3991/3/579 3259/4/579
f 3347/1/283 4079/2/283 4080/3/437 3348/4/437
f 3026/1/544 3758/2/544 3759/3/621 3027/4/621
f 3609/1/482 4341/2/482 4342/3/358 3610/4/358
f 3151/1/502 3883/2/502 3884/3/422 3152/4/422
f 3092/1/519 3824/2/519 3825/3/451 3093/4/451
f 3113/1/498 3845/2/498 3846/3/506 3114/4/506
f 3099/1/524 3831/2/524 3832/3/366 3100/4/366
f 3397/1/513 4129/2/513 4130/3/525 3398/4/525
f 3408/1/28 4140/2/28 4141/3/219 3409/4/219
f 3266/1/619 3998/2/619 3999/3/615 3267/4/615
f 3540/1/514 4272/2/514 4273/3/157 3541/4/157
f 3356/1/321 4088/2/321 4089/3/403 3357/4/403
f 3142/1/522 3874/2/522 3875/3/426 3143/4/426
f 3017/1/556 3749/2/556 3750/3/419 3018/4/419
f 3167/1/518 3899/2/518 3900/3/445 3168/4/445
f 3274/1/413 4006/2/413 4007/3/188 3275/4/188
f 3618/1/376 4350/2/376 4351/3/377 3619/4/377
f 3165/1/472 3897/2/472 3898/3/517 3166/4/517
f 3413/1/88 4145/2/88 4146/3/89 3414/4/89
f 3183/1/530 3915/2/530 3916/3/532 3184/4/532
f 3363/1/312 4095/2/312 4096/3/466 3364/4/466
f 3422/1/516 4154/2/516 4155/3/435 3423/4/435
f 3094/1/452 3826/2/452 3827/3/319 3095/4/319
f 3508/1/480 4240/2/480 4241/3/86 3509/4/86
f 3158/1/539 3890/2/539 3891/3/433 3159/4/433
f 3027/1/621 3759/2/621 3760/3/616 3028/4/616
f 3108/1/538 3840/2/538 3841/3/69 3109/4/69
f 3627/1/411 4359/2/411 4360/3/412 3628/4/412
f 3625/1/151 4357/2/151 4358/3/555 3626/4/555
f 3429/1/590 4161/2/590 4162/3/560 3430/4/560
f 3454/1/62 4186/2/62 4187/3/62 3455/4/62
f 3115/1/507 3847/2/507 3848/3/568 3116/4/568
f 3174/1/557 3906/2/557 3907/3/464 3175/4/464
f 3199/1/505 3931/2/505 3932/3/547 3200/4/547
f 3297/1/607 4029/2/607 4030/3/535 3298/4/535
f 3372/1/347 4104/2/347 4105/3/439 3373/4/439
f 2944/1/546 3676/2/546 3677/3/386 2945/4/386
f 3042/1/531 3774/2/531 3775/3/462 3043/4/462
f 3033/1/578 3765/2/578 3766/3/443 3034/4/443
f 3634/1/68 4366/2/68 4367/3/385 3635/4/385
f 3181/1/622 3913/2/622 3914/3/529 3182/4/529
f 3556/1/620 4288/2/620 4289/3/120 3557/4/120
f 3290/1/432 4022/2/432 4023/3/221 3291/4/221
f 3379/1/338 4111/2/338 4112/3/90 3380/4/90
f 3438/1/526 4170/2/526 4171/3/458 3439/4/458
f 3641/1/525 4373/2/525 4374/3/410 3642/4/410
f 3547/1/212 4279/2/212 4280/3/448 3548/4/448
f 3382/1/151 4114/2/151 4115/3/555 3383/4/555
f 3124/1/29 3856/2/29 3857/3/29 3125/4/29
f 3440/1/459 4172/2/459 4173/3/272 3441/4/272
f 3388/1/418 4120/2/418 4121/3/461 3389/4/461
f 2935/1/572 3667/2/572 3668/3/489 2936/4/489
f 3503/1/76 4235/2/76 4236/3/201 3504/4/201
f 3197/1/591 3929/2/591 3930/3/504 3198/4/504
f 3514/1/204 4246/2/204 4247/3/381 3515/4/381
f 3192/1/485 3924/2/485 3925/3/258 3193/4/258
f 3470/1/558 4202/2/558 4203/3/523 3471/4/523
f 2942/1/442 3674/2/442 3675/3/545 2943/4/545
f 3004/1/610 3736/2/610 3737/3/567 3005/4/567
f 3215/1/521 3947/2/521 3948/3/565 3216/4/565
f 3456/1/510 4188/2/510 4189/3/294 3457/4/294
f 3657/1/89 4389/2/89 4390/3/171 3658/4/171
f 2960/1/562 3692/2/562 3693/3/126 2961/4/126
f 3213/1/595 3945/2/595 3946/3/520 3214/4/520
f 3147/1/581 3879/2/581 3880/3/441 3148/4/441
f 3180/1/599 3912/2/599 3913/3/622 3181/4/622
f 3049/1/585 3781/2/585 3782/3/381 3050/4/381
f 3461/1/613 4193/2/613 4194/3/497 3462/4/497
f 3313/1/614 4045/2/614 4046/3/563 3314/4/563
f 4591/1/1 4589/2/1 4590/3/1
f 4591/1/1 4588/2/1 4589/3/1
f 4588/1/1 4586/2/1 4587/3/1
f 4588/1/1 4585/2/1 4586/3/1
f 4591/1/1 4593/2/1 4588/3/1
f 4593/1/1 4585/2/1 4588/3/1
f 4593/1/1 4595/2/1 4585/3/1
f 4591/1/1 4592/2/1 4593/3/1
f 4594/1/1 4595/2/1 4593/3/1
f 4633/1/1 4631/2/1 4632/3/1
f 4633/1/1 4630/2/1 4631/3/1
f 4634/1/1 4630/2/1 4633/3/1
f 4634/1/1 4629/2/1 4630/3/1
f 4635/1/1 4629/2/1 4634/3/1
f 4635/1/1 4628/2/1 4629/3/1
f 4636/1/1 4628/2/1 4635/3/1
f 4636/1/1 4627/2/1 4628/3/1
f 4637/1/1 4627/2/1 4636/3/1
f 4637/1/1 4626/2/1 4627/3/1
f 4638/1/1 4656/2/1 4637/3/1
f 4656/1/1 4626/2/1 4637/3/1
f 4638/1/1 4655/2/1 4656/3/1
f 4657/1/1 4626/2/1 4656/3/1
f 4658/1/1 4626/2/1 4657/3/1
f 4638/1/1 4654/2/1 4655/3/1
f 4659/1/1 4626/2/1 4658/3/1
f 4638/1/1 4653/2/1 4654/3/1
f 4659/1/1 4625/2/1 4626/3/1
f 4639/1/1 4653/2/1 4638/3/1
f 4660/1/1 4625/2/1 4659/3/1
f 4639/1/1 4652/2/1 4653/3/1
f 4661/1/1 4625/2/1 4660/3/1
f 4639/1/1 4651/2/1 4652/3/1
f 4661/1/1 4624/2/1 4625/3/1
f 4640/1/1 4651/2/1 4639/3/1
f 4662/1/1 4624/2/1 4661/3/1
f 4640/1/1 4650/2/1 4651/3/1
f 4663/1/1 4624/2/1 4662/3/1
f 4640/1/1 4649/2/1 4650/3/1
f 4663/1/1 4623/2/1 4624/3/1
f 4641/1/1 4649/2/1 4640/3/1
f 4664/1/1 4623/2/1 4663/3/1
f 4641/1/1 4648/2/1 4649/3/1
f 4664/1/1 4622/2/1 4623/3/1
f 4642/1/1 4648/2/1 4641/3/1
f 4665/1/1 4622/2/1 4664/3/1
f 4642/1/1 4647/2/1 4648/3/1
f 4666/1/1 4622/2/1 4665/3/1
f 4642/1/1 4646/2/1 4647/3/1
f 4666/1/1 4621/2/1 4622/3/1
f 4643/1/1 4646/2/1 4642/3/1
f 4667/1/1 4621/2/1 4666/3/1
f 4643/1/1 4645/2/1 4646/3/1
f 4667/1/1 4620/2/1 4621/3/1
f 4596/1/1 4645/2/1 4643/3/1
f 4668/1/1 4620/2/1 4667/3/1
f 4596/1/1 4644/2/1 4645/3/1
f 4597/1/1 4644/2/1 4596/3/1
f 4597/1/1 4691/2/1 4644/3/1
f 4669/1/1 4620/2/1 4668/3/1
f 4669/1/1 4619/2/1 4620/3/1
f 4597/1/1 4690/2/1 4691/3/1
f 4670/1/1 4619/2/1 4669/3/1
f 4670/1/1 4618/2/1 4619/3/1
f 4598/1/1 4690/2/1 4597/3/1
f 4598/1/1 4689/2/1 4690/3/1
f 4671/1/1 4618/2/1 4670/3/1
f 4671/1/1 4617/2/1 4618/3/1
f 4599/1/1 4689/2/1 4598/3/1
f 4672/1/1 4617/2/1 4671/3/1
f 4599/1/1 4688/2/1 4689/3/1
f 4672/1/1 4616/2/1 4617/3/1
f 4600/1/1 4688/2/1 4599/3/1
f 4673/1/1 4616/2/1 4672/3/1
f 4600/1/1 4687/2/1 4688/3/1
f 4674/1/1 4616/2/1 4673/3/1
f 4600/1/1 4686/2/1 4687/3/1
f 4674/1/1 4615/2/1 4616/3/1
f 4601/1/1 4686/2/1 4600/3/1
f 4675/1/1 4615/2/1 4674/3/1
f 4601/1/1 4685/2/1 4686/3/1
f 4676/1/1 4615/2/1 4675/3/1
f 4601/1/1 4684/2/1 4685/3/1
f 4676/1/1 4614/2/1 4615/3/1
f 4602/1/1 4684/2/1 4601/3/1
f 4677/1/1 4614/2/1 4676/3/1
f 4602/1/1 4683/2/1 4684/3/1
f 4678/1/1 4614/2/1 4677/3/1
f 4602/1/1 4682/2/1 4683/3/1
f 4678/1/1 4613/2/1 4614/3/1
f 4603/1/1 4682/2/1 4602/3/1
f 4679/1/1 4613/2/1 4678/3/1
f 4603/1/1 4681/2/1 4682/3/1
f 4680/1/1 4613/2/1 4679/3/1
f 4603/1/1 4680/2/1 4681/3/1
f 4603/1/1 4613/2/1 4680/3/1
f 4603/1/1 4612/2/1 4613/3/1
f 4604/1/1 4612/2/1 4603/3/1
f 4604/1/1 4611/2/1 4612/3/1
f 4605/1/1 4611/2/1 4604/3/1
f 4605/1/1 4610/2/1 4611/3/1
f 4606/1/1 4610/2/1 4605/3/1
f 4606/1/1 4609/2/1 4610/3/1
f 4607/1/1 4609/2/1 4606/3/1
f 4607/1/1 4608/2/1 4609/3/1
f 4693/1/1 4759/2/1 4692/3/1
f 4759/1/1 4758/2/1 4692/3/1
f 4759/1/1 4757/2/1 4758/3/1
f 4759/1/1 4756/2/1 4757/3/1
f 4759/1/1 4755/2/1 4756/3/1
f 4759/1/1 4754/2/1 4755/3/1
f 4759/1/1 4753/2/1 4754/3/1
f 4759/1/1 4752/2/1 4753/3/1
f 4759/1/1 4751/2/1 4752/3/1
f 4759/1/1 4760/2/1 4751/3/1
f 4760/1/1 4750/2/1 4751/3/1
f 4693/1/1 4785/2/1 4759/3/1
f 4761/1/1 4750/2/1 4760/3/1
f 4762/1/1 4750/2/1 4761/3/1
f 4763/1/1 4750/2/1 4762/3/1
f 4763/1/1 4749/2/1 4750/3/1
f 4764/1/1 4749/2/1 4763/3/1
f 4765/1/1 4749/2/1 4764/3/1
f 4766/1/1 4749/2/1 4765/3/1
f 4766/1/1 4748/2/1 4749/3/1
f 4767/1/1 4748/2/1 4766/3/1
f 4768/1/1 4748/2/1 4767/3/1
f 4769/1/1 4748/2/1 4768/3/1
f 4769/1/1 4747/2/1 4748/3/1
f 4770/1/1 4747/2/1 4769/3/1
f 4771/1/1 4747/2/1 4770/3/1
f 4771/1/1 4746/2/1 4747/3/1
f 4772/1/1 4746/2/1 4771/3/1
f 4773/1/1 4746/2/1 4772/3/1
f 4773/1/1 4745/2/1 4746/3/1
f 4774/1/1 4745/2/1 4773/3/1
f 4774/1/1 4744/2/1 4745/3/1
f 4775/1/1 4744/2/1 4774/3/1
f 4776/1/1 4744/2/1 4775/3/1
f 4776/1/1 4743/2/1 4744/3/1
f 4777/1/1 4743/2/1 4776/3/1
f 4777/1/1 4742/2/1 4743/3/1
f 4778/1/1 4742/2/1 4777/3/1
f 4778/1/1 4741/2/1 4742/3/1
f 4779/1/1 4741/2/1 4778/3/1
f 4780/1/1 4741/2/1 4779/3/1
f 4780/1/1 4740/2/1 4741/3/1
f 4781/1/1 4740/2/1 4780/3/1
f 4782/1/1 4740/2/1 4781/3/1
f 4782/1/1 4739/2/1 4740/3/1
f 4783/1/1 4739/2/1 4782/3/1
f 4784/1/1 4739/2/1 4783/3/1
f 4693/1/1 4695/2/1 4785/3/1
f 4695/1/1 4784/2/1 4785/3/1
f 4695/1/1 4739/2/1 4784/3/1
f 4695/1/1 4738/2/1 4739/3/1
f 4695/1/1 4737/2/1 4738/3/1
f 4695/1/1 4736/2/1 4737/3/1
f 4695/1/1 4735/2/1 4736/3/1
f 4695/1/1 4734/2/1 4735/3/1
f 4695/1/1 4733/2/1 4734/3/1
f 4695/1/1 4732/2/1 4733/3/1
f 4695/1/1 4696/2/1 4732/3/1
f 4696/1/1 4697/2/1 4732/3/1
f 4697/1/1 4731/2/1 4732/3/1
f 4693/1/1 4694/2/1 4695/3/1
f 4698/1/1 4731/2/1 4697/3/1
f 4699/1/1 4731/2/1 4698/3/1
f 4700/1/1 4731/2/1 4699/3/1
f 4700/1/1 4730/2/1 4731/3/1
f 4701/1/1 4730/2/1 4700/3/1
f 4702/1/1 4730/2/1 4701/3/1
f 4702/1/1 4729/2/1 4730/3/1
f 4703/1/1 4729/2/1 4702/3/1
f 4703/1/1 4728/2/1 4729/3/1
f 4704/1/1 4728/2/1 4703/3/1
f 4704/1/1 4727/2/1 4728/3/1
f 4705/1/1 4727/2/1 4704/3/1
f 4705/1/1 4726/2/1 4727/3/1
f 4706/1/1 4726/2/1 4705/3/1
f 4706/1/1 4725/2/1 4726/3/1
f 4707/1/1 4725/2/1 4706/3/1
f 4707/1/1 4724/2/1 4725/3/1
f 4707/1/1 4723/2/1 4724/3/1
f 4708/1/1 4723/2/1 4707/3/1
f 4708/1/1 4722/2/1 4723/3/1
f 4709/1/1 4722/2/1 4708/3/1
f 4709/1/1 4721/2/1 4722/3/1
f 4709/1/1 4720/2/1 4721/3/1
f 4709/1/1 4719/2/1 4720/3/1
f 4709/1/1 4718/2/1 4719/3/1
f 4709/1/1 4717/2/1 4718/3/1
f 4709/1/1 4716/2/1 4717/3/1
f 4709/1/1 4715/2/1 4716/3/1
f 4709/1/1 4714/2/1 4715/3/1
f 4709/1/1 4713/2/1 4714/3/1
f 4709/1/1 4712/2/1 4713/3/1
f 4709/1/1 4711/2/1 4712/3/1
f 4709/1/1 4710/2/1 4711/3/1
f 4799/1/1 4797/2/1 4798/3/1
f 4799/1/1 4796/2/1 4797/3/1
f 4800/1/1 4796/2/1 4799/3/1
f 4800/1/1 4795/2/1 4796/3/1
f 4801/1/1 4795/2/1 4800/3/1
f 4801/1/1 4794/2/1 4795/3/1
f 4802/1/1 4794/2/1 4801/3/1
f 4803/1/1 4794/2/1 4802/3/1
f 4803/1/1 4793/2/1 4794/3/1
f 4804/1/1 4793/2/1 4803/3/1
f 4804/1/1 4870/2/1 4793/3/1
f 4870/1/1 4792/2/1 4793/3/1
f 4804/1/1 4869/2/1 4870/3/1
f 4871/1/1 4792/2/1 4870/3/1
f 4804/1/1 4868/2/1 4869/3/1
f 4872/1/1 4792/2/1 4871/3/1
f 4805/1/1 4868/2/1 4804/3/1
f 4872/1/1 4791/2/1 4792/3/1
f 4805/1/1 4867/2/1 4868/3/1
f 4873/1/1 4791/2/1 4872/3/1
f 4805/1/1 4866/2/1 4867/3/1
f 4874/1/1 4791/2/1 4873/3/1
f 4805/1/1 4865/2/1 4866/3/1
f 4875/1/1 4791/2/1 4874/3/1
f 4806/1/1 4865/2/1 4805/3/1
f 4875/1/1 4790/2/1 4791/3/1
f 4806/1/1 4864/2/1 4865/3/1
f 4876/1/1 4790/2/1 4875/3/1
f 4806/1/1 4863/2/1 4864/3/1
f 4877/1/1 4790/2/1 4876/3/1
f 4807/1/1 4863/2/1 4806/3/1
f 4877/1/1 4789/2/1 4790/3/1
f 4807/1/1 4862/2/1 4863/3/1
f 4878/1/1 4789/2/1 4877/3/1
f 4808/1/1 4862/2/1 4807/3/1
f 4878/1/1 4788/2/1 4789/3/1
f 4808/1/1 4861/2/1 4862/3/1
f 4879/1/1 4788/2/1 4878/3/1
f 4808/1/1 4860/2/1 4861/3/1
f 4880/1/1 4788/2/1 4879/3/1
f 4809/1/1 4860/2/1 4808/3/1
f 4880/1/1 4787/2/1 4788/3/1
f 4809/1/1 4859/2/1 4860/3/1
f 4881/1/1 4787/2/1 4880/3/1
f 4810/1/1 4859/2/1 4809/3/1
f 4881/1/1 4786/2/1 4787/3/1
f 4810/1/1 4858/2/1 4859/3/1
f 4834/1/1 4786/2/1 4881/3/1
f 4811/1/1 4858/2/1 4810/3/1
f 4811/1/1 4857/2/1 4858/3/1
f 4835/1/1 4786/2/1 4834/3/1
f 4835/1/1 4833/2/1 4786/3/1
f 4811/1/1 4856/2/1 4857/3/1
f 4836/1/1 4833/2/1 4835/3/1
f 4812/1/1 4856/2/1 4811/3/1
f 4836/1/1 4832/2/1 4833/3/1
f 4812/1/1 4855/2/1 4856/3/1
f 4837/1/1 4832/2/1 4836/3/1
f 4813/1/1 4855/2/1 4812/3/1
f 4837/1/1 4831/2/1 4832/3/1
f 4838/1/1 4831/2/1 4837/3/1
f 4813/1/1 4854/2/1 4855/3/1
f 4839/1/1 4831/2/1 4838/3/1
f 4813/1/1 4853/2/1 4854/3/1
f 4814/1/1 4853/2/1 4813/3/1
f 4839/1/1 4830/2/1 4831/3/1
f 4840/1/1 4830/2/1 4839/3/1
f 4814/1/1 4852/2/1 4853/3/1
f 4815/1/1 4852/2/1 4814/3/1
f 4840/1/1 4829/2/1 4830/3/1
f 4841/1/1 4829/2/1 4840/3/1
f 4815/1/1 4851/2/1 4852/3/1
f 4842/1/1 4829/2/1 4841/3/1
f 4815/1/1 4850/2/1 4851/3/1
f 4816/1/1 4850/2/1 4815/3/1
f 4842/1/1 4828/2/1 4829/3/1
f 4843/1/1 4828/2/1 4842/3/1
f 4816/1/1 4849/2/1 4850/3/1
f 4844/1/1 4828/2/1 4843/3/1
f 4816/1/1 4848/2/1 4849/3/1
f 4845/1/1 4828/2/1 4844/3/1
f 4816/1/1 4847/2/1 4848/3/1
f 4817/1/1 4847/2/1 4816/3/1
f 4845/1/1 4827/2/1 4828/3/1
f 4846/1/1 4827/2/1 4845/3/1
f 4817/1/1 4846/2/1 4847/3/1
f 4817/1/1 4827/2/1 4846/3/1
f 4818/1/1 4827/2/1 4817/3/1
f 4818/1/1 4826/2/1 4827/3/1
f 4819/1/1 4826/2/1 4818/3/1
f 4819/1/1 4825/2/1 4826/3/1
f 4820/1/1 4825/2/1 4819/3/1
f 4820/1/1 4824/2/1 4825/3/1
f 4821/1/1 4824/2/1 4820/3/1
f 4821/1/1 4823/2/1 4824/3/1
f 4822/1/1 4823/2/1 4821/3/1
f 5017/1/1 5015/2/1 5016/3/1
f 5018/1/1 5015/2/1 5017/3/1
f 5019/1/1 5015/2/1 5018/3/1
f 5019/1/1 5014/2/1 5015/3/1
f 5020/1/1 5014/2/1 5019/3/1
f 5021/1/1 5014/2/1 5020/3/1
f 5022/1/1 5014/2/1 5021/3/1
f 5022/1/1 5013/2/1 5014/3/1
f 5023/1/1 5013/2/1 5022/3/1
f 5024/1/1 5013/2/1 5023/3/1
f 5025/1/1 5013/2/1 5024/3/1
f 5025/1/1 5012/2/1 5013/3/1
f 5026/1/1 5012/2/1 5025/3/1
f 5027/1/1 5012/2/1 5026/3/1
f 5027/1/1 5011/2/1 5012/3/1
f 5028/1/1 5011/2/1 5027/3/1
f 4882/1/1 4883/2/1 5028/3/1
f 4883/1/1 4884/2/1 5028/3/1
f 4884/1/1 4885/2/1 5028/3/1
f 4885/1/1 4886/2/1 5028/3/1
f 4886/1/1 5011/2/1 5028/3/1
f 4886/1/1 4887/2/1 5011/3/1
f 4887/1/1 4888/2/1 5011/3/1
f 4888/1/1 5010/2/1 5011/3/1
f 4888/1/1 4889/2/1 5010/3/1
f 4889/1/1 4890/2/1 5010/3/1
f 4890/1/1 5009/2/1 5010/3/1
f 4890/1/1 4891/2/1 5009/3/1
f 4891/1/1 4892/2/1 5009/3/1
f 4892/1/1 4893/2/1 5009/3/1
f 4893/1/1 5008/2/1 5009/3/1
f 4893/1/1 4894/2/1 5008/3/1
f 4894/1/1 4895/2/1 5008/3/1
f 4895/1/1 5007/2/1 5008/3/1
f 4896/1/1 5007/2/1 4895/3/1
f 4897/1/1 5007/2/1 4896/3/1
f 4898/1/1 5007/2/1 4897/3/1
f 4898/1/1 5006/2/1 5007/3/1
f 4899/1/1 5006/2/1 4898/3/1
f 4900/1/1 5006/2/1 4899/3/1
f 4901/1/1 5006/2/1 4900/3/1
f 4901/1/1 5005/2/1 5006/3/1
f 4902/1/1 5005/2/1 4901/3/1
f 4903/1/1 5005/2/1 4902/3/1
f 4903/1/1 5004/2/1 5005/3/1
f 4904/1/1 5004/2/1 4903/3/1
f 4905/1/1 5004/2/1 4904/3/1
f 4905/1/1 5003/2/1 5004/3/1
f 4906/1/1 5003/2/1 4905/3/1
f 4907/1/1 5003/2/1 4906/3/1
f 4907/1/1 5002/2/1 5003/3/1
f 4908/1/1 5002/2/1 4907/3/1
f 4908/1/1 5001/2/1 5002/3/1
f 4909/1/1 5001/2/1 4908/3/1
f 4909/1/1 5000/2/1 5001/3/1
f 4910/1/1 5000/2/1 4909/3/1
f 4910/1/1 4999/2/1 5000/3/1
f 4911/1/1 4999/2/1 4910/3/1
f 4911/1/1 4998/2/1 4999/3/1
f 4912/1/1 4998/2/1 4911/3/1
f 4913/1/1 4998/2/1 4912/3/1
f 4913/1/1 4997/2/1 4998/3/1
f 4914/1/1 4997/2/1 4913/3/1
f 4914/1/1 4996/2/1 4997/3/1
f 4915/1/1 4996/2/1 4914/3/1
f 4916/1/1 4996/2/1 4915/3/1
f 4917/1/1 4996/2/1 4916/3/1
f 4917/1/1 4995/2/1 4996/3/1
f 4918/1/1 4995/2/1 4917/3/1
f 4919/1/1 4995/2/1 4918/3/1
f 4919/1/1 4994/2/1 4995/3/1
f 4919/1/1 4993/2/1 4994/3/1
f 4919/1/1 4992/2/1 4993/3/1
f 4919/1/1 4991/2/1 4992/3/1
f 4919/1/1 4990/2/1 4991/3/1
f 4919/1/1 4989/2/1 4990/3/1
f 4919/1/1 4988/2/1 4989/3/1
f 4919/1/1 4987/2/1 4988/3/1
f 4919/1/1 4920/2/1 4987/3/1
f 4920/1/1 4986/2/1 4987/3/1
f 4921/1/1 4986/2/1 4920/3/1
f 4922/1/1 4986/2/1 4921/3/1
f 4923/1/1 4986/2/1 4922/3/1
f 4923/1/1 4985/2/1 4986/3/1
f 4924/1/1 4985/2/1 4923/3/1
f 4925/1/1 4985/2/1 4924/3/1
f 4925/1/1 4984/2/1 4985/3/1
f 4926/1/1 4984/2/1 4925/3/1
f 4926/1/1 4983/2/1 4984/3/1
f 4927/1/1 4983/2/1 4926/3/1
f 4928/1/1 4983/2/1 4927/3/1
f 4928/1/1 4982/2/1 4983/3/1
f 4929/1/1 4982/2/1 4928/3/1
f 4929/1/1 4981/2/1 4982/3/1
f 4930/1/1 4981/2/1 4929/3/1
f 4930/1/1 4980/2/1 4981/3/1
f 4931/1/1 4980/2/1 4930/3/1
f 4931/1/1 4979/2/1 4980/3/1
f 4932/1/1 4979/2/1 4931/3/1
f 4933/1/1 4979/2/1 4932/3/1
f 4933/1/1 4978/2/1 4979/3/1
f 4934/1/1 4978/2/1 4933/3/1
f 4935/1/1 4978/2/1 4934/3/1
f 4935/1/1 4977/2/1 4978/3/1
f 4956/1/1 4954/2/1 4955/3/1
f 4936/1/1 4977/2/1 4935/3/1
f 4956/1/1 4953/2/1 4954/3/1
f 4937/1/1 4977/2/1 4936/3/1
f 4956/1/1 4952/2/1 4953/3/1
f 4937/1/1 4976/2/1 4977/3/1
f 4938/1/1 4976/2/1 4937/3/1
f 4956/1/1 4951/2/1 4952/3/1
f 4956/1/1 4950/2/1 4951/3/1
f 4939/1/1 4976/2/1 4938/3/1
f 4956/1/1 4949/2/1 4950/3/1
f 4940/1/1 4976/2/1 4939/3/1
f 4956/1/1 4948/2/1 4949/3/1
f 4956/1/1 4947/2/1 4948/3/1
f 4941/1/1 4976/2/1 4940/3/1
f 4941/1/1 4975/2/1 4976/3/1
f 4956/1/1 4946/2/1 4947/3/1
f 4942/1/1 4975/2/1 4941/3/1
f 4956/1/1 4945/2/1 4946/3/1
f 4956/1/1 4944/2/1 4945/3/1
f 4943/1/1 4975/2/1 4942/3/1
f 4956/1/1 4943/2/1 4944/3/1
f 4956/1/1 4975/2/1 4943/3/1
f 4956/1/1 4974/2/1 4975/3/1
f 4956/1/1 4973/2/1 4974/3/1
f 4956/1/1 4972/2/1 4973/3/1
f 4957/1/1 4972/2/1 4956/3/1
f 4958/1/1 4972/2/1 4957/3/1
f 4959/1/1 4972/2/1 4958/3/1
f 4959/1/1 4971/2/1 4972/3/1
f 4960/1/1 4971/2/1 4959/3/1
f 4961/1/1 4971/2/1 4960/3/1
f 4961/1/1 4970/2/1 4971/3/1
f 4962/1/1 4970/2/1 4961/3/1
f 4963/1/1 4970/2/1 4962/3/1
f 4964/1/1 4970/2/1 4963/3/1
f 4964/1/1 4969/2/1 4970/3/1
f 4965/1/1 4969/2/1 4964/3/1
f 4966/1/1 4969/2/1 4965/3/1
f 4966/1/1 4968/2/1 4969/3/1
f 4967/1/1 4968/2/1 4966/3/1
f 5042/1/1 5040/2/1 5041/3/1
f 5042/1/1 5039/2/1 5040/3/1
f 5043/1/1 5039/2/1 5042/3/1
f 5043/1/1 5038/2/1 5039/3/1
f 5044/1/1 5038/2/1 5043/3/1
f 5044/1/1 5037/2/1 5038/3/1
f 5045/1/1 5037/2/1 5044/3/1
f 5046/1/1 5037/2/1 5045/3/1
f 5046/1/1 5036/2/1 5037/3/1
f 5047/1/1 5036/2/1 5046/3/1
f 5047/1/1 5113/2/1 5036/3/1
f 5113/1/1 5035/2/1 5036/3/1
f 5047/1/1 5112/2/1 5113/3/1
f 5114/1/1 5035/2/1 5113/3/1
f 5047/1/1 5111/2/1 5112/3/1
f 5115/1/1 5035/2/1 5114/3/1
f 5048/1/1 5111/2/1 5047/3/1
f 5115/1/1 5034/2/1 5035/3/1
f 5048/1/1 5110/2/1 5111/3/1
f 5116/1/1 5034/2/1 5115/3/1
f 5048/1/1 5109/2/1 5110/3/1
f 5117/1/1 5034/2/1 5116/3/1
f 5048/1/1 5108/2/1 5109/3/1
f 5118/1/1 5034/2/1 5117/3/1
f 5049/1/1 5108/2/1 5048/3/1
f 5118/1/1 5033/2/1 5034/3/1
f 5049/1/1 5107/2/1 5108/3/1
f 5119/1/1 5033/2/1 5118/3/1
f 5049/1/1 5106/2/1 5107/3/1
f 5120/1/1 5033/2/1 5119/3/1
f 5050/1/1 5106/2/1 5049/3/1
f 5120/1/1 5032/2/1 5033/3/1
f 5050/1/1 5105/2/1 5106/3/1
f 5121/1/1 5032/2/1 5120/3/1
f 5051/1/1 5105/2/1 5050/3/1
f 5121/1/1 5031/2/1 5032/3/1
f 5051/1/1 5104/2/1 5105/3/1
f 5122/1/1 5031/2/1 5121/3/1
f 5051/1/1 5103/2/1 5104/3/1
f 5123/1/1 5031/2/1 5122/3/1
f 5052/1/1 5103/2/1 5051/3/1
f 5123/1/1 5030/2/1 5031/3/1
f 5052/1/1 5102/2/1 5103/3/1
f 5124/1/1 5030/2/1 5123/3/1
f 5053/1/1 5102/2/1 5052/3/1
f 5124/1/1 5029/2/1 5030/3/1
f 5053/1/1 5101/2/1 5102/3/1
f 5077/1/1 5029/2/1 5124/3/1
f 5054/1/1 5101/2/1 5053/3/1
f 5054/1/1 5100/2/1 5101/3/1
f 5078/1/1 5029/2/1 5077/3/1
f 5078/1/1 5076/2/1 5029/3/1
f 5054/1/1 5099/2/1 5100/3/1
f 5079/1/1 5076/2/1 5078/3/1
f 5055/1/1 5099/2/1 5054/3/1
f 5079/1/1 5075/2/1 5076/3/1
f 5055/1/1 5098/2/1 5099/3/1
f 5080/1/1 5075/2/1 5079/3/1
f 5056/1/1 5098/2/1 5055/3/1
f 5080/1/1 5074/2/1 5075/3/1
f 5081/1/1 5074/2/1 5080/3/1
f 5056/1/1 5097/2/1 5098/3/1
f 5082/1/1 5074/2/1 5081/3/1
f 5056/1/1 5096/2/1 5097/3/1
f 5057/1/1 5096/2/1 5056/3/1
f 5082/1/1 5073/2/1 5074/3/1
f 5083/1/1 5073/2/1 5082/3/1
f 5057/1/1 5095/2/1 5096/3/1
f 5058/1/1 5095/2/1 5057/3/1
f 5083/1/1 5072/2/1 5073/3/1
f 5084/1/1 5072/2/1 5083/3/1
f 5058/1/1 5094/2/1 5095/3/1
f 5085/1/1 5072/2/1 5084/3/1
f 5058/1/1 5093/2/1 5094/3/1
f 5059/1/1 5093/2/1 5058/3/1
f 5085/1/1 5071/2/1 5072/3/1
f 5086/1/1 5071/2/1 5085/3/1
f 5059/1/1 5092/2/1 5093/3/1
f 5087/1/1 5071/2/1 5086/3/1
f 5059/1/1 5091/2/1 5092/3/1
f 5088/1/1 5071/2/1 5087/3/1
f 5059/1/1 5090/2/1 5091/3/1
f 5060/1/1 5090/2/1 5059/3/1
f 5088/1/1 5070/2/1 5071/3/1
f 5089/1/1 5070/2/1 5088/3/1
f 5060/1/1 5089/2/1 5090/3/1
f 5060/1/1 5070/2/1 5089/3/1
f 5061/1/1 5070/2/1 5060/3/1
f 5061/1/1 5069/2/1 5070/3/1
f 5062/1/1 5069/2/1 5061/3/1
f 5062/1/1 5068/2/1 5069/3/1
f 5063/1/1 5068/2/1 5062/3/1
f 5063/1/1 5067/2/1 5068/3/1
f 5064/1/1 5067/2/1 5063/3/1
f 5064/1/1 5066/2/1 5067/3/1
f 5065/1/1 5066/2/1 5064/3/1
f 4430/1/1 4428/2/1 4429/3/1
f 4431/1/1 4428/2/1 4430/3/1
f 4431/1/1 4427/2/1 4428/3/1
f 4432/1/1 4427/2/1 4431/3/1
f 4432/1/1 4426/2/1 4427/3/1
f 4433/1/1 4426/2/1 4432/3/1
f 4433/1/1 4425/2/1 4426/3/1
f 4434/1/1 4425/2/1 4433/3/1
f 4434/1/1 4424/2/1 4425/3/1
f 4435/1/1 4424/2/1 4434/3/1
f 4435/1/1 4423/2/1 4424/3/1
f 4436/1/1 4423/2/1 4435/3/1
f 4436/1/1 4422/2/1 4423/3/1
f 4437/1/1 4422/2/1 4436/3/1
f 4437/1/1 4525/2/1 4422/3/1
f 4525/1/1 4421/2/1 4422/3/1
f 4437/1/1 4524/2/1 4525/3/1
f 4526/1/1 4421/2/1 4525/3/1
f 4437/1/1 4523/2/1 4524/3/1
f 4527/1/1 4421/2/1 4526/3/1
f 4438/1/1 4523/2/1 4437/3/1
f 4438/1/1 4522/2/1 4523/3/1
f 4527/1/1 4420/2/1 4421/3/1
f 4528/1/1 4420/2/1 4527/3/1
f 4438/1/1 4521/2/1 4522/3/1
f 4529/1/1 4420/2/1 4528/3/1
f 4438/1/1 4520/2/1 4521/3/1
f 4530/1/1 4420/2/1 4529/3/1
f 4438/1/1 4519/2/1 4520/3/1
f 4531/1/1 4420/2/1 4530/3/1
f 4439/1/1 4519/2/1 4438/3/1
f 4531/1/1 4419/2/1 4420/3/1
f 4439/1/1 4518/2/1 4519/3/1
f 4532/1/1 4419/2/1 4531/3/1
f 4439/1/1 4517/2/1 4518/3/1
f 4533/1/1 4419/2/1 4532/3/1
f 4439/1/1 4516/2/1 4517/3/1
f 4440/1/1 4516/2/1 4439/3/1
f 4534/1/1 4419/2/1 4533/3/1
f 4534/1/1 4418/2/1 4419/3/1
f 4440/1/1 4515/2/1 4516/3/1
f 4535/1/1 4418/2/1 4534/3/1
f 4440/1/1 4514/2/1 4515/3/1
f 4536/1/1 4418/2/1 4535/3/1
f 4441/1/1 4514/2/1 4440/3/1
f 4536/1/1 4417/2/1 4418/3/1
f 4441/1/1 4513/2/1 4514/3/1
f 4489/1/1 4417/2/1 4536/3/1
f 4441/1/1 4512/2/1 4513/3/1
f 4442/1/1 4512/2/1 4441/3/1
f 4490/1/1 4417/2/1 4489/3/1
f 4490/1/1 4416/2/1 4417/3/1
f 4442/1/1 4511/2/1 4512/3/1
f 4491/1/1 4416/2/1 4490/3/1
f 4443/1/1 4511/2/1 4442/3/1
f 4491/1/1 4415/2/1 4416/3/1
f 4443/1/1 4510/2/1 4511/3/1
f 4492/1/1 4415/2/1 4491/3/1
f 4492/1/1 4414/2/1 4415/3/1
f 4444/1/1 4510/2/1 4443/3/1
f 4444/1/1 4509/2/1 4510/3/1
f 4493/1/1 4414/2/1 4492/3/1
f 4493/1/1 4413/2/1 4414/3/1
f 4445/1/1 4509/2/1 4444/3/1
f 4445/1/1 4508/2/1 4509/3/1
f 4494/1/1 4413/2/1 4493/3/1
f 4494/1/1 4412/2/1 4413/3/1
f 4446/1/1 4508/2/1 4445/3/1
f 4446/1/1 4507/2/1 4508/3/1
f 4495/1/1 4412/2/1 4494/3/1
f 4495/1/1 4411/2/1 4412/3/1
f 4447/1/1 4507/2/1 4446/3/1
f 4447/1/1 4506/2/1 4507/3/1
f 4496/1/1 4411/2/1 4495/3/1
f 4496/1/1 4410/2/1 4411/3/1
f 4447/1/1 4505/2/1 4506/3/1
f 4497/1/1 4410/2/1 4496/3/1
f 4448/1/1 4505/2/1 4447/3/1
f 4448/1/1 4504/2/1 4505/3/1
f 4498/1/1 4410/2/1 4497/3/1
f 4498/1/1 4409/2/1 4410/3/1
f 4449/1/1 4504/2/1 4448/3/1
f 4449/1/1 4503/2/1 4504/3/1
f 4499/1/1 4409/2/1 4498/3/1
f 4449/1/1 4502/2/1 4503/3/1
f 4500/1/1 4409/2/1 4499/3/1
f 4449/1/1 4501/2/1 4502/3/1
f 4501/1/1 4409/2/1 4500/3/1
f 4449/1/1 4409/2/1 4501/3/1
f 4449/1/1 4408/2/1 4409/3/1
f 4450/1/1 4408/2/1 4449/3/1
f 4450/1/1 4407/2/1 4408/3/1
f 4451/1/1 4407/2/1 4450/3/1
f 4451/1/1 4406/2/1 4407/3/1
f 4452/1/1 4406/2/1 4451/3/1
f 4452/1/1 4405/2/1 4406/3/1
f 4453/1/1 4405/2/1 4452/3/1
f 4454/1/1 4405/2/1 4453/3/1
f 4454/1/1 4404/2/1 4405/3/1
f 4454/1/1 4403/2/1 4404/3/1
f 4455/1/1 4403/2/1 4454/3/1
f 4455/1/1 4402/2/1 4403/3/1
f 4456/1/1 4402/2/1 4455/3/1
f 4456/1/1 4401/2/1 4402/3/1
f 4457/1/1 4401/2/1 4456/3/1
f 4457/1/1 4573/2/1 4401/3/1
f 4573/1/1 4400/2/1 4401/3/1
f 4458/1/1 4573/2/1 4457/3/1
f 4458/1/1 4572/2/1 4573/3/1
f 4574/1/1 4400/2/1 4573/3/1
f 4458/1/1 4571/2/1 4572/3/1
f 4575/1/1 4400/2/1 4574/3/1
f 4458/1/1 4570/2/1 4571/3/1
f 4576/1/1 4400/2/1 4575/3/1
f 4576/1/1 4399/2/1 4400/3/1
f 4459/1/1 4570/2/1 4458/3/1
f 4459/1/1 4569/2/1 4570/3/1
f 4577/1/1 4399/2/1 4576/3/1
f 4459/1/1 4568/2/1 4569/3/1
f 4578/1/1 4399/2/1 4577/3/1
f 4578/1/1 4398/2/1 4399/3/1
f 4460/1/1 4568/2/1 4459/3/1
f 4460/1/1 4567/2/1 4568/3/1
f 4579/1/1 4398/2/1 4578/3/1
f 4460/1/1 4566/2/1 4567/3/1
f 4580/1/1 4398/2/1 4579/3/1
f 4461/1/1 4566/2/1 4460/3/1
f 4580/1/1 4397/2/1 4398/3/1
f 4461/1/1 4565/2/1 4566/3/1
f 4581/1/1 4397/2/1 4580/3/1
f 4462/1/1 4565/2/1 4461/3/1
f 4581/1/1 4396/2/1 4397/3/1
f 4462/1/1 4564/2/1 4565/3/1
f 4582/1/1 4396/2/1 4581/3/1
f 4462/1/1 4563/2/1 4564/3/1
f 4463/1/1 4563/2/1 4462/3/1
f 4583/1/1 4396/2/1 4582/3/1
f 4583/1/1 4395/2/1 4396/3/1
f 4463/1/1 4562/2/1 4563/3/1
f 4584/1/1 4395/2/1 4583/3/1
f 4464/1/1 4562/2/1 4463/3/1
f 4584/1/1 4394/2/1 4395/3/1
f 4464/1/1 4561/2/1 4562/3/1
f 4537/1/1 4394/2/1 4584/3/1
f 4465/1/1 4561/2/1 4464/3/1
f 4537/1/1 4393/2/1 4394/3/1
f 4465/1/1 4560/2/1 4561/3/1
f 4538/1/1 4393/2/1 4537/3/1
f 4466/1/1 4560/2/1 4465/3/1
f 4538/1/1 4488/2/1 4393/3/1
f 4539/1/1 4488/2/1 4538/3/1
f 4466/1/1 4559/2/1 4560/3/1
f 4540/1/1 4488/2/1 4539/3/1
f 4466/1/1 4558/2/1 4559/3/1
f 4467/1/1 4558/2/1 4466/3/1
f 4540/1/1 4487/2/1 4488/3/1
f 4541/1/1 4487/2/1 4540/3/1
f 4467/1/1 4557/2/1 4558/3/1
f 4542/1/1 4487/2/1 4541/3/1
f 4467/1/1 4556/2/1 4557/3/1
f 4468/1/1 4556/2/1 4467/3/1
f 4542/1/1 4486/2/1 4487/3/1
f 4543/1/1 4486/2/1 4542/3/1
f 4468/1/1 4555/2/1 4556/3/1
f 4544/1/1 4486/2/1 4543/3/1
f 4468/1/1 4554/2/1 4555/3/1
f 4469/1/1 4554/2/1 4468/3/1
f 4544/1/1 4485/2/1 4486/3/1
f 4545/1/1 4485/2/1 4544/3/1
f 4469/1/1 4553/2/1 4554/3/1
f 4546/1/1 4485/2/1 4545/3/1
f 4469/1/1 4552/2/1 4553/3/1
f 4547/1/1 4485/2/1 4546/3/1
f 4469/1/1 4551/2/1 4552/3/1
f 4548/1/1 4485/2/1 4547/3/1
f 4469/1/1 4550/2/1 4551/3/1
f 4470/1/1 4550/2/1 4469/3/1
f 4548/1/1 4484/2/1 4485/3/1
f 4549/1/1 4484/2/1 4548/3/1
f 4470/1/1 4549/2/1 4550/3/1
f 4470/1/1 4484/2/1 4549/3/1
f 4471/1/1 4484/2/1 4470/3/1
f 4471/1/1 4483/2/1 4484/3/1
f 4472/1/1 4483/2/1 4471/3/1
f 4472/1/1 4482/2/1 4483/3/1
f 4473/1/1 4482/2/1 4472/3/1
f 4473/1/1 4481/2/1 4482/3/1
f 4474/1/1 4481/2/1 4473/3/1
f 4474/1/1 4480/2/1 4481/3/1
f 4475/1/1 4480/2/1 4474/3/1
f 4475/1/1 4479/2/1 4480/3/1
f 4476/1/1 4479/2/1 4475/3/1
f 4476/1/1 4478/2/1 4479/3/1
f 4477/1/1 4478/2/1 4476/3/1
f 5323/1/2 5322/2/2 5321/3/2
f 5323/1/2 5321/2/2 5320/3/2
f 5320/1/2 5319/2/2 5318/3/2
f 5320/1/2 5318/2/2 5317/3/2
f 5323/1/2 5320/2/2 5325/3/2
f 5325/1/2 5320/2/2 5317/3/2
f 5325/1/2 5317/2/2 5327/3/2
f 5323/1/2 5325/2/2 5324/3/2
f 5326/1/2 5325/2/2 5327/3/2
f 5365/1/2 5364/2/2 5363/3/2
f 5365/1/2 5363/2/2 5362/3/2
f 5366/1/2 5365/2/2 5362/3/2
f 5366/1/2 5362/2/2 5361/3/2
f 5367/1/2 5366/2/2 5361/3/2
f 5367/1/2 5361/2/2 5360/3/2
f 5368/1/2 5367/2/2 5360/3/2
f 5368/1/2 5360/2/2 5359/3/2
f 5369/1/2 5368/2/2 5359/3/2
f 5369/1/2 5359/2/2 5358/3/2
f 5370/1/2 5369/2/2 5388/3/2
f 5388/1/2 5369/2/2 5358/3/2
f 5370/1/2 5388/2/2 5387/3/2
f 5389/1/2 5388/2/2 5358/3/2
f 5390/1/2 5389/2/2 5358/3/2
f 5370/1/2 5387/2/2 5386/3/2
f 5391/1/2 5390/2/2 5358/3/2
f 5370/1/2 5386/2/2 5385/3/2
f 5391/1/2 5358/2/2 5357/3/2
f 5371/1/2 5370/2/2 5385/3/2
f 5392/1/2 5391/2/2 5357/3/2
f 5371/1/2 5385/2/2 5384/3/2
f 5393/1/2 5392/2/2 5357/3/2
f 5371/1/2 5384/2/2 5383/3/2
f 5393/1/2 5357/2/2 5356/3/2
f 5372/1/2 5371/2/2 5383/3/2
f 5394/1/2 5393/2/2 5356/3/2
f 5372/1/2 5383/2/2 5382/3/2
f 5395/1/2 5394/2/2 5356/3/2
f 5372/1/2 5382/2/2 5381/3/2
f 5395/1/2 5356/2/2 5355/3/2
f 5373/1/2 5372/2/2 5381/3/2
f 5396/1/2 5395/2/2 5355/3/2
f 5373/1/2 5381/2/2 5380/3/2
f 5396/1/2 5355/2/2 5354/3/2
f 5374/1/2 5373/2/2 5380/3/2
f 5397/1/2 5396/2/2 5354/3/2
f 5374/1/2 5380/2/2 5379/3/2
f 5398/1/2 5397/2/2 5354/3/2
f 5374/1/2 5379/2/2 5378/3/2
f 5398/1/2 5354/2/2 5353/3/2
f 5375/1/2 5374/2/2 5378/3/2
f 5399/1/2 5398/2/2 5353/3/2
f 5375/1/2 5378/2/2 5377/3/2
f 5399/1/2 5353/2/2 5352/3/2
f 5328/1/2 5375/2/2 5377/3/2
f 5400/1/2 5399/2/2 5352/3/2
f 5328/1/2 5377/2/2 5376/3/2
f 5329/1/2 5328/2/2 5376/3/2
f 5329/1/2 5376/2/2 5423/3/2
f 5401/1/2 5400/2/2 5352/3/2
f 5401/1/2 5352/2/2 5351/3/2
f 5329/1/2 5423/2/2 5422/3/2
f 5402/1/2 5401/2/2 5351/3/2
f 5402/1/2 5351/2/2 5350/3/2
f 5330/1/2 5329/2/2 5422/3/2
f 5330/1/2 5422/2/2 5421/3/2
f 5403/1/2 5402/2/2 5350/3/2
f 5403/1/2 5350/2/2 5349/3/2
f 5331/1/2 5330/2/2 5421/3/2
f 5404/1/2 5403/2/2 5349/3/2
f 5331/1/2 5421/2/2 5420/3/2
f 5404/1/2 5349/2/2 5348/3/2
f 5332/1/2 5331/2/2 5420/3/2
f 5405/1/2 5404/2/2 5348/3/2
f 5332/1/2 5420/2/2 5419/3/2
f 5406/1/2 5405/2/2 5348/3/2
f 5332/1/2 5419/2/2 5418/3/2
f 5406/1/2 5348/2/2 5347/3/2
f 5333/1/2 5332/2/2 5418/3/2
f 5407/1/2 5406/2/2 5347/3/2
f 5333/1/2 5418/2/2 5417/3/2
f 5408/1/2 5407/2/2 5347/3/2
f 5333/1/2 5417/2/2 5416/3/2
f 5408/1/2 5347/2/2 5346/3/2
f 5334/1/2 5333/2/2 5416/3/2
f 5409/1/2 5408/2/2 5346/3/2
f 5334/1/2 5416/2/2 5415/3/2
f 5410/1/2 5409/2/2 5346/3/2
f 5334/1/2 5415/2/2 5414/3/2
f 5410/1/2 5346/2/2 5345/3/2
f 5335/1/2 5334/2/2 5414/3/2
f 5411/1/2 5410/2/2 5345/3/2
f 5335/1/2 5414/2/2 5413/3/2
f 5412/1/2 5411/2/2 5345/3/2
f 5335/1/2 5413/2/2 5412/3/2
f 5335/1/2 5412/2/2 5345/3/2
f 5335/1/2 5345/2/2 5344/3/2
f 5336/1/2 5335/2/2 5344/3/2
f 5336/1/2 5344/2/2 5343/3/2
f 5337/1/2 5336/2/2 5343/3/2
f 5337/1/2 5343/2/2 5342/3/2
f 5338/1/2 5337/2/2 5342/3/2
f 5338/1/2 5342/2/2 5341/3/2
f 5339/1/2 5338/2/2 5341/3/2
f 5339/1/2 5341/2/2 5340/3/2
f 5425/1/2 5424/2/2 5491/3/2
f 5491/1/2 5424/2/2 5490/3/2
f 5491/1/2 5490/2/2 5489/3/2
f 5491/1/2 5489/2/2 5488/3/2
f 5491/1/2 5488/2/2 5487/3/2
f 5491/1/2 5487/2/2 5486/3/2
f 5491/1/2 5486/2/2 5485/3/2
f 5491/1/2 5485/2/2 5484/3/2
f 5491/1/2 5484/2/2 5483/3/2
f 5491/1/2 5483/2/2 5492/3/2
f 5492/1/2 5483/2/2 5482/3/2
f 5425/1/2 5491/2/2 5517/3/2
f 5493/1/2 5492/2/2 5482/3/2
f 5494/1/2 5493/2/2 5482/3/2
f 5495/1/2 5494/2/2 5482/3/2
f 5495/1/2 5482/2/2 5481/3/2
f 5496/1/2 5495/2/2 5481/3/2
f 5497/1/2 5496/2/2 5481/3/2
f 5498/1/2 5497/2/2 5481/3/2
f 5498/1/2 5481/2/2 5480/3/2
f 5499/1/2 5498/2/2 5480/3/2
f 5500/1/2 5499/2/2 5480/3/2
f 5501/1/2 5500/2/2 5480/3/2
f 5501/1/2 5480/2/2 5479/3/2
f 5502/1/2 5501/2/2 5479/3/2
f 5503/1/2 5502/2/2 5479/3/2
f 5503/1/2 5479/2/2 5478/3/2
f 5504/1/2 5503/2/2 5478/3/2
f 5505/1/2 5504/2/2 5478/3/2
f 5505/1/2 5478/2/2 5477/3/2
f 5506/1/2 5505/2/2 5477/3/2
f 5506/1/2 5477/2/2 5476/3/2
f 5507/1/2 5506/2/2 5476/3/2
f 5508/1/2 5507/2/2 5476/3/2
f 5508/1/2 5476/2/2 5475/3/2
f 5509/1/2 5508/2/2 5475/3/2
f 5509/1/2 5475/2/2 5474/3/2
f 5510/1/2 5509/2/2 5474/3/2
f 5510/1/2 5474/2/2 5473/3/2
f 5511/1/2 5510/2/2 5473/3/2
f 5512/1/2 5511/2/2 5473/3/2
f 5512/1/2 5473/2/2 5472/3/2
f 5513/1/2 5512/2/2 5472/3/2
f 5514/1/2 5513/2/2 5472/3/2
f 5514/1/2 5472/2/2 5471/3/2
f 5515/1/2 5514/2/2 5471/3/2
f 5516/1/2 5515/2/2 5471/3/2
f 5425/1/2 5517/2/2 5427/3/2
f 5427/1/2 5517/2/2 5516/3/2
f 5427/1/2 5516/2/2 5471/3/2
f 5427/1/2 5471/2/2 5470/3/2
f 5427/1/2 5470/2/2 5469/3/2
f 5427/1/2 5469/2/2 5468/3/2
f 5427/1/2 5468/2/2 5467/3/2
f 5427/1/2 5467/2/2 5466/3/2
f 5427/1/2 5466/2/2 5465/3/2
f 5427/1/2 5465/2/2 5464/3/2
f 5427/1/2 5464/2/2 5428/3/3
f 5428/1/3 5464/2/2 5429/3/4
f 5429/1/4 5464/2/2 5463/3/2
f 5425/1/2 5427/2/2 5426/3/2
f 5430/1/2 5429/2/4 5463/3/2
f 5431/1/2 5430/2/2 5463/3/2
f 5432/1/2 5431/2/2 5463/3/2
f 5432/1/2 5463/2/2 5462/3/2
f 5433/1/2 5432/2/2 5462/3/2
f 5434/1/2 5433/2/2 5462/3/2
f 5434/1/2 5462/2/2 5461/3/2
f 5435/1/2 5434/2/2 5461/3/2
f 5435/1/2 5461/2/2 5460/3/2
f 5436/1/2 5435/2/2 5460/3/2
f 5436/1/2 5460/2/2 5459/3/2
f 5437/1/2 5436/2/2 5459/3/2
f 5437/1/2 5459/2/2 5458/3/2
f 5438/1/2 5437/2/2 5458/3/2
f 5438/1/2 5458/2/2 5457/3/2
f 5439/1/2 5438/2/2 5457/3/2
f 5439/1/2 5457/2/2 5456/3/2
f 5439/1/2 5456/2/2 5455/3/2
f 5440/1/2 5439/2/2 5455/3/2
f 5440/1/2 5455/2/2 5454/3/2
f 5441/1/2 5440/2/2 5454/3/2
f 5441/1/2 5454/2/2 5453/3/2
f 5441/1/2 5453/2/2 5452/3/2
f 5441/1/2 5452/2/2 5451/3/2
f 5441/1/2 5451/2/2 5450/3/2
f 5441/1/2 5450/2/2 5449/3/2
f 5441/1/2 5449/2/2 5448/3/2
f 5441/1/2 5448/2/2 5447/3/2
f 5441/1/2 5447/2/2 5446/3/2
f 5441/1/2 5446/2/2 5445/3/2
f 5441/1/2 5445/2/2 5444/3/2
f 5441/1/2 5444/2/2 5443/3/2
f 5441/1/2 5443/2/2 5442/3/2
f 5531/1/2 5530/2/2 5529/3/2
f 5531/1/2 5529/2/2 5528/3/2
f 5532/1/2 5531/2/2 5528/3/2
f 5532/1/2 5528/2/2 5527/3/2
f 5533/1/2 5532/2/2 5527/3/2
f 5533/1/2 5527/2/2 5526/3/2
f 5534/1/2 5533/2/2 5526/3/2
f 5535/1/2 5534/2/2 5526/3/2
f 5535/1/2 5526/2/2 5525/3/2
f 5536/1/2 5535/2/2 5525/3/2
f 5536/1/2 5525/2/2 5602/3/2
f 5602/1/2 5525/2/2 5524/3/2
f 5536/1/2 5602/2/2 5601/3/2
f 5603/1/2 5602/2/2 5524/3/2
f 5536/1/2 5601/2/2 5600/3/2
f 5604/1/2 5603/2/2 5524/3/2
f 5537/1/2 5536/2/2 5600/3/2
f 5604/1/2 5524/2/2 5523/3/2
f 5537/1/2 5600/2/2 5599/3/2
f 5605/1/2 5604/2/2 5523/3/2
f 5537/1/2 5599/2/2 5598/3/2
f 5606/1/2 5605/2/2 5523/3/2
f 5537/1/2 5598/2/2 5597/3/2
f 5607/1/2 5606/2/2 5523/3/2
f 5538/1/2 5537/2/2 5597/3/2
f 5607/1/2 5523/2/2 5522/3/2
f 5538/1/2 5597/2/2 5596/3/2
f 5608/1/2 5607/2/2 5522/3/2
f 5538/1/2 5596/2/2 5595/3/2
f 5609/1/2 5608/2/2 5522/3/2
f 5539/1/2 5538/2/2 5595/3/2
f 5609/1/2 5522/2/2 5521/3/2
f 5539/1/2 5595/2/2 5594/3/2
f 5610/1/2 5609/2/2 5521/3/2
f 5540/1/2 5539/2/2 5594/3/2
f 5610/1/2 5521/2/2 5520/3/2
f 5540/1/2 5594/2/2 5593/3/2
f 5611/1/2 5610/2/2 5520/3/2
f 5540/1/2 5593/2/2 5592/3/2
f 5612/1/2 5611/2/2 5520/3/2
f 5541/1/2 5540/2/2 5592/3/2
f 5612/1/2 5520/2/2 5519/3/2
f 5541/1/2 5592/2/2 5591/3/2
f 5613/1/2 5612/2/2 5519/3/2
f 5542/1/2 5541/2/2 5591/3/2
f 5613/1/2 5519/2/2 5518/3/2
f 5542/1/2 5591/2/2 5590/3/2
f 5566/1/2 5613/2/2 5518/3/2
f 5543/1/2 5542/2/2 5590/3/2
f 5543/1/2 5590/2/2 5589/3/2
f 5567/1/2 5566/2/2 5518/3/2
f 5567/1/2 5518/2/2 5565/3/2
f 5543/1/2 5589/2/2 5588/3/2
f 5568/1/2 5567/2/2 5565/3/2
f 5544/1/2 5543/2/2 5588/3/2
f 5568/1/2 5565/2/2 5564/3/2
f 5544/1/2 5588/2/2 5587/3/2
f 5569/1/2 5568/2/2 5564/3/2
f 5545/1/2 5544/2/2 5587/3/2
f 5569/1/2 5564/2/2 5563/3/2
f 5570/1/2 5569/2/2 5563/3/2
f 5545/1/2 5587/2/2 5586/3/2
f 5571/1/2 5570/2/2 5563/3/2
f 5545/1/2 5586/2/2 5585/3/2
f 5546/1/2 5545/2/2 5585/3/2
f 5571/1/2 5563/2/2 5562/3/2
f 5572/1/2 5571/2/2 5562/3/2
f 5546/1/2 5585/2/2 5584/3/2
f 5547/1/2 5546/2/2 5584/3/2
f 5572/1/2 5562/2/2 5561/3/2
f 5573/1/2 5572/2/2 5561/3/2
f 5547/1/2 5584/2/2 5583/3/2
f 5574/1/2 5573/2/2 5561/3/2
f 5547/1/2 5583/2/2 5582/3/2
f 5548/1/2 5547/2/2 5582/3/2
f 5574/1/2 5561/2/2 5560/3/2
f 5575/1/2 5574/2/2 5560/3/2
f 5548/1/2 5582/2/2 5581/3/2
f 5576/1/2 5575/2/2 5560/3/2
f 5548/1/2 5581/2/2 5580/3/2
f 5577/1/2 5576/2/2 5560/3/2
f 5548/1/2 5580/2/2 5579/3/2
f 5549/1/2 5548/2/2 5579/3/2
f 5577/1/2 5560/2/2 5559/3/2
f 5578/1/2 5577/2/2 5559/3/2
f 5549/1/2 5579/2/2 5578/3/2
f 5549/1/2 5578/2/2 5559/3/2
f 5550/1/2 5549/2/2 5559/3/2
f 5550/1/2 5559/2/2 5558/3/2
f 5551/1/2 5550/2/2 5558/3/2
f 5551/1/2 5558/2/2 5557/3/2
f 5552/1/2 5551/2/2 5557/3/2
f 5552/1/2 5557/2/2 5556/3/2
f 5553/1/2 5552/2/2 5556/3/2
f 5553/1/2 5556/2/2 5555/3/2
f 5554/1/2 5553/2/2 5555/3/2
f 5749/1/2 5748/2/2 5747/3/2
f 5750/1/4 5749/2/2 5747/3/2
f 5751/1/2 5750/2/4 5747/3/2
f 5751/1/2 5747/2/2 5746/3/2
f 5752/1/2 5751/2/2 5746/3/2
f 5753/1/2 5752/2/2 5746/3/2
f 5754/1/2 5753/2/2 5746/3/2
f 5754/1/2 5746/2/2 5745/3/2
f 5755/1/2 5754/2/2 5745/3/2
f 5756/1/2 5755/2/2 5745/3/2
f 5757/1/2 5756/2/2 5745/3/2
f 5757/1/2 5745/2/2 5744/3/2
f 5758/1/2 5757/2/2 5744/3/2
f 5759/1/2 5758/2/2 5744/3/2
f 5759/1/2 5744/2/2 5743/3/2
f 5760/1/2 5759/2/2 5743/3/2
f 5614/1/2 5760/2/2 5615/3/2
f 5615/1/2 5760/2/2 5616/3/2
f 5616/1/2 5760/2/2 5617/3/2
f 5617/1/2 5760/2/2 5618/3/2
f 5618/1/2 5760/2/2 5743/3/2
f 5618/1/2 5743/2/2 5619/3/2
f 5619/1/2 5743/2/2 5620/3/2
f 5620/1/2 5743/2/2 5742/3/2
f 5620/1/2 5742/2/2 5621/3/2
f 5621/1/2 5742/2/2 5622/3/2
f 5622/1/2 5742/2/2 5741/3/2
f 5622/1/2 5741/2/2 5623/3/5
f 5623/1/5 5741/2/2 5624/3/2
f 5624/1/2 5741/2/2 5625/3/4
f 5625/1/4 5741/2/2 5740/3/2
f 5625/1/4 5740/2/2 5626/3/2
f 5626/1/2 5740/2/2 5627/3/2
f 5627/1/2 5740/2/2 5739/3/2
f 5628/1/2 5627/2/2 5739/3/2
f 5629/1/2 5628/2/2 5739/3/2
f 5630/1/2 5629/2/2 5739/3/2
f 5630/1/2 5739/2/2 5738/3/2
f 5631/1/2 5630/2/2 5738/3/2
f 5632/1/2 5631/2/2 5738/3/2
f 5633/1/2 5632/2/2 5738/3/2
f 5633/1/2 5738/2/2 5737/3/2
f 5634/1/2 5633/2/2 5737/3/2
f 5635/1/2 5634/2/2 5737/3/2
f 5635/1/2 5737/2/2 5736/3/2
f 5636/1/2 5635/2/2 5736/3/2
f 5637/1/2 5636/2/2 5736/3/2
f 5637/1/2 5736/2/2 5735/3/2
f 5638/1/2 5637/2/2 5735/3/2
f 5639/1/2 5638/2/2 5735/3/2
f 5639/1/2 5735/2/2 5734/3/2
f 5640/1/2 5639/2/2 5734/3/2
f 5640/1/2 5734/2/2 5733/3/2
f 5641/1/2 5640/2/2 5733/3/2
f 5641/1/2 5733/2/2 5732/3/2
f 5642/1/2 5641/2/2 5732/3/2
f 5642/1/2 5732/2/2 5731/3/2
f 5643/1/2 5642/2/2 5731/3/2
f 5643/1/2 5731/2/2 5730/3/2
f 5644/1/2 5643/2/2 5730/3/2
f 5645/1/2 5644/2/2 5730/3/2
f 5645/1/2 5730/2/2 5729/3/2
f 5646/1/2 5645/2/2 5729/3/2
f 5646/1/2 5729/2/2 5728/3/2
f 5647/1/2 5646/2/2 5728/3/2
f 5648/1/2 5647/2/2 5728/3/2
f 5649/1/2 5648/2/2 5728/3/2
f 5649/1/2 5728/2/2 5727/3/2
f 5650/1/2 5649/2/2 5727/3/2
f 5651/1/2 5650/2/2 5727/3/2
f 5651/1/2 5727/2/2 5726/3/2
f 5651/1/2 5726/2/2 5725/3/2
f 5651/1/2 5725/2/2 5724/3/2
f 5651/1/2 5724/2/2 5723/3/2
f 5651/1/2 5723/2/2 5722/3/2
f 5651/1/2 5722/2/2 5721/3/2
f 5651/1/2 5721/2/2 5720/3/2
f 5651/1/2 5720/2/2 5719/3/2
f 5651/1/2 5719/2/2 5652/3/2
f 5652/1/2 5719/2/2 5718/3/2
f 5653/1/4 5652/2/2 5718/3/2
f 5654/1/2 5653/2/4 5718/3/2
f 5655/1/2 5654/2/2 5718/3/2
f 5655/1/2 5718/2/2 5717/3/2
f 5656/1/2 5655/2/2 5717/3/2
f 5657/1/2 5656/2/2 5717/3/2
f 5657/1/2 5717/2/2 5716/3/2
f 5658/1/2 5657/2/2 5716/3/2
f 5658/1/2 5716/2/2 5715/3/2
f 5659/1/2 5658/2/2 5715/3/2
f 5660/1/2 5659/2/2 5715/3/2
f 5660/1/2 5715/2/2 5714/3/2
f 5661/1/2 5660/2/2 5714/3/2
f 5661/1/2 5714/2/2 5713/3/2
f 5662/1/2 5661/2/2 5713/3/2
f 5662/1/2 5713/2/2 5712/3/2
f 5663/1/2 5662/2/2 5712/3/2
f 5663/1/2 5712/2/2 5711/3/2
f 5664/1/2 5663/2/2 5711/3/2
f 5665/1/2 5664/2/2 5711/3/2
f 5665/1/2 5711/2/2 5710/3/2
f 5666/1/2 5665/2/2 5710/3/2
f 5667/1/2 5666/2/2 5710/3/2
f 5667/1/2 5710/2/2 5709/3/2
f 5688/1/2 5687/2/2 5686/3/2
f 5668/1/2 5667/2/2 5709/3/2
f 5688/1/2 5686/2/2 5685/3/2
f 5669/1/2 5668/2/2 5709/3/2
f 5688/1/2 5685/2/2 5684/3/2
f 5669/1/2 5709/2/2 5708/3/2
f 5670/1/2 5669/2/2 5708/3/2
f 5688/1/2 5684/2/2 5683/3/2
f 5688/1/2 5683/2/2 5682/3/2
f 5671/1/2 5670/2/2 5708/3/2
f 5688/1/2 5682/2/2 5681/3/2
f 5672/1/2 5671/2/2 5708/3/2
f 5688/1/2 5681/2/2 5680/3/2
f 5688/1/2 5680/2/2 5679/3/2
f 5673/1/2 5672/2/2 5708/3/2
f 5673/1/2 5708/2/2 5707/3/2
f 5688/1/2 5679/2/2 5678/3/2
f 5674/1/2 5673/2/2 5707/3/2
f 5688/1/2 5678/2/2 5677/3/2
f 5688/1/2 5677/2/2 5676/3/2
f 5675/1/2 5674/2/2 5707/3/2
f 5688/1/2 5676/2/2 5675/3/2
f 5688/1/2 5675/2/2 5707/3/2
f 5688/1/2 5707/2/2 5706/3/2
f 5688/1/2 5706/2/2 5705/3/2
f 5688/1/2 5705/2/2 5704/3/2
f 5689/1/2 5688/2/2 5704/3/2
f 5690/1/2 5689/2/2 5704/3/2
f 5691/1/2 5690/2/2 5704/3/2
f 5691/1/2 5704/2/2 5703/3/2
f 5692/1/2 5691/2/2 5703/3/2
f 5693/1/2 5692/2/2 5703/3/2
f 5693/1/2 5703/2/2 5702/3/2
f 5694/1/2 5693/2/2 5702/3/2
f 5695/1/2 5694/2/2 5702/3/2
f 5696/1/2 5695/2/2 5702/3/2
f 5696/1/2 5702/2/2 5701/3/2
f 5697/1/2 5696/2/2 5701/3/2
f 5698/1/2 5697/2/2 5701/3/2
f 5698/1/2 5701/2/2 5700/3/2
f 5699/1/2 5698/2/2 5700/3/2
f 5774/1/2 5773/2/2 5772/3/2
f 5774/1/2 5772/2/2 5771/3/2
f 5775/1/2 5774/2/2 5771/3/2
f 5775/1/2 5771/2/2 5770/3/2
f 5776/1/2 5775/2/2 5770/3/2
f 5776/1/2 5770/2/2 5769/3/2
f 5777/1/2 5776/2/2 5769/3/2
f 5778/1/2 5777/2/2 5769/3/2
f 5778/1/2 5769/2/2 5768/3/2
f 5779/1/2 5778/2/2 5768/3/2
f 5779/1/2 5768/2/2 5845/3/2
f 5845/1/2 5768/2/2 5767/3/2
f 5779/1/2 5845/2/2 5844/3/2
f 5846/1/2 5845/2/2 5767/3/2
f 5779/1/2 5844/2/2 5843/3/2
f 5847/1/2 5846/2/2 5767/3/2
f 5780/1/2 5779/2/2 5843/3/2
f 5847/1/2 5767/2/2 5766/3/2
f 5780/1/2 5843/2/2 5842/3/2
f 5848/1/2 5847/2/2 5766/3/2
f 5780/1/2 5842/2/2 5841/3/2
f 5849/1/2 5848/2/2 5766/3/2
f 5780/1/2 5841/2/2 5840/3/2
f 5850/1/2 5849/2/2 5766/3/2
f 5781/1/2 5780/2/2 5840/3/2
f 5850/1/2 5766/2/2 5765/3/2
f 5781/1/2 5840/2/2 5839/3/2
f 5851/1/2 5850/2/2 5765/3/2
f 5781/1/2 5839/2/2 5838/3/2
f 5852/1/2 5851/2/2 5765/3/2
f 5782/1/2 5781/2/2 5838/3/2
f 5852/1/2 5765/2/2 5764/3/2
f 5782/1/2 5838/2/2 5837/3/2
f 5853/1/2 5852/2/2 5764/3/2
f 5783/1/2 5782/2/2 5837/3/2
f 5853/1/2 5764/2/2 5763/3/2
f 5783/1/2 5837/2/2 5836/3/2
f 5854/1/2 5853/2/2 5763/3/2
f 5783/1/2 5836/2/2 5835/3/2
f 5855/1/2 5854/2/2 5763/3/2
f 5784/1/2 5783/2/2 5835/3/2
f 5855/1/2 5763/2/2 5762/3/2
f 5784/1/2 5835/2/2 5834/3/2
f 5856/1/2 5855/2/2 5762/3/2
f 5785/1/2 5784/2/2 5834/3/2
f 5856/1/2 5762/2/2 5761/3/2
f 5785/1/2 5834/2/2 5833/3/2
f 5809/1/2 5856/2/2 5761/3/2
f 5786/1/2 5785/2/2 5833/3/2
f 5786/1/2 5833/2/2 5832/3/2
f 5810/1/2 5809/2/2 5761/3/2
f 5810/1/2 5761/2/2 5808/3/2
f 5786/1/2 5832/2/2 5831/3/2
f 5811/1/2 5810/2/2 5808/3/2
f 5787/1/2 5786/2/2 5831/3/2
f 5811/1/2 5808/2/2 5807/3/2
f 5787/1/2 5831/2/2 5830/3/2
f 5812/1/2 5811/2/2 5807/3/2
f 5788/1/2 5787/2/2 5830/3/2
f 5812/1/2 5807/2/2 5806/3/2
f 5813/1/2 5812/2/2 5806/3/2
f 5788/1/2 5830/2/2 5829/3/2
f 5814/1/2 5813/2/2 5806/3/2
f 5788/1/2 5829/2/2 5828/3/2
f 5789/1/2 5788/2/2 5828/3/2
f 5814/1/2 5806/2/2 5805/3/2
f 5815/1/2 5814/2/2 5805/3/2
f 5789/1/2 5828/2/2 5827/3/2
f 5790/1/2 5789/2/2 5827/3/2
f 5815/1/2 5805/2/2 5804/3/2
f 5816/1/2 5815/2/2 5804/3/2
f 5790/1/2 5827/2/2 5826/3/2
f 5817/1/2 5816/2/2 5804/3/2
f 5790/1/2 5826/2/2 5825/3/2
f 5791/1/2 5790/2/2 5825/3/2
f 5817/1/2 5804/2/2 5803/3/2
f 5818/1/2 5817/2/2 5803/3/2
f 5791/1/2 5825/2/2 5824/3/2
f 5819/1/2 5818/2/2 5803/3/2
f 5791/1/2 5824/2/2 5823/3/2
f 5820/1/2 5819/2/2 5803/3/2
f 5791/1/2 5823/2/2 5822/3/2
f 5792/1/2 5791/2/2 5822/3/2
f 5820/1/2 5803/2/2 5802/3/2
f 5821/1/2 5820/2/2 5802/3/2
f 5792/1/2 5822/2/2 5821/3/2
f 5792/1/2 5821/2/2 5802/3/2
f 5793/1/2 5792/2/2 5802/3/2
f 5793/1/2 5802/2/2 5801/3/2
f 5794/1/2 5793/2/2 5801/3/2
f 5794/1/2 5801/2/2 5800/3/2
f 5795/1/2 5794/2/2 5800/3/2
f 5795/1/2 5800/2/2 5799/3/2
f 5796/1/2 5795/2/2 5799/3/2
f 5796/1/2 5799/2/2 5798/3/2
f 5797/1/2 5796/2/2 5798/3/2
f 5162/1/2 5161/2/3 5160/3/2
f 5163/1/2 5162/2/2 5160/3/2
f 5163/1/2 5160/2/2 5159/3/2
f 5164/1/2 5163/2/2 5159/3/2
f 5164/1/2 5159/2/2 5158/3/2
f 5165/1/2 5164/2/2 5158/3/2
f 5165/1/2 5158/2/2 5157/3/2
f 5166/1/2 5165/2/2 5157/3/2
f 5166/1/2 5157/2/2 5156/3/2
f 5167/1/2 5166/2/2 5156/3/2
f 5167/1/2 5156/2/2 5155/3/2
f 5168/1/2 5167/2/2 5155/3/2
f 5168/1/2 5155/2/2 5154/3/2
f 5169/1/2 5168/2/2 5154/3/2
f 5169/1/2 5154/2/2 5257/3/2
f 5257/1/2 5154/2/2 5153/3/2
f 5169/1/2 5257/2/2 5256/3/2
f 5258/1/3 5257/2/2 5153/3/2
f 5169/1/2 5256/2/2 5255/3/2
f 5259/1/2 5258/2/3 5153/3/2
f 5170/1/2 5169/2/2 5255/3/2
f 5170/1/2 5255/2/2 5254/3/2
f 5259/1/2 5153/2/2 5152/3/2
f 5260/1/2 5259/2/2 5152/3/2
f 5170/1/2 5254/2/2 5253/3/2
f 5261/1/2 5260/2/2 5152/3/2
f 5170/1/2 5253/2/2 5252/3/2
f 5262/1/2 5261/2/2 5152/3/2
f 5170/1/2 5252/2/2 5251/3/2
f 5263/1/2 5262/2/2 5152/3/2
f 5171/1/2 5170/2/2 5251/3/2
f 5263/1/2 5152/2/2 5151/3/2
f 5171/1/2 5251/2/2 5250/3/2
f 5264/1/2 5263/2/2 5151/3/2
f 5171/1/2 5250/2/2 5249/3/2
f 5265/1/2 5264/2/2 5151/3/2
f 5171/1/2 5249/2/2 5248/3/2
f 5172/1/2 5171/2/2 5248/3/2
f 5266/1/2 5265/2/2 5151/3/2
f 5266/1/2 5151/2/2 5150/3/2
f 5172/1/2 5248/2/2 5247/3/2
f 5267/1/2 5266/2/2 5150/3/2
f 5172/1/2 5247/2/2 5246/3/2
f 5268/1/2 5267/2/2 5150/3/2
f 5173/1/2 5172/2/2 5246/3/2
f 5268/1/2 5150/2/2 5149/3/2
f 5173/1/2 5246/2/2 5245/3/2
f 5221/1/2 5268/2/2 5149/3/2
f 5173/1/2 5245/2/2 5244/3/2
f 5174/1/2 5173/2/2 5244/3/2
f 5222/1/2 5221/2/2 5149/3/2
f 5222/1/2 5149/2/2 5148/3/2
f 5174/1/2 5244/2/2 5243/3/2
f 5223/1/2 5222/2/2 5148/3/2
f 5175/1/2 5174/2/2 5243/3/2
f 5223/1/2 5148/2/2 5147/3/2
f 5175/1/2 5243/2/2 5242/3/2
f 5224/1/2 5223/2/2 5147/3/2
f 5224/1/2 5147/2/2 5146/3/2
f 5176/1/2 5175/2/2 5242/3/2
f 5176/1/2 5242/2/2 5241/3/2
f 5225/1/2 5224/2/2 5146/3/2
f 5225/1/2 5146/2/2 5145/3/2
f 5177/1/2 5176/2/2 5241/3/2
f 5177/1/2 5241/2/2 5240/3/2
f 5226/1/2 5225/2/2 5145/3/2
f 5226/1/2 5145/2/2 5144/3/2
f 5178/1/2 5177/2/2 5240/3/2
f 5178/1/2 5240/2/2 5239/3/2
f 5227/1/2 5226/2/2 5144/3/2
f 5227/1/2 5144/2/2 5143/3/2
f 5179/1/2 5178/2/2 5239/3/2
f 5179/1/2 5239/2/2 5238/3/2
f 5228/1/2 5227/2/2 5143/3/2
f 5228/1/2 5143/2/2 5142/3/2
f 5179/1/2 5238/2/2 5237/3/2
f 5229/1/2 5228/2/2 5142/3/2
f 5180/1/2 5179/2/2 5237/3/2
f 5180/1/2 5237/2/2 5236/3/2
f 5230/1/2 5229/2/2 5142/3/2
f 5230/1/2 5142/2/2 5141/3/2
f 5181/1/2 5180/2/2 5236/3/2
f 5181/1/2 5236/2/2 5235/3/2
f 5231/1/2 5230/2/2 5141/3/2
f 5181/1/2 5235/2/2 5234/3/2
f 5232/1/3 5231/2/2 5141/3/2
f 5181/1/2 5234/2/2 5233/3/2
f 5233/1/2 5232/2/3 5141/3/2
f 5181/1/2 5233/2/2 5141/3/2
f 5181/1/2 5141/2/2 5140/3/2
f 5182/1/2 5181/2/2 5140/3/2
f 5182/1/2 5140/2/2 5139/3/2
f 5183/1/2 5182/2/2 5139/3/2
f 5183/1/2 5139/2/2 5138/3/2
f 5184/1/2 5183/2/2 5138/3/2
f 5184/1/2 5138/2/2 5137/3/2
f 5185/1/2 5184/2/2 5137/3/2
f 5186/1/2 5185/2/2 5137/3/2
f 5186/1/2 5137/2/2 5136/3/2
f 5186/1/2 5136/2/2 5135/3/2
f 5187/1/2 5186/2/2 5135/3/2
f 5187/1/2 5135/2/2 5134/3/2
f 5188/1/2 5187/2/2 5134/3/2
f 5188/1/2 5134/2/2 5133/3/2
f 5189/1/2 5188/2/2 5133/3/2
f 5189/1/2 5133/2/2 5305/3/2
f 5305/1/2 5133/2/2 5132/3/2
f 5190/1/2 5189/2/2 5305/3/2
f 5190/1/2 5305/2/2 5304/3/6
f 5306/1/2 5305/2/2 5132/3/2
f 5190/1/2 5304/2/6 5303/3/2
f 5307/1/2 5306/2/2 5132/3/2
f 5190/1/2 5303/2/2 5302/3/2
f 5308/1/2 5307/2/2 5132/3/2
f 5308/1/2 5132/2/2 5131/3/2
f 5191/1/2 5190/2/2 5302/3/2
f 5191/1/2 5302/2/2 5301/3/2
f 5309/1/2 5308/2/2 5131/3/2
f 5191/1/2 5301/2/2 5300/3/2
f 5310/1/2 5309/2/2 5131/3/2
f 5310/1/2 5131/2/2 5130/3/2
f 5192/1/2 5191/2/2 5300/3/2
f 5192/1/2 5300/2/2 5299/3/2
f 5311/1/2 5310/2/2 5130/3/2
f 5192/1/2 5299/2/2 5298/3/2
f 5312/1/2 5311/2/2 5130/3/2
f 5193/1/2 5192/2/2 5298/3/2
f 5312/1/2 5130/2/2 5129/3/2
f 5193/1/2 5298/2/2 5297/3/2
f 5313/1/2 5312/2/2 5129/3/2
f 5194/1/2 5193/2/2 5297/3/2
f 5313/1/2 5129/2/2 5128/3/2
f 5194/1/2 5297/2/2 5296/3/2
f 5314/1/2 5313/2/2 5128/3/2
f 5194/1/2 5296/2/2 5295/3/2
f 5195/1/2 5194/2/2 5295/3/2
f 5315/1/2 5314/2/2 5128/3/2
f 5315/1/2 5128/2/2 5127/3/2
f 5195/1/2 5295/2/2 5294/3/2
f 5316/1/2 5315/2/2 5127/3/2
f 5196/1/2 5195/2/2 5294/3/2
f 5316/1/2 5127/2/2 5126/3/2
f 5196/1/2 5294/2/2 5293/3/2
f 5269/1/2 5316/2/2 5126/3/2
f 5197/1/2 5196/2/2 5293/3/2
f 5269/1/2 5126/2/2 5125/3/2
f 5197/1/2 5293/2/2 5292/3/2
f 5270/1/2 5269/2/2 5125/3/2
f 5198/1/2 5197/2/2 5292/3/2
f 5270/1/2 5125/2/2 5220/3/2
f 5271/1/2 5270/2/2 5220/3/2
f 5198/1/2 5292/2/2 5291/3/2
f 5272/1/2 5271/2/2 5220/3/2
f 5198/1/2 5291/2/2 5290/3/2
f 5199/1/2 5198/2/2 5290/3/2
f 5272/1/2 5220/2/2 5219/3/2
f 5273/1/2 5272/2/2 5219/3/2
f 5199/1/2 5290/2/2 5289/3/2
f 5274/1/2 5273/2/2 5219/3/2
f 5199/1/2 5289/2/2 5288/3/2
f 5200/1/2 5199/2/2 5288/3/2
f 5274/1/2 5219/2/2 5218/3/2
f 5275/1/2 5274/2/2 5218/3/2
f 5200/1/2 5288/2/2 5287/3/2
f 5276/1/2 5275/2/2 5218/3/2
f 5200/1/2 5287/2/2 5286/3/2
f 5201/1/2 5200/2/2 5286/3/2
f 5276/1/2 5218/2/2 5217/3/2
f 5277/1/2 5276/2/2 5217/3/2
f 5201/1/2 5286/2/2 5285/3/2
f 5278/1/2 5277/2/2 5217/3/2
f 5201/1/2 5285/2/2 5284/3/2
f 5279/1/2 5278/2/2 5217/3/2
f 5201/1/2 5284/2/2 5283/3/2
f 5280/1/2 5279/2/2 5217/3/2
f 5201/1/2 5283/2/2 5282/3/2
f 5202/1/2 5201/2/2 5282/3/2
f 5280/1/2 5217/2/2 5216/3/2
f 5281/1/2 5280/2/2 5216/3/2
f 5202/1/2 5282/2/2 5281/3/2
f 5202/1/2 5281/2/2 5216/3/2
f 5203/1/2 5202/2/2 5216/3/2
f 5203/1/2 5216/2/2 5215/3/2
f 5204/1/2 5203/2/2 5215/3/2
f 5204/1/2 5215/2/2 5214/3/2
f 5205/1/2 5204/2/2 5214/3/2
f 5205/1/2 5214/2/2 5213/3/2
f 5206/1/2 5205/2/2 5213/3/2
f 5206/1/2 5213/2/2 5212/3/2
f 5207/1/2 5206/2/2 5212/3/2
f 5207/1/2 5212/2/2 5211/3/2
f 5208/1/2 5207/2/2 5211/3/2
f 5208/1/2 5211/2/2 5210/3/2
f 5209/1/3 5208/2/2 5210/3/2
f 4415/1/7 5147/2/7 5148/3/8 4416/4/8
f 4936/1/9 5668/2/9 5669/3/10 4937/4/10
f 4522/1/11 5254/2/11 5255/3/12 4523/4/12
f 4449/1/13 5181/2/13 5182/3/14 4450/4/14
f 5027/1/15 5759/2/15 5760/3/16 5028/4/16
f 4672/1/17 5404/2/17 5405/3/18 4673/4/18
f 5036/1/19 5768/2/19 5769/3/20 5037/4/20
f 4529/1/21 5261/2/21 5262/3/22 4530/4/22
f 4941/1/23 5673/2/23 5674/3/24 4942/4/24
f 4950/1/25 5682/2/25 5683/3/26 4951/4/26
f 5114/1/27 5846/2/27 5847/3/28 5115/4/28
f 4786/1/29 5518/2/29 5519/3/30 4787/4/30
f 4770/1/31 5502/2/31 5503/3/32 4771/4/32
f 4695/1/33 5427/2/33 5428/3/34 4696/4/34
f 4859/1/35 5591/2/35 5592/3/36 4860/4/36
f 5043/1/37 5775/2/37 5776/3/38 5044/4/38
f 4431/1/39 5163/2/39 5164/3/40 4432/4/40
f 4440/1/41 5172/2/41 5173/3/42 4441/4/42
f 4604/1/43 5336/2/43 5337/3/44 4605/4/44
f 4627/1/45 5359/2/45 5360/3/46 4628/4/46
f 4688/1/47 5420/2/47 5421/3/48 4689/4/48
f 4793/1/19 5525/2/19 5526/3/20 4794/4/20
f 4884/1/49 5616/2/49 5617/3/50 4885/4/50
f 4545/1/51 5277/2/51 5278/3/52 4546/4/52
f 4693/1/33 5425/2/33 5426/3/33 4694/4/33
f 4538/1/53 5270/2/53 5271/3/54 4539/4/54
f 4411/1/55 5143/2/55 5144/3/56 4412/4/56
f 4802/1/57 5534/2/57 5535/3/58 4803/4/58
f 4957/1/59 5689/2/59 5690/3/60 4958/4/60
f 5052/1/61 5784/2/61 5785/3/62 5053/4/62
f 5059/1/63 5791/2/63 5792/3/64 5060/4/64
f 4447/1/65 5179/2/65 5180/3/66 4448/4/66
f 5097/1/67 5829/2/67 5830/3/68 5098/4/68
f 4573/1/69 5305/2/69 5306/3/70 4574/4/70
f 4463/1/71 5195/2/71 5196/3/72 4464/4/72
f 4704/1/73 5436/2/73 5437/3/74 4705/4/74
f 4966/1/75 5698/2/75 5699/3/76 4967/4/76
f 4875/1/77 5607/2/77 5608/3/78 4876/4/78
f 4952/1/79 5684/2/79 5685/3/80 4953/4/80
f 4711/1/81 5443/2/81 5444/3/82 4712/4/82
f 4620/1/29 5352/2/29 5353/3/83 4621/4/83
f 4561/1/84 5293/2/84 5294/3/85 4562/4/85
f 4973/1/86 5705/2/86 5706/3/87 4974/4/87
f 5120/1/88 5852/2/88 5853/3/89 5121/4/89
f 5087/1/90 5819/2/90 5820/3/91 5088/4/91
f 4914/1/92 5646/2/92 5647/3/93 4915/4/93
f 4818/1/94 5550/2/94 5551/3/95 4819/4/95
f 4891/1/96 5623/2/96 5624/3/97 4892/4/97
f 4659/1/98 5391/2/98 5392/3/99 4660/4/99
f 5075/1/100 5807/2/100 5808/3/101 5076/4/101
f 4982/1/102 5714/2/102 5715/3/103 4983/4/103
f 4636/1/104 5368/2/104 5369/3/105 4637/4/105
f 4809/1/61 5541/2/61 5542/3/62 4810/4/62
f 4404/1/106 5136/2/106 5137/3/107 4405/4/107
f 4720/1/108 5452/2/108 5453/3/109 4721/4/109
f 4727/1/110 5459/2/110 5460/3/111 4728/4/111
f 4549/1/112 5281/2/112 5282/3/113 4550/4/113
f 4709/1/33 5441/2/33 5442/3/33 4710/4/33
f 4554/1/114 5286/2/114 5287/3/115 4555/4/115
f 4930/1/116 5662/2/116 5663/3/117 4931/4/117
f 4472/1/118 5204/2/118 5205/3/119 4473/4/119
f 5021/1/120 5753/2/120 5754/3/121 5022/4/121
f 5068/1/122 5800/2/122 5801/3/123 5069/4/123
f 4675/1/124 5407/2/124 5408/3/125 4676/4/125
f 4425/1/126 5157/2/126 5158/3/127 4426/4/127
f 4420/1/128 5152/2/128 5153/3/129 4421/4/129
f 4825/1/122 5557/2/122 5558/3/123 4826/4/123
f 4946/1/130 5678/2/130 5679/3/131 4947/4/131
f 4989/1/132 5721/2/132 5722/3/133 4990/4/133
f 4436/1/134 5168/2/134 5169/3/135 4437/4/135
f 4833/1/101 5565/2/101 5518/3/29 4786/4/29
f 4479/1/136 5211/2/136 5212/3/137 4480/4/137
f 4736/1/138 5468/2/138 5469/3/139 4737/4/139
f 5084/1/140 5816/2/140 5817/3/141 5085/4/141
f 4962/1/142 5694/2/142 5695/3/143 4963/4/143
f 4834/1/62 5566/2/62 5567/3/144 4835/4/144
f 4707/1/145 5439/2/145 5440/3/146 4708/4/146
f 4841/1/140 5573/2/140 5574/3/141 4842/4/141
f 4452/1/147 5184/2/147 5185/3/148 4453/4/148
f 4413/1/149 5145/2/149 5146/3/150 4414/4/150
f 4586/1/151 5318/2/151 5319/3/151 4587/4/151
f 5028/1/62 5760/2/62 5614/3/62 4882/4/62
f 4998/1/152 5730/2/152 5731/3/153 4999/4/153
f 4670/1/154 5402/2/154 5403/3/155 4671/4/155
f 4593/1/156 5325/2/156 5326/3/156 4594/4/156
f 5005/1/157 5737/2/157 5738/3/158 5006/4/158
f 4743/1/159 5475/2/159 5476/3/160 4744/4/160
f 4927/1/161 5659/2/161 5660/3/162 4928/4/162
f 5100/1/163 5832/2/163 5833/3/29 5101/4/29
f 4473/1/119 5205/2/119 5206/3/164 4474/4/164
f 5107/1/165 5839/2/165 5840/3/166 5108/4/166
f 4752/1/167 5484/2/167 5485/3/168 4753/4/168
f 4725/1/169 5457/2/169 5458/3/170 4726/4/170
f 5122/1/171 5854/2/171 5855/3/172 5123/4/172
f 5014/1/173 5746/2/173 5747/3/174 5015/4/174
f 4454/1/175 5186/2/175 5187/3/176 4455/4/176
f 4470/1/177 5202/2/177 5203/3/178 4471/4/178
f 4994/1/179 5726/2/179 5727/3/180 4995/4/180
f 4609/1/181 5341/2/181 5342/3/182 4610/4/182
f 4759/1/33 5491/2/33 5492/3/183 4760/4/183
f 4429/1/184 5161/2/184 5162/3/185 4430/4/185
f 4984/1/186 5716/2/186 5717/3/187 4985/4/187
f 4739/1/188 5471/2/188 5472/3/189 4740/4/189
f 4866/1/190 5598/2/190 5599/3/191 4867/4/191
f 4504/1/192 5236/2/192 5237/3/193 4505/4/193
f 4686/1/194 5418/2/194 5419/3/195 4687/4/195
f 5123/1/172 5855/2/172 5856/3/196 5124/4/196
f 5111/1/197 5843/2/197 5844/3/198 5112/4/198
f 4943/1/199 5675/2/199 5676/3/200 4944/4/200
f 4857/1/163 5589/2/163 5590/3/29 4858/4/29
f 4968/1/201 5700/2/201 5701/3/202 4969/4/202
f 4977/1/203 5709/2/203 5710/3/204 4978/4/204
f 4602/1/205 5334/2/205 5335/3/206 4603/4/206
f 4625/1/207 5357/2/207 5358/3/208 4626/4/208
f 4511/1/209 5243/2/209 5244/3/210 4512/4/210
f 5010/1/211 5742/2/211 5743/3/212 5011/4/212
f 4882/1/213 5614/2/213 5615/3/214 4883/4/214
f 4768/1/215 5500/2/215 5501/3/216 4769/4/216
f 4445/1/217 5177/2/217 5178/3/218 4446/4/218
f 5116/1/219 5848/2/219 5849/3/220 5117/4/220
f 4755/1/221 5487/2/221 5488/3/222 4756/4/222
f 4641/1/223 5373/2/223 5374/3/224 4642/4/224
f 4702/1/225 5434/2/225 5435/3/226 4703/4/226
f 4741/1/227 5473/2/227 5474/3/228 4742/4/228
f 4500/1/229 5232/2/229 5233/3/230 4501/4/230
f 4898/1/231 5630/2/231 5631/3/232 4899/4/232
f 4959/1/233 5691/2/233 5692/3/234 4960/4/234
f 4486/1/235 5218/2/235 5219/3/236 4487/4/236
f 4488/1/237 5220/2/237 5125/3/238 4393/4/238
f 4939/1/239 5671/2/239 5672/3/240 4940/4/240
f 5037/1/20 5769/2/20 5770/3/241 5038/4/241
f 4397/1/242 5129/2/242 5130/3/243 4398/4/243
f 5000/1/244 5732/2/244 5733/3/245 5001/4/245
f 4873/1/219 5605/2/219 5606/3/220 4874/4/220
f 5026/1/246 5758/2/246 5759/3/15 5027/4/15
f 4527/1/247 5259/2/247 5260/3/248 4528/4/248
f 5030/1/30 5762/2/30 5763/3/249 5031/4/249
f 4618/1/250 5350/2/250 5351/3/251 4619/4/251
f 4771/1/32 5503/2/32 5504/3/252 4772/4/252
f 4784/1/253 5516/2/253 5517/3/151 4785/4/151
f 4775/1/254 5507/2/254 5508/3/255 4776/4/255
f 4516/1/256 5248/2/256 5249/3/257 4517/4/257
f 4657/1/258 5389/2/258 5390/3/259 4658/4/259
f 4911/1/260 5643/2/260 5644/3/261 4912/4/261
f 4889/1/262 5621/2/262 5622/3/263 4890/4/263
f 4461/1/264 5193/2/264 5194/3/265 4462/4/265
f 4757/1/266 5489/2/266 5490/3/267 4758/4/267
f 4634/1/268 5366/2/268 5367/3/269 4635/4/269
f 4718/1/270 5450/2/270 5451/3/271 4719/4/271
f 4905/1/272 5637/2/272 5638/3/273 4906/4/273
f 4502/1/274 5234/2/274 5235/3/275 4503/4/275
f 4785/1/29 5517/2/29 5491/3/29 4759/4/29
f 4975/1/276 5707/2/276 5708/3/277 4976/4/277
f 5016/1/278 5748/2/278 5749/3/279 5017/4/279
f 4395/1/280 5127/2/280 5128/3/281 4396/4/281
f 4673/1/18 5405/2/18 5406/3/282 4674/4/282
f 5053/1/62 5785/2/62 5786/3/283 5054/4/283
f 4421/1/129 5153/2/129 5154/3/284 4422/4/284
f 4652/1/285 5384/2/285 5385/3/286 4653/4/286
f 4418/1/287 5150/2/287 5151/3/288 4419/4/288
f 4543/1/289 5275/2/289 5276/3/290 4544/4/290
f 5046/1/58 5778/2/58 5779/3/291 5047/4/291
f 4402/1/292 5134/2/292 5135/3/293 4403/4/293
f 4921/1/294 5653/2/294 5654/3/295 4922/4/295
f 5042/1/296 5774/2/296 5775/3/37 5043/4/37
f 4932/1/297 5664/2/297 5665/3/298 4933/4/298
f 4800/1/37 5532/2/37 5533/3/38 4801/4/38
f 4791/1/299 5523/2/299 5524/3/300 4792/4/300
f 4773/1/301 5505/2/301 5506/3/302 4774/4/302
f 4787/1/30 5519/2/30 5520/3/249 4788/4/249
f 4974/1/87 5706/2/87 5707/3/276 4975/4/276
f 4532/1/303 5264/2/303 5265/3/304 4533/4/304
f 4474/1/164 5206/2/164 5207/3/305 4475/4/305
f 4477/1/306 5209/2/306 5210/3/202 4478/4/202
f 4668/1/307 5400/2/307 5401/3/308 4669/4/308
f 5058/1/309 5790/2/309 5791/3/63 5059/4/63
f 5007/1/310 5739/2/310 5740/3/311 5008/4/311
f 5069/1/123 5801/2/123 5802/3/312 5070/4/312
f 4734/1/313 5466/2/313 5467/3/314 4735/4/314
f 5032/1/315 5764/2/315 5765/3/316 5033/4/316
f 4937/1/10 5669/2/10 5670/3/317 4938/4/317
f 4803/1/58 5535/2/58 5536/3/291 4804/4/291
f 4689/1/48 5421/2/48 5422/3/318 4690/4/318
f 4559/1/319 5291/2/319 5292/3/320 4560/4/320
f 5062/1/95 5794/2/95 5795/3/321 5063/4/321
f 4991/1/322 5723/2/322 5724/3/323 4992/4/323
f 4427/1/324 5159/2/324 5160/3/325 4428/4/325
f 4548/1/326 5280/2/326 5281/3/112 4549/4/112
f 4434/1/327 5166/2/327 5167/3/328 4435/4/328
f 4816/1/63 5548/2/63 5549/3/64 4817/4/64
f 4807/1/329 5539/2/329 5540/3/330 4808/4/330
f 4684/1/331 5416/2/331 5417/3/332 4685/4/332
f 4948/1/333 5680/2/333 5681/3/334 4949/4/334
f 4552/1/335 5284/2/335 5285/3/336 4553/4/336
f 4705/1/74 5437/2/74 5438/3/337 4706/4/337
f 5085/1/141 5817/2/141 5818/3/338 5086/4/338
f 4493/1/339 5225/2/339 5226/3/340 4494/4/340
f 4916/1/341 5648/2/341 5649/3/342 4917/4/342
f 4953/1/80 5685/2/80 5686/3/343 4954/4/343
f 4450/1/14 5182/2/14 5183/3/344 4451/4/344
f 4575/1/345 5307/2/345 5308/3/346 4576/4/346
f 5078/1/144 5810/2/144 5811/3/347 5079/4/347
f 4750/1/348 5482/2/348 5483/3/349 4751/4/349
f 4484/1/350 5216/2/350 5217/3/351 4485/4/351
f 4964/1/352 5696/2/352 5697/3/353 4965/4/353
f 4832/1/100 5564/2/100 5565/3/101 4833/4/101
f 4823/1/354 5555/2/354 5556/3/355 4824/4/355
f 4789/1/315 5521/2/315 5522/3/316 4790/4/316
f 4700/1/356 5432/2/356 5433/3/357 4701/4/357
f 5074/1/358 5806/2/358 5807/3/100 5075/4/100
f 4568/1/359 5300/2/359 5301/3/360 4569/4/360
f 4534/1/361 5266/2/361 5267/3/362 4535/4/362
f 5065/1/33 5797/2/33 5798/3/354 5066/4/354
f 4819/1/95 5551/2/95 5552/3/321 4820/4/321
f 5048/1/363 5780/2/363 5781/3/364 5049/4/364
f 4969/1/202 5701/2/202 5702/3/365 4970/4/365
f 4564/1/366 5296/2/366 5297/3/367 4565/4/367
f 4459/1/368 5191/2/368 5192/3/369 4460/4/369
f 4940/1/240 5672/2/240 5673/3/23 4941/4/23
f 5124/1/196 5856/2/196 5809/3/62 5077/4/62
f 4716/1/370 5448/2/370 5449/3/371 4717/4/371
f 4393/1/238 5125/2/238 5126/3/372 4394/4/372
f 4515/1/373 5247/2/373 5248/3/256 4516/4/256
f 4900/1/374 5632/2/374 5633/3/375 4901/4/375
f 4839/1/376 5571/2/376 5572/3/377 4840/4/377
f 4650/1/378 5382/2/378 5383/3/379 4651/4/379
f 4721/1/109 5453/2/109 5454/3/380 4722/4/380
f 5110/1/191 5842/2/191 5843/3/197 5111/4/197
f 4979/1/381 5711/2/381 5712/3/382 4980/4/382
f 4907/1/383 5639/2/383 5640/3/384 4908/4/384
f 4855/1/68 5587/2/68 5588/3/385 4856/4/385
f 4835/1/144 5567/2/144 5568/3/347 4836/4/347
f 4409/1/386 5141/2/386 5142/3/387 4410/4/387
f 4980/1/382 5712/2/382 5713/3/388 4981/4/388
f 4591/1/33 5323/2/33 5324/3/33 4592/4/33
f 4600/1/389 5332/2/389 5333/3/390 4601/4/390
f 4509/1/391 5241/2/391 5242/3/392 4510/4/392
f 4805/1/363 5537/2/363 5538/3/364 4806/4/364
f 4666/1/393 5398/2/393 5399/3/394 4667/4/394
f 4766/1/395 5498/2/395 5499/3/396 4767/4/396
f 4550/1/113 5282/2/113 5283/3/397 4551/4/397
f 4475/1/305 5207/2/305 5208/3/398 4476/4/398
f 4923/1/399 5655/2/399 5656/3/400 4924/4/400
f 5023/1/401 5755/2/401 5756/3/402 5024/4/402
f 5064/1/403 5796/2/403 5797/3/33 5065/4/33
f 4732/1/404 5464/2/404 5465/3/405 4733/4/405
f 4525/1/406 5257/2/406 5258/3/407 4526/4/407
f 4899/1/232 5631/2/232 5632/3/374 4900/4/374
f 4782/1/408 5514/2/408 5515/3/409 4783/4/409
f 5106/1/410 5838/2/410 5839/3/165 5107/4/165
f 4848/1/411 5580/2/411 5581/3/412 4849/4/412
f 4737/1/139 5469/2/139 5470/3/413 4738/4/413
f 5039/1/414 5771/2/414 5772/3/415 5040/4/415
f 5001/1/245 5733/2/245 5734/3/416 5002/4/416
f 4851/1/417 5583/2/417 5584/3/418 4852/4/418
f 4482/1/419 5214/2/419 5215/3/420 4483/4/420
f 4871/1/27 5603/2/27 5604/3/28 4872/4/28
f 4596/1/273 5328/2/273 5329/3/421 4597/4/421
f 5117/1/220 5849/2/220 5850/3/77 5118/4/77
f 4616/1/422 5348/2/422 5349/3/423 4617/4/423
f 4821/1/403 5553/2/403 5554/3/33 4822/4/33
f 4996/1/424 5728/2/424 5729/3/425 4997/4/425
f 4607/1/426 5339/2/426 5340/3/427 4608/4/427
f 4541/1/428 5273/2/428 5274/3/429 4542/4/429
f 4748/1/430 5480/2/430 5481/3/431 4749/4/431
f 4798/1/151 5530/2/151 5531/3/296 4799/4/296
f 4867/1/191 5599/2/191 5600/3/197 4868/4/197
f 4753/1/168 5485/2/168 5486/3/432 4754/4/432
f 4623/1/433 5355/2/433 5356/3/434 4624/4/434
f 4887/1/435 5619/2/435 5620/3/436 4888/4/436
f 5055/1/437 5787/2/437 5788/3/438 5056/4/438
f 5080/1/439 5812/2/439 5813/3/440 5081/4/440
f 4612/1/441 5344/2/441 5345/3/442 4613/4/442
f 4498/1/443 5230/2/443 5231/3/444 4499/4/444
f 4880/1/172 5612/2/172 5613/3/196 4881/4/196
f 4632/1/445 5364/2/445 5365/3/446 4633/4/446
f 4837/1/439 5569/2/439 5570/3/440 4838/4/440
f 4441/1/42 5173/2/42 5174/3/447 4442/4/447
f 5012/1/448 5744/2/448 5745/3/449 5013/4/449
f 4494/1/340 5226/2/340 5227/3/450 4495/4/450
f 4412/1/56 5144/2/56 5145/3/149 4413/4/149
f 4557/1/451 5289/2/451 5290/3/452 4558/4/452
f 4582/1/453 5314/2/453 5315/3/454 4583/4/454
f 5017/1/279 5749/2/279 5750/3/455 5018/4/455
f 4698/1/456 5430/2/456 5431/3/457 4699/4/457
f 4903/1/458 5635/2/458 5636/3/459 4904/4/459
f 4814/1/460 5546/2/460 5547/3/309 4815/4/309
f 5096/1/461 5828/2/461 5829/3/67 5097/4/67
f 4507/1/462 5239/2/462 5240/3/463 4508/4/463
f 4955/1/62 5687/2/62 5688/3/62 4956/4/62
f 4639/1/464 5371/2/464 5372/3/465 4640/4/465
f 5071/1/466 5803/2/466 5804/3/467 5072/4/467
f 4764/1/468 5496/2/468 5497/3/469 4765/4/469
f 4896/1/470 5628/2/470 5629/3/471 4897/4/471
f 4883/1/214 5615/2/214 5616/3/49 4884/4/49
f 4853/1/461 5585/2/461 5586/3/67 4854/4/67
f 4628/1/46 5360/2/46 5361/3/472 4629/4/472
f 4457/1/473 5189/2/473 5190/3/474 4458/4/474
f 4769/1/216 5501/2/216 5502/3/31 4770/4/31
f 5094/1/417 5826/2/417 5827/3/418 5095/4/418
f 4598/1/475 5330/2/475 5331/3/476 4599/4/476
f 4714/1/477 5446/2/477 5447/3/478 4715/4/478
f 5112/1/198 5844/2/198 5845/3/33 5113/4/33
f 4971/1/479 5703/2/479 5704/3/480 4972/4/480
f 4910/1/481 5642/2/481 5643/3/260 4911/4/260
f 4830/1/482 5562/2/482 5563/3/358 4831/4/358
f 4422/1/284 5154/2/284 5155/3/483 4423/4/483
f 4655/1/484 5387/2/484 5388/3/485 4656/4/485
f 5002/1/416 5734/2/416 5735/3/486 5003/4/486
f 5033/1/316 5765/2/316 5766/3/299 5034/4/299
f 4535/1/362 5267/2/362 5268/3/487 4536/4/487
f 4530/1/22 5262/2/22 5263/3/488 4531/4/488
f 4400/1/489 5132/2/489 5133/3/490 4401/4/490
f 4523/1/12 5255/2/12 5256/3/491 4524/4/491
f 4643/1/492 5375/2/492 5328/3/273 4596/4/273
f 5044/1/38 5776/2/38 5777/3/57 5045/4/57
f 4780/1/493 5512/2/493 5513/3/494 4781/4/494
f 4987/1/495 5719/2/495 5720/3/496 4988/4/496
f 4926/1/497 5658/2/497 5659/3/161 4927/4/161
f 4576/1/346 5308/2/346 5309/3/498 4577/4/498
f 4671/1/155 5403/2/155 5404/3/17 4672/4/17
f 4869/1/198 5601/2/198 5602/3/33 4870/4/33
f 5049/1/364 5781/2/364 5782/3/329 5050/4/329
f 4405/1/499 5137/2/499 5138/3/442 4406/4/442
f 4801/1/38 5533/2/38 5534/3/57 4802/4/57
f 4416/1/8 5148/2/8 5149/3/500 4417/4/500
f 4614/1/501 5346/2/501 5347/3/502 4615/4/502
f 4539/1/54 5271/2/54 5272/3/503 4540/4/503
f 4662/1/504 5394/2/504 5395/3/505 4663/4/505
f 4578/1/506 5310/2/506 5311/3/507 4579/4/507
f 4546/1/52 5278/2/52 5279/3/508 4547/4/508
f 4589/1/151 5321/2/151 5322/3/151 4590/4/151
f 4796/1/414 5528/2/414 5529/3/415 4797/4/415
f 4919/1/509 5651/2/509 5652/3/510 4920/4/510
f 5060/1/64 5792/2/64 5793/3/94 5061/4/94
f 4942/1/24 5674/2/24 5675/3/199 4943/4/199
f 4746/1/511 5478/2/511 5479/3/512 4747/4/512
f 4687/1/195 5419/2/195 5420/3/47 4688/4/47
f 5103/1/36 5835/2/36 5836/3/513 5104/4/513
f 5003/1/486 5735/2/486 5736/3/514 5004/4/514
f 4432/1/40 5164/2/40 5165/3/515 4433/4/515
f 4885/1/50 5617/2/50 5618/3/516 4886/4/516
f 4858/1/29 5590/2/29 5591/3/35 4859/4/35
f 4958/1/60 5690/2/60 5691/3/233 4959/4/233
f 4630/1/517 5362/2/517 5363/3/518 4631/4/518
f 4555/1/115 5287/2/115 5288/3/519 4556/4/519
f 4678/1/520 5410/2/520 5411/3/521 4679/4/521
f 4817/1/64 5549/2/64 5550/3/94 4818/4/94
f 4703/1/226 5435/2/226 5436/3/73 4704/4/73
f 4605/1/44 5337/2/44 5338/3/522 4606/4/522
f 4812/1/437 5544/2/437 5545/3/438 4813/4/438
f 4935/1/523 5667/2/523 5668/3/9 4936/4/9
f 4562/1/85 5294/2/85 5295/3/524 4563/4/524
f 4448/1/66 5180/2/66 5181/3/13 4449/4/13
f 4862/1/525 5594/2/525 5595/3/410 4863/4/410
f 5119/1/78 5851/2/78 5852/3/88 5120/4/88
f 4901/1/375 5633/2/375 5634/3/526 4902/4/526
f 4682/1/527 5414/2/527 5415/3/528 4683/4/528
f 4646/1/529 5378/2/529 5379/3/530 4647/4/530
f 4505/1/193 5237/2/193 5238/3/531 4506/4/531
f 4648/1/532 5380/2/532 5381/3/533 4649/4/533
f 5081/1/440 5813/2/440 5814/3/376 5082/4/376
f 4437/1/135 5169/2/135 5170/3/534 4438/4/534
f 4762/1/535 5494/2/535 5495/3/536 4763/4/536
f 4508/1/463 5240/2/463 5241/3/391 4509/4/391
f 4401/1/490 5133/2/490 5134/3/292 4402/4/292
f 4571/1/537 5303/2/537 5304/3/538 4572/4/538
f 4694/1/29 5426/2/29 5427/3/29 4695/4/29
f 4719/1/271 5451/2/271 5452/3/108 4720/4/108
f 4621/1/83 5353/2/83 5354/3/539 4622/4/539
f 4570/1/540 5302/2/540 5303/3/537 4571/4/537
f 4828/1/466 5560/2/466 5561/3/467 4829/4/467
f 4951/1/26 5683/2/26 5684/3/79 4952/4/79
f 4464/1/72 5196/2/72 5197/3/541 4465/4/541
f 4878/1/89 5610/2/89 5611/3/171 4879/4/171
f 4917/1/342 5649/2/342 5650/3/542 4918/4/542
f 4489/1/543 5221/2/543 5222/3/544 4490/4/544
f 4407/1/545 5139/2/545 5140/3/546 4408/4/546
f 4664/1/547 5396/2/547 5397/3/548 4665/4/548
f 4961/1/549 5693/2/549 5694/3/142 4962/4/142
f 4453/1/550 5185/2/550 5186/3/175 4454/4/175
f 4990/1/133 5722/2/133 5723/3/322 4991/4/322
f 4710/1/551 5442/2/551 5443/3/81 4711/4/81
f 5092/1/412 5824/2/412 5825/3/552 5093/4/552
f 4735/1/314 5467/2/314 5468/3/138 4736/4/138
f 4587/1/553 5319/2/553 5320/3/553 4588/4/553
f 4654/1/554 5386/2/554 5387/3/484 4655/4/484
f 5090/1/555 5822/2/555 5823/3/411 5091/4/411
f 4480/1/137 5212/2/137 5213/3/556 4481/4/556
f 4637/1/105 5369/2/105 5370/3/557 4638/4/557
f 4933/1/298 5665/2/298 5666/3/558 4934/4/558
f 4844/1/90 5576/2/90 5577/3/91 4845/4/91
f 4521/1/559 5253/2/559 5254/3/11 4522/4/11
f 4894/1/560 5626/2/560 5627/3/561 4895/4/561
f 4423/1/483 5155/2/483 5156/3/562 4424/4/562
f 4778/1/563 5510/2/563 5511/3/564 4779/4/564
f 4560/1/320 5292/2/320 5293/3/84 4561/4/84
f 4680/1/565 5412/2/565 5413/3/566 4681/4/566
f 4469/1/567 5201/2/567 5202/3/177 4470/4/177
f 5035/1/300 5767/2/300 5768/3/19 5036/4/19
f 4849/1/412 5581/2/412 5582/3/552 4850/4/552
f 4653/1/286 5385/2/286 5386/3/554 4654/4/554
f 4726/1/170 5458/2/170 5459/3/110 4727/4/110
f 4580/1/568 5312/2/568 5313/3/569 4581/4/569
f 4594/1/33 5326/2/33 5327/3/33 4595/4/33
f 4518/1/570 5250/2/570 5251/3/571 4519/4/571
f 4398/1/243 5130/2/243 5131/3/572 4399/4/572
f 4983/1/103 5715/2/103 5716/3/186 4984/4/186
f 5108/1/166 5840/2/166 5841/3/190 5109/4/190
f 5006/1/158 5738/2/158 5739/3/310 5007/4/310
f 4566/1/573 5298/2/573 5299/3/574 4567/4/574
f 4751/1/349 5483/2/349 5484/3/167 4752/4/167
f 4912/1/261 5644/2/261 5645/3/575 4913/4/575
f 4985/1/187 5717/2/187 5718/3/576 4986/4/576
f 5113/1/33 5845/2/33 5846/3/27 5114/4/27
f 4536/1/487 5268/2/487 5221/3/543 4489/4/543
f 5099/1/385 5831/2/385 5832/3/163 5100/4/163
f 4496/1/577 5228/2/577 5229/3/578 4497/4/578
f 4723/1/579 5455/2/579 5456/3/109 4724/4/109
f 4865/1/166 5597/2/166 5598/3/190 4866/4/190
f 4603/1/206 5335/2/206 5336/3/43 4604/4/43
f 4537/1/580 5269/2/580 5270/3/53 4538/4/53
f 4610/1/182 5342/2/182 5343/3/581 4611/4/581
f 4669/1/308 5401/2/308 5402/3/154 4670/4/154
f 4949/1/334 5681/2/334 5682/3/25 4950/4/25
f 4860/1/36 5592/2/36 5593/3/513 4861/4/513
f 4794/1/20 5526/2/20 5527/3/241 4795/4/241
f 4414/1/150 5146/2/150 5147/3/7 4415/4/7
f 4439/1/582 5171/2/582 5172/3/41 4440/4/41
f 5051/1/330 5783/2/330 5784/3/61 5052/4/61
f 5022/1/121 5754/2/121 5755/3/401 5023/4/401
f 4928/1/162 5660/2/162 5661/3/583 4929/4/583
f 4696/1/34 5428/2/34 5429/3/584 4697/4/584
f 4626/1/208 5358/2/208 5359/3/45 4627/4/45
f 4767/1/396 5499/2/396 5500/3/215 4768/4/215
f 4868/1/197 5600/2/197 5601/3/198 4869/4/198
f 4512/1/210 5244/2/210 5245/3/585 4513/4/585
f 4685/1/332 5417/2/332 5418/3/194 4686/4/194
f 4897/1/471 5629/2/471 5630/3/231 4898/4/231
f 5038/1/241 5770/2/241 5771/3/414 5039/4/414
f 4430/1/185 5162/2/185 5163/3/39 4431/4/39
f 4485/1/351 5217/2/351 5218/3/235 4486/4/235
f 4542/1/429 5274/2/429 5275/3/289 4543/4/289
f 4642/1/224 5374/2/224 5375/3/492 4643/4/492
f 4783/1/409 5515/2/409 5516/3/253 4784/4/253
f 4944/1/200 5676/2/200 5677/3/586 4945/4/586
f 4742/1/228 5474/2/228 5475/3/159 4743/4/159
f 4553/1/336 5285/2/336 5286/3/114 4554/4/114
f 4528/1/248 5260/2/248 5261/3/21 4529/4/21
f 4456/1/587 5188/2/587 5189/3/473 4457/4/473
f 4619/1/251 5351/2/251 5352/3/29 4620/4/29
f 4999/1/153 5731/2/153 5732/3/244 5000/4/244
f 4810/1/62 5542/2/62 5543/3/283 4811/4/283
f 4701/1/357 5433/2/357 5434/3/225 4702/4/225
f 4965/1/353 5697/2/353 5698/3/75 4966/4/75
f 4876/1/78 5608/2/78 5609/3/88 4877/4/88
f 5067/1/355 5799/2/355 5800/3/122 5068/4/122
f 4446/1/218 5178/2/218 5179/3/65 4447/4/65
f 4455/1/176 5187/2/176 5188/3/587 4456/4/587
f 4635/1/269 5367/2/269 5368/3/104 4636/4/104
f 4569/1/360 5301/2/360 5302/3/540 4570/4/540
f 4913/1/575 5645/2/575 5646/3/92 4914/4/92
f 4520/1/588 5252/2/588 5253/3/559 4521/4/559
f 4960/1/234 5692/2/234 5693/3/549 4961/4/549
f 4712/1/82 5444/2/82 5445/3/589 4713/4/589
f 4892/1/97 5624/2/97 5625/3/590 4893/4/590
f 5029/1/29 5761/2/29 5762/3/30 5030/4/30
f 4826/1/123 5558/2/123 5559/3/312 4827/4/312
f 4403/1/293 5135/2/293 5136/3/106 4404/4/106
f 4906/1/273 5638/2/273 5639/3/383 4907/4/383
f 5083/1/377 5815/2/377 5816/3/140 5084/4/140
f 4660/1/99 5392/2/99 5393/3/591 4661/4/591
f 5054/1/283 5786/2/283 5787/3/437 5055/4/437
f 4909/1/592 5641/2/592 5642/3/481 4910/4/481
f 4651/1/379 5383/2/379 5384/3/285 4652/4/285
f 4501/1/230 5233/2/230 5234/3/274 4502/4/274
f 4929/1/583 5661/2/583 5662/3/116 4930/4/116
f 4799/1/296 5531/2/296 5532/3/37 4800/4/37
f 4717/1/371 5449/2/371 5450/3/270 4718/4/270
f 4519/1/571 5251/2/571 5252/3/588 4520/4/588
f 4396/1/281 5128/2/281 5129/3/242 4397/4/242
f 4419/1/288 5151/2/288 5152/3/128 4420/4/128
f 4544/1/290 5276/2/290 5277/3/51 4545/4/51
f 4981/1/388 5713/2/388 5714/3/102 4982/4/102
f 4922/1/295 5654/2/295 5655/3/399 4923/4/399
f 5015/1/174 5747/2/174 5748/3/278 5016/4/278
f 4466/1/593 5198/2/593 5199/3/594 4467/4/594
f 4676/1/125 5408/2/125 5409/3/595 4677/4/595
f 4976/1/277 5708/2/277 5709/3/203 4977/4/203
f 4471/1/178 5203/2/178 5204/3/118 4472/4/118
f 4667/1/394 5399/2/394 5400/3/307 4668/4/307
f 4584/1/596 5316/2/596 5269/3/580 4537/4/580
f 4888/1/436 5620/2/436 5621/3/262 4889/4/262
f 5070/1/312 5802/2/312 5803/3/466 5071/4/466
f 4728/1/111 5460/2/111 5461/3/597 4729/4/597
f 4585/1/598 5317/2/598 5318/3/598 4586/4/598
f 4945/1/586 5677/2/586 5678/3/130 4946/4/130
f 4815/1/309 5547/2/309 5548/3/63 4816/4/63
f 4842/1/141 5574/2/141 5575/3/338 4843/4/338
f 4691/1/512 5423/2/512 5376/3/599 4644/4/599
f 4517/1/257 5249/2/257 5250/3/570 4518/4/570
f 4435/1/328 5167/2/328 5168/3/134 4436/4/134
f 4733/1/405 5465/2/405 5466/3/600 4734/4/600
f 4774/1/302 5506/2/302 5507/3/254 4775/4/254
f 4692/1/62 5424/2/62 5425/3/62 4693/4/62
f 4478/1/202 5210/2/202 5211/3/136 4479/4/136
f 4997/1/425 5729/2/425 5730/3/152 4998/4/152
f 5031/1/249 5763/2/249 5764/3/315 5032/4/315
f 4992/1/601 5724/2/601 5725/3/602 4993/4/602
f 4487/1/236 5219/2/236 5220/3/237 4488/4/237
f 5086/1/338 5818/2/338 5819/3/90 5087/4/90
f 4744/1/160 5476/2/160 5477/3/603 4745/4/603
f 4595/1/604 5327/2/604 5317/3/604 4585/4/604
f 4850/1/552 5582/2/552 5583/3/417 4851/4/417
f 4831/1/358 5563/2/358 5564/3/100 4832/4/100
f 4938/1/317 5670/2/317 5671/3/239 4939/4/239
f 4683/1/528 5415/2/528 5416/3/331 4684/4/331
f 4601/1/390 5333/2/390 5334/3/205 4602/4/205
f 4451/1/344 5183/2/344 5184/3/147 4452/4/147
f 4428/1/325 5160/2/325 5161/3/184 4429/4/184
f 4708/1/146 5440/2/146 5441/3/605 4709/4/605
f 4749/1/431 5481/2/431 5482/3/348 4750/4/348
f 5013/1/449 5745/2/449 5746/3/173 5014/4/173
f 5115/1/28 5847/2/28 5848/3/219 5116/4/219
f 4503/1/275 5235/2/275 5236/3/192 4504/4/192
f 4617/1/423 5349/2/423 5350/3/250 4618/4/250
f 5008/1/311 5740/2/311 5741/3/606 5009/4/606
f 4760/1/183 5492/2/183 5493/3/607 4761/4/607
f 4514/1/381 5246/2/381 5247/3/373 4515/4/373
f 4462/1/265 5194/2/265 5195/3/71 4463/4/71
f 4874/1/220 5606/2/220 5607/3/77 4875/4/77
f 4954/1/343 5686/2/343 5687/3/608 4955/4/608
f 4995/1/180 5727/2/180 5728/3/424 4996/4/424
f 4864/1/165 5596/2/165 5597/3/166 4865/4/166
f 4699/1/457 5431/2/457 5432/3/356 4700/4/356
f 4533/1/304 5265/2/304 5266/3/361 4534/4/361
f 4633/1/446 5365/2/446 5366/3/268 4634/4/268
f 5102/1/35 5834/2/35 5835/3/36 5103/4/36
f 4444/1/609 5176/2/609 5177/3/217 4445/4/217
f 4790/1/316 5522/2/316 5523/3/299 4791/4/299
f 4890/1/263 5622/2/263 5623/3/96 4891/4/96
f 4847/1/555 5579/2/555 5580/3/411 4848/4/411
f 4765/1/469 5497/2/469 5498/3/395 4766/4/395
f 4986/1/576 5718/2/576 5719/3/495 4987/4/495
f 5047/1/291 5779/2/291 5780/3/363 5048/4/363
f 4649/1/533 5381/2/533 5382/3/378 4650/4/378
f 4467/1/594 5199/2/594 5200/3/610 4468/4/610
f 4592/1/29 5324/2/29 5325/3/29 4593/4/29
f 4510/1/392 5242/2/392 5243/3/209 4511/4/209
f 4495/1/450 5227/2/450 5228/3/577 4496/4/577
f 4443/1/611 5175/2/611 5176/3/609 4444/4/609
f 4394/1/372 5126/2/372 5127/3/280 4395/4/280
f 4724/1/109 5456/2/109 5457/3/169 4725/4/169
f 5024/1/402 5756/2/402 5757/3/612 5025/4/612
f 4970/1/365 5702/2/365 5703/3/479 4971/4/479
f 4908/1/384 5640/2/384 5641/3/592 4909/4/592
f 4781/1/494 5513/2/494 5514/3/408 4782/4/408
f 4715/1/478 5447/2/478 5448/3/370 4716/4/370
f 4665/1/548 5397/2/548 5398/3/393 4666/4/393
f 4881/1/196 5613/2/196 5566/3/62 4834/4/62
f 4526/1/407 5258/2/407 5259/3/247 4527/4/247
f 4460/1/369 5192/2/369 5193/3/264 4461/4/264
f 4410/1/387 5142/2/387 5143/3/55 4411/4/55
f 4993/1/602 5725/2/602 5726/3/179 4994/4/179
f 5118/1/77 5850/2/77 5851/3/78 5119/4/78
f 5040/1/415 5772/2/415 5773/3/151 5041/4/151
f 4924/1/400 5656/2/400 5657/3/613 4925/4/613
f 4483/1/420 5215/2/420 5216/3/350 4484/4/350
f 4863/1/410 5595/2/410 5596/3/165 4864/4/165
f 4776/1/255 5508/2/255 5509/3/614 4777/4/614
f 4438/1/534 5170/2/534 5171/3/582 4439/4/582
f 4740/1/189 5472/2/189 5473/3/227 4741/4/227
f 4608/1/427 5340/2/427 5341/3/181 4609/4/181
f 5045/1/57 5777/2/57 5778/3/58 5046/4/58
f 4879/1/171 5611/2/171 5612/3/172 4880/4/172
f 4806/1/364 5538/2/364 5539/3/329 4807/4/329
f 4624/1/434 5356/2/434 5357/3/207 4625/4/207
f 4797/1/415 5529/2/415 5530/3/151 4798/4/151
f 4792/1/300 5524/2/300 5525/3/19 4793/4/19
f 4731/1/615 5463/2/615 5464/3/404 4732/4/404
f 5063/1/321 5795/2/321 5796/3/403 5064/4/403
f 4681/1/566 5413/2/566 5414/3/527 4682/4/527
f 4476/1/398 5208/2/398 5209/3/306 4477/4/306
f 4426/1/127 5158/2/127 5159/3/324 4427/4/324
f 5009/1/606 5741/2/606 5742/3/211 5010/4/211
f 5056/1/438 5788/2/438 5789/3/460 5057/4/460
f 4499/1/444 5231/2/444 5232/3/229 4500/4/229
f 4895/1/561 5627/2/561 5628/3/470 4896/4/470
f 4756/1/222 5488/2/222 5489/3/266 4757/4/266
f 4640/1/465 5372/2/465 5373/3/223 4641/4/223
f 4813/1/438 5545/2/438 5546/3/460 4814/4/460
f 4758/1/267 5490/2/267 5424/3/151 4692/4/151
f 5061/1/94 5793/2/94 5794/3/95 5062/4/95
f 4747/1/512 5479/2/512 5480/3/430 4748/4/430
f 5072/1/467 5804/2/467 5805/3/482 5073/4/482
f 4551/1/397 5283/2/397 5284/3/335 4552/4/335
f 4492/1/616 5224/2/616 5225/3/339 4493/4/339
f 4565/1/367 5297/2/367 5298/3/573 4566/4/573
f 5025/1/612 5757/2/612 5758/3/246 5026/4/246
f 4808/1/330 5540/2/330 5541/3/61 4809/4/61
f 4822/1/33 5554/2/33 5555/3/354 4823/4/354
f 4697/1/584 5429/2/584 5430/3/456 4698/4/456
f 4658/1/259 5390/2/259 5391/3/98 4659/4/98
f 5079/1/347 5811/2/347 5812/3/439 5080/4/439
f 4442/1/447 5174/2/447 5175/3/611 4443/4/611
f 4772/1/252 5504/2/252 5505/3/301 4773/4/301
f 4915/1/93 5647/2/93 5648/3/341 4916/4/341
f 4956/1/617 5688/2/617 5689/3/59 4957/4/59
f 5101/1/29 5833/2/29 5834/3/35 5102/4/35
f 5076/1/101 5808/2/101 5761/3/29 5029/4/29
f 4713/1/589 5445/2/589 5446/3/477 4714/4/477
f 4417/1/500 5149/2/500 5150/3/287 4418/4/287
f 5018/1/455 5750/2/455 5751/3/618 5019/4/618
f 4581/1/569 5313/2/569 5314/3/453 4582/4/453
f 4458/1/474 5190/2/474 5191/3/368 4459/4/368
f 4674/1/282 5406/2/282 5407/3/124 4675/4/124
f 5077/1/62 5809/2/62 5810/3/144 5078/4/144
f 4763/1/536 5495/2/536 5496/3/468 4764/4/468
f 4838/1/440 5570/2/440 5571/3/376 4839/4/376
f 4931/1/117 5663/2/117 5664/3/297 4932/4/297
f 4829/1/467 5561/2/467 5562/3/482 4830/4/482
f 4567/1/574 5299/2/574 5300/3/359 4568/4/359
f 5095/1/418 5827/2/418 5828/3/461 5096/4/461
f 4574/1/70 5306/2/70 5307/3/345 4575/4/345
f 4824/1/355 5556/2/355 5557/3/122 4825/4/122
f 5041/1/151 5773/2/151 5774/3/296 5042/4/296
f 5088/1/91 5820/2/91 5821/3/151 5089/4/151
f 5093/1/552 5825/2/552 5826/3/417 5094/4/417
f 4597/1/421 5329/2/421 5330/3/475 4598/4/475
f 4433/1/515 5165/2/515 5166/3/327 4434/4/327
f 4583/1/454 5315/2/454 5316/3/596 4584/4/596
f 4854/1/67 5586/2/67 5587/3/68 4855/4/68
f 4531/1/488 5263/2/488 5264/3/303 4532/4/303
f 4690/1/318 5422/2/318 5423/3/512 4691/4/512
f 4840/1/377 5572/2/377 5573/3/140 4841/4/140
f 4788/1/249 5520/2/249 5521/3/315 4789/4/315
f 4947/1/131 5679/2/131 5680/3/333 4948/4/333
f 5109/1/190 5841/2/190 5842/3/191 5110/4/191
f 5034/1/299 5766/2/299 5767/3/300 5035/4/300
f 4729/1/597 5461/2/597 5462/3/619 4730/4/619
f 4599/1/476 5331/2/476 5332/3/389 4600/4/389
f 4779/1/564 5511/2/564 5512/3/493 4780/4/493
f 4856/1/385 5588/2/385 5589/3/163 4857/4/163
f 4524/1/491 5256/2/491 5257/3/406 4525/4/406
f 4706/1/337 5438/2/337 5439/3/145 4707/4/145
f 5050/1/329 5782/2/329 5783/3/330 5051/4/330
f 4988/1/496 5720/2/496 5721/3/132 4989/4/132
f 5057/1/460 5789/2/460 5790/3/309 5058/4/309
f 4963/1/143 5695/2/143 5696/3/352 4964/4/352
f 5019/1/618 5751/2/618 5752/3/620 5020/4/620
f 4795/1/241 5527/2/241 5528/3/414 4796/4/414
f 4547/1/508 5279/2/508 5280/3/326 4548/4/326
f 4845/1/91 5577/2/91 5578/3/151 4846/4/151
f 4540/1/503 5272/2/503 5273/3/428 4541/4/428
f 4804/1/291 5536/2/291 5537/3/363 4805/4/363
f 4590/1/62 5322/2/62 5323/3/62 4591/4/62
f 4613/1/442 5345/2/442 5346/3/501 4614/4/501
f 5104/1/513 5836/2/513 5837/3/525 5105/4/525
f 4870/1/33 5602/2/33 5603/3/27 4871/4/27
f 4465/1/541 5197/2/541 5198/3/593 4466/4/593
f 5066/1/354 5798/2/354 5799/3/355 5067/4/355
f 4745/1/603 5477/2/603 5478/3/511 4746/4/511
f 4722/1/380 5454/2/380 5455/3/579 4723/4/579
f 4811/1/283 5543/2/283 5544/3/437 4812/4/437
f 4490/1/544 5222/2/544 5223/3/621 4491/4/621
f 5073/1/482 5805/2/482 5806/3/358 5074/4/358
f 4615/1/502 5347/2/502 5348/3/422 4616/4/422
f 4556/1/519 5288/2/519 5289/3/451 4557/4/451
f 4577/1/498 5309/2/498 5310/3/506 4578/4/506
f 4563/1/524 5295/2/524 5296/3/366 4564/4/366
f 4861/1/513 5593/2/513 5594/3/525 4862/4/525
f 4872/1/28 5604/2/28 5605/3/219 4873/4/219
f 4730/1/619 5462/2/619 5463/3/615 4731/4/615
f 5004/1/514 5736/2/514 5737/3/157 5005/4/157
f 4820/1/321 5552/2/321 5553/3/403 4821/4/403
f 4606/1/522 5338/2/522 5339/3/426 4607/4/426
f 4481/1/556 5213/2/556 5214/3/419 4482/4/419
f 4631/1/518 5363/2/518 5364/3/445 4632/4/445
f 4738/1/413 5470/2/413 5471/3/188 4739/4/188
f 5082/1/376 5814/2/376 5815/3/377 5083/4/377
f 4629/1/472 5361/2/472 5362/3/517 4630/4/517
f 4877/1/88 5609/2/88 5610/3/89 4878/4/89
f 4647/1/530 5379/2/530 5380/3/532 4648/4/532
f 4827/1/312 5559/2/312 5560/3/466 4828/4/466
f 4886/1/516 5618/2/516 5619/3/435 4887/4/435
f 4558/1/452 5290/2/452 5291/3/319 4559/4/319
f 4972/1/480 5704/2/480 5705/3/86 4973/4/86
f 4622/1/539 5354/2/539 5355/3/433 4623/4/433
f 4491/1/621 5223/2/621 5224/3/616 4492/4/616
f 4572/1/538 5304/2/538 5305/3/69 4573/4/69
f 5091/1/411 5823/2/411 5824/3/412 5092/4/412
f 5089/1/151 5821/2/151 5822/3/555 5090/4/555
f 4893/1/590 5625/2/590 5626/3/560 4894/4/560
f 4918/1/62 5650/2/62 5651/3/62 4919/4/62
f 4579/1/507 5311/2/507 5312/3/568 4580/4/568
f 4638/1/557 5370/2/557 5371/3/464 4639/4/464
f 4663/1/505 5395/2/505 5396/3/547 4664/4/547
f 4761/1/607 5493/2/607 5494/3/535 4762/4/535
f 4836/1/347 5568/2/347 5569/3/439 4837/4/439
f 4408/1/546 5140/2/546 5141/3/386 4409/4/386
f 4506/1/531 5238/2/531 5239/3/462 4507/4/462
f 4497/1/578 5229/2/578 5230/3/443 4498/4/443
f 5098/1/68 5830/2/68 5831/3/385 5099/4/385
f 4645/1/622 5377/2/622 5378/3/529 4646/4/529
f 5020/1/620 5752/2/620 5753/3/120 5021/4/120
f 4754/1/432 5486/2/432 5487/3/221 4755/4/221
f 4843/1/338 5575/2/338 5576/3/90 4844/4/90
f 4902/1/526 5634/2/526 5635/3/458 4903/4/458
f 5105/1/525 5837/2/525 5838/3/410 5106/4/410
f 5011/1/212 5743/2/212 5744/3/448 5012/4/448
f 4846/1/151 5578/2/151 5579/3/555 4847/4/555
f 4588/1/29 5320/2/29 5321/3/29 4589/4/29
f 4904/1/459 5636/2/459 5637/3/272 4905/4/272
f 4852/1/418 5584/2/418 5585/3/461 4853/4/461
f 4399/1/572 5131/2/572 5132/3/489 4400/4/489
f 4967/1/76 5699/2/76 5700/3/201 4968/4/201
f 4661/1/591 5393/2/591 5394/3/504 4662/4/504
f 4978/1/204 5710/2/204 5711/3/381 4979/4/381
f 4656/1/485 5388/2/485 5389/3/258 4657/4/258
f 4934/1/558 5666/2/558 5667/3/523 4935/4/523
f 4406/1/442 5138/2/442 5139/3/545 4407/4/545
f 4468/1/610 5200/2/610 5201/3/567 4469/4/567
f 4679/1/521 5411/2/521 5412/3/565 4680/4/565
f 4920/1/510 5652/2/510 5653/3/294 4921/4/294
f 5121/1/89 5853/2/89 5854/3/171 5122/4/171
f 4424/1/562 5156/2/562 5157/3/126 4425/4/126
f 4677/1/595 5409/2/595 5410/3/520 4678/4/520
f 4611/1/581 5343/2/581 5344/3/441 4612/4/441
f 4644/1/599 5376/2/599 5377/3/622 4645/4/622
f 4513/1/585 5245/2/585 5246/3/381 4514/4/381
f 4925/1/613 5657/2/613 5658/3/497 4926/4/497
f 4777/1/614 5509/2/614 5510/3/563 4778/4/563
f 6055/1/1 6053/2/1 6054/3/1
f 6055/1/1 6052/2/1 6053/3/1
f 6052/1/1 6050/2/1 6051/3/1
f 6052/1/1 6049/2/1 6050/3/1
f 6055/1/1 6057/2/1 6052/3/1
f 6057/1/1 6049/2/1 6052/3/1
f 6057/1/1 6059/2/1 6049/3/1
f 6055/1/1 6056/2/1 6057/3/1
f 6058/1/1 6059/2/1 6057/3/1
f 6097/1/1 6095/2/1 6096/3/1
f 6097/1/1 6094/2/1 6095/3/1
f 6098/1/1 6094/2/1 6097/3/1
f 6098/1/1 6093/2/1 6094/3/1
f 6099/1/1 6093/2/1 6098/3/1
f 6099/1/1 6092/2/1 6093/3/1
f 6100/1/1 6092/2/1 6099/3/1
f 6100/1/1 6091/2/1 6092/3/1
f 6101/1/1 6091/2/1 6100/3/1
f 6101/1/1 6090/2/1 6091/3/1
f 6102/1/1 6120/2/1 6101/3/1
f 6120/1/1 6090/2/1 6101/3/1
f 6102/1/1 6119/2/1 6120/3/1
f 6121/1/1 6090/2/1 6120/3/1
f 6122/1/1 6090/2/1 6121/3/1
f 6102/1/1 6118/2/1 6119/3/1
f 6123/1/1 6090/2/1 6122/3/1
f 6102/1/1 6117/2/1 6118/3/1
f 6123/1/1 6089/2/1 6090/3/1
f 6103/1/1 6117/2/1 6102/3/1
f 6124/1/1 6089/2/1 6123/3/1
f 6103/1/1 6116/2/1 6117/3/1
f 6125/1/1 6089/2/1 6124/3/1
f 6103/1/1 6115/2/1 6116/3/1
f 6125/1/1 6088/2/1 6089/3/1
f 6104/1/1 6115/2/1 6103/3/1
f 6126/1/1 6088/2/1 6125/3/1
f 6104/1/1 6114/2/1 6115/3/1
f 6127/1/1 6088/2/1 6126/3/1
f 6104/1/1 6113/2/1 6114/3/1
f 6127/1/1 6087/2/1 6088/3/1
f 6105/1/1 6113/2/1 6104/3/1
f 6128/1/1 6087/2/1 6127/3/1
f 6105/1/1 6112/2/1 6113/3/1
f 6128/1/1 6086/2/1 6087/3/1
f 6106/1/1 6112/2/1 6105/3/1
f 6129/1/1 6086/2/1 6128/3/1
f 6106/1/1 6111/2/1 6112/3/1
f 6130/1/1 6086/2/1 6129/3/1
f 6106/1/1 6110/2/1 6111/3/1
f 6130/1/1 6085/2/1 6086/3/1
f 6107/1/1 6110/2/1 6106/3/1
f 6131/1/1 6085/2/1 6130/3/1
f 6107/1/1 6109/2/1 6110/3/1
f 6131/1/1 6084/2/1 6085/3/1
f 6060/1/1 6109/2/1 6107/3/1
f 6132/1/1 6084/2/1 6131/3/1
f 6060/1/1 6108/2/1 6109/3/1
f 6061/1/1 6108/2/1 6060/3/1
f 6061/1/1 6155/2/1 6108/3/1
f 6133/1/1 6084/2/1 6132/3/1
f 6133/1/1 6083/2/1 6084/3/1
f 6061/1/1 6154/2/1 6155/3/1
f 6134/1/1 6083/2/1 6133/3/1
f 6134/1/1 6082/2/1 6083/3/1
f 6062/1/1 6154/2/1 6061/3/1
f 6062/1/1 6153/2/1 6154/3/1
f 6135/1/1 6082/2/1 6134/3/1
f 6135/1/1 6081/2/1 6082/3/1
f 6063/1/1 6153/2/1 6062/3/1
f 6136/1/1 6081/2/1 6135/3/1
f 6063/1/1 6152/2/1 6153/3/1
f 6136/1/1 6080/2/1 6081/3/1
f 6064/1/1 6152/2/1 6063/3/1
f 6137/1/1 6080/2/1 6136/3/1
f 6064/1/1 6151/2/1 6152/3/1
f 6138/1/1 6080/2/1 6137/3/1
f 6064/1/1 6150/2/1 6151/3/1
f 6138/1/1 6079/2/1 6080/3/1
f 6065/1/1 6150/2/1 6064/3/1
f 6139/1/1 6079/2/1 6138/3/1
f 6065/1/1 6149/2/1 6150/3/1
f 6140/1/1 6079/2/1 6139/3/1
f 6065/1/1 6148/2/1 6149/3/1
f 6140/1/1 6078/2/1 6079/3/1
f 6066/1/1 6148/2/1 6065/3/1
f 6141/1/1 6078/2/1 6140/3/1
f 6066/1/1 6147/2/1 6148/3/1
f 6142/1/1 6078/2/1 6141/3/1
f 6066/1/1 6146/2/1 6147/3/1
f 6142/1/1 6077/2/1 6078/3/1
f 6067/1/1 6146/2/1 6066/3/1
f 6143/1/1 6077/2/1 6142/3/1
f 6067/1/1 6145/2/1 6146/3/1
f 6144/1/1 6077/2/1 6143/3/1
f 6067/1/1 6144/2/1 6145/3/1
f 6067/1/1 6077/2/1 6144/3/1
f 6067/1/1 6076/2/1 6077/3/1
f 6068/1/1 6076/2/1 6067/3/1
f 6068/1/1 6075/2/1 6076/3/1
f 6069/1/1 6075/2/1 6068/3/1
f 6069/1/1 6074/2/1 6075/3/1
f 6070/1/1 6074/2/1 6069/3/1
f 6070/1/1 6073/2/1 6074/3/1
f 6071/1/1 6073/2/1 6070/3/1
f 6071/1/1 6072/2/1 6073/3/1
f 6157/1/1 6223/2/1 6156/3/1
f 6223/1/1 6222/2/1 6156/3/1
f 6223/1/1 6221/2/1 6222/3/1
f 6223/1/1 6220/2/1 6221/3/1
f 6223/1/1 6219/2/1 6220/3/1
f 6223/1/1 6218/2/1 6219/3/1
f 6223/1/1 6217/2/1 6218/3/1
f 6223/1/1 6216/2/1 6217/3/1
f 6223/1/1 6215/2/1 6216/3/1
f 6223/1/1 6224/2/1 6215/3/1
f 6224/1/1 6214/2/1 6215/3/1
f 6157/1/1 6249/2/1 6223/3/1
f 6225/1/1 6214/2/1 6224/3/1
f 6226/1/1 6214/2/1 6225/3/1
f 6227/1/1 6214/2/1 6226/3/1
f 6227/1/1 6213/2/1 6214/3/1
f 6228/1/1 6213/2/1 6227/3/1
f 6229/1/1 6213/2/1 6228/3/1
f 6230/1/1 6213/2/1 6229/3/1
f 6230/1/1 6212/2/1 6213/3/1
f 6231/1/1 6212/2/1 6230/3/1
f 6232/1/1 6212/2/1 6231/3/1
f 6233/1/1 6212/2/1 6232/3/1
f 6233/1/1 6211/2/1 6212/3/1
f 6234/1/1 6211/2/1 6233/3/1
f 6235/1/1 6211/2/1 6234/3/1
f 6235/1/1 6210/2/1 6211/3/1
f 6236/1/1 6210/2/1 6235/3/1
f 6237/1/1 6210/2/1 6236/3/1
f 6237/1/1 6209/2/1 6210/3/1
f 6238/1/1 6209/2/1 6237/3/1
f 6238/1/1 6208/2/1 6209/3/1
f 6239/1/1 6208/2/1 6238/3/1
f 6240/1/1 6208/2/1 6239/3/1
f 6240/1/1 6207/2/1 6208/3/1
f 6241/1/1 6207/2/1 6240/3/1
f 6241/1/1 6206/2/1 6207/3/1
f 6242/1/1 6206/2/1 6241/3/1
f 6242/1/1 6205/2/1 6206/3/1
f 6243/1/1 6205/2/1 6242/3/1
f 6244/1/1 6205/2/1 6243/3/1
f 6244/1/1 6204/2/1 6205/3/1
f 6245/1/1 6204/2/1 6244/3/1
f 6246/1/1 6204/2/1 6245/3/1
f 6246/1/1 6203/2/1 6204/3/1
f 6247/1/1 6203/2/1 6246/3/1
f 6248/1/1 6203/2/1 6247/3/1
f 6157/1/1 6159/2/1 6249/3/1
f 6159/1/1 6248/2/1 6249/3/1
f 6159/1/1 6203/2/1 6248/3/1
f 6159/1/1 6202/2/1 6203/3/1
f 6159/1/1 6201/2/1 6202/3/1
f 6159/1/1 6200/2/1 6201/3/1
f 6159/1/1 6199/2/1 6200/3/1
f 6159/1/1 6198/2/1 6199/3/1
f 6159/1/1 6197/2/1 6198/3/1
f 6159/1/1 6196/2/1 6197/3/1
f 6159/1/1 6160/2/1 6196/3/1
f 6160/1/1 6161/2/1 6196/3/1
f 6161/1/1 6195/2/1 6196/3/1
f 6157/1/1 6158/2/1 6159/3/1
f 6162/1/1 6195/2/1 6161/3/1
f 6163/1/1 6195/2/1 6162/3/1
f 6164/1/1 6195/2/1 6163/3/1
f 6164/1/1 6194/2/1 6195/3/1
f 6165/1/1 6194/2/1 6164/3/1
f 6166/1/1 6194/2/1 6165/3/1
f 6166/1/1 6193/2/1 6194/3/1
f 6167/1/1 6193/2/1 6166/3/1
f 6167/1/1 6192/2/1 6193/3/1
f 6168/1/1 6192/2/1 6167/3/1
f 6168/1/1 6191/2/1 6192/3/1
f 6169/1/1 6191/2/1 6168/3/1
f 6169/1/1 6190/2/1 6191/3/1
f 6170/1/1 6190/2/1 6169/3/1
f 6170/1/1 6189/2/1 6190/3/1
f 6171/1/1 6189/2/1 6170/3/1
f 6171/1/1 6188/2/1 6189/3/1
f 6171/1/1 6187/2/1 6188/3/1
f 6172/1/1 6187/2/1 6171/3/1
f 6172/1/1 6186/2/1 6187/3/1
f 6173/1/1 6186/2/1 6172/3/1
f 6173/1/1 6185/2/1 6186/3/1
f 6173/1/1 6184/2/1 6185/3/1
f 6173/1/1 6183/2/1 6184/3/1
f 6173/1/1 6182/2/1 6183/3/1
f 6173/1/1 6181/2/1 6182/3/1
f 6173/1/1 6180/2/1 6181/3/1
f 6173/1/1 6179/2/1 6180/3/1
f 6173/1/1 6178/2/1 6179/3/1
f 6173/1/1 6177/2/1 6178/3/1
f 6173/1/1 6176/2/1 6177/3/1
f 6173/1/1 6175/2/1 6176/3/1
f 6173/1/1 6174/2/1 6175/3/1
f 6263/1/1 6261/2/1 6262/3/1
f 6263/1/1 6260/2/1 6261/3/1
f 6264/1/1 6260/2/1 6263/3/1
f 6264/1/1 6259/2/1 6260/3/1
f 6265/1/1 6259/2/1 6264/3/1
f 6265/1/1 6258/2/1 6259/3/1
f 6266/1/1 6258/2/1 6265/3/1
f 6267/1/1 6258/2/1 6266/3/1
f 6267/1/1 6257/2/1 6258/3/1
f 6268/1/1 6257/2/1 6267/3/1
f 6268/1/1 6334/2/1 6257/3/1
f 6334/1/1 6256/2/1 6257/3/1
f 6268/1/1 6333/2/1 6334/3/1
f 6335/1/1 6256/2/1 6334/3/1
f 6268/1/1 6332/2/1 6333/3/1
f 6336/1/1 6256/2/1 6335/3/1
f 6269/1/1 6332/2/1 6268/3/1
f 6336/1/1 6255/2/1 6256/3/1
f 6269/1/1 6331/2/1 6332/3/1
f 6337/1/1 6255/2/1 6336/3/1
f 6269/1/1 6330/2/1 6331/3/1
f 6338/1/1 6255/2/1 6337/3/1
f 6269/1/1 6329/2/1 6330/3/1
f 6339/1/1 6255/2/1 6338/3/1
f 6270/1/1 6329/2/1 6269/3/1
f 6339/1/1 6254/2/1 6255/3/1
f 6270/1/1 6328/2/1 6329/3/1
f 6340/1/1 6254/2/1 6339/3/1
f 6270/1/1 6327/2/1 6328/3/1
f 6341/1/1 6254/2/1 6340/3/1
f 6271/1/1 6327/2/1 6270/3/1
f 6341/1/1 6253/2/1 6254/3/1
f 6271/1/1 6326/2/1 6327/3/1
f 6342/1/1 6253/2/1 6341/3/1
f 6272/1/1 6326/2/1 6271/3/1
f 6342/1/1 6252/2/1 6253/3/1
f 6272/1/1 6325/2/1 6326/3/1
f 6343/1/1 6252/2/1 6342/3/1
f 6272/1/1 6324/2/1 6325/3/1
f 6344/1/1 6252/2/1 6343/3/1
f 6273/1/1 6324/2/1 6272/3/1
f 6344/1/1 6251/2/1 6252/3/1
f 6273/1/1 6323/2/1 6324/3/1
f 6345/1/1 6251/2/1 6344/3/1
f 6274/1/1 6323/2/1 6273/3/1
f 6345/1/1 6250/2/1 6251/3/1
f 6274/1/1 6322/2/1 6323/3/1
f 6298/1/1 6250/2/1 6345/3/1
f 6275/1/1 6322/2/1 6274/3/1
f 6275/1/1 6321/2/1 6322/3/1
f 6299/1/1 6250/2/1 6298/3/1
f 6299/1/1 6297/2/1 6250/3/1
f 6275/1/1 6320/2/1 6321/3/1
f 6300/1/1 6297/2/1 6299/3/1
f 6276/1/1 6320/2/1 6275/3/1
f 6300/1/1 6296/2/1 6297/3/1
f 6276/1/1 6319/2/1 6320/3/1
f 6301/1/1 6296/2/1 6300/3/1
f 6277/1/1 6319/2/1 6276/3/1
f 6301/1/1 6295/2/1 6296/3/1
f 6302/1/1 6295/2/1 6301/3/1
f 6277/1/1 6318/2/1 6319/3/1
f 6303/1/1 6295/2/1 6302/3/1
f 6277/1/1 6317/2/1 6318/3/1
f 6278/1/1 6317/2/1 6277/3/1
f 6303/1/1 6294/2/1 6295/3/1
f 6304/1/1 6294/2/1 6303/3/1
f 6278/1/1 6316/2/1 6317/3/1
f 6279/1/1 6316/2/1 6278/3/1
f 6304/1/1 6293/2/1 6294/3/1
f 6305/1/1 6293/2/1 6304/3/1
f 6279/1/1 6315/2/1 6316/3/1
f 6306/1/1 6293/2/1 6305/3/1
f 6279/1/1 6314/2/1 6315/3/1
f 6280/1/1 6314/2/1 6279/3/1
f 6306/1/1 6292/2/1 6293/3/1
f 6307/1/1 6292/2/1 6306/3/1
f 6280/1/1 6313/2/1 6314/3/1
f 6308/1/1 6292/2/1 6307/3/1
f 6280/1/1 6312/2/1 6313/3/1
f 6309/1/1 6292/2/1 6308/3/1
f 6280/1/1 6311/2/1 6312/3/1
f 6281/1/1 6311/2/1 6280/3/1
f 6309/1/1 6291/2/1 6292/3/1
f 6310/1/1 6291/2/1 6309/3/1
f 6281/1/1 6310/2/1 6311/3/1
f 6281/1/1 6291/2/1 6310/3/1
f 6282/1/1 6291/2/1 6281/3/1
f 6282/1/1 6290/2/1 6291/3/1
f 6283/1/1 6290/2/1 6282/3/1
f 6283/1/1 6289/2/1 6290/3/1
f 6284/1/1 6289/2/1 6283/3/1
f 6284/1/1 6288/2/1 6289/3/1
f 6285/1/1 6288/2/1 6284/3/1
f 6285/1/1 6287/2/1 6288/3/1
f 6286/1/1 6287/2/1 6285/3/1
f 6481/1/1 6479/2/1 6480/3/1
f 6482/1/1 6479/2/1 6481/3/1
f 6483/1/1 6479/2/1 6482/3/1
f 6483/1/1 6478/2/1 6479/3/1
f 6484/1/1 6478/2/1 6483/3/1
f 6485/1/1 6478/2/1 6484/3/1
f 6486/1/1 6478/2/1 6485/3/1
f 6486/1/1 6477/2/1 6478/3/1
f 6487/1/1 6477/2/1 6486/3/1
f 6488/1/1 6477/2/1 6487/3/1
f 6489/1/1 6477/2/1 6488/3/1
f 6489/1/1 6476/2/1 6477/3/1
f 6490/1/1 6476/2/1 6489/3/1
f 6491/1/1 6476/2/1 6490/3/1
f 6491/1/1 6475/2/1 6476/3/1
f 6492/1/1 6475/2/1 6491/3/1
f 6346/1/1 6347/2/1 6492/3/1
f 6347/1/1 6348/2/1 6492/3/1
f 6348/1/1 6349/2/1 6492/3/1
f 6349/1/1 6350/2/1 6492/3/1
f 6350/1/1 6475/2/1 6492/3/1
f 6350/1/1 6351/2/1 6475/3/1
f 6351/1/1 6352/2/1 6475/3/1
f 6352/1/1 6474/2/1 6475/3/1
f 6352/1/1 6353/2/1 6474/3/1
f 6353/1/1 6354/2/1 6474/3/1
f 6354/1/1 6473/2/1 6474/3/1
f 6354/1/1 6355/2/1 6473/3/1
f 6355/1/1 6356/2/1 6473/3/1
f 6356/1/1 6357/2/1 6473/3/1
f 6357/1/1 6472/2/1 6473/3/1
f 6357/1/1 6358/2/1 6472/3/1
f 6358/1/1 6359/2/1 6472/3/1
f 6359/1/1 6471/2/1 6472/3/1
f 6360/1/1 6471/2/1 6359/3/1
f 6361/1/1 6471/2/1 6360/3/1
f 6362/1/1 6471/2/1 6361/3/1
f 6362/1/1 6470/2/1 6471/3/1
f 6363/1/1 6470/2/1 6362/3/1
f 6364/1/1 6470/2/1 6363/3/1
f 6365/1/1 6470/2/1 6364/3/1
f 6365/1/1 6469/2/1 6470/3/1
f 6366/1/1 6469/2/1 6365/3/1
f 6367/1/1 6469/2/1 6366/3/1
f 6367/1/1 6468/2/1 6469/3/1
f 6368/1/1 6468/2/1 6367/3/1
f 6369/1/1 6468/2/1 6368/3/1
f 6369/1/1 6467/2/1 6468/3/1
f 6370/1/1 6467/2/1 6369/3/1
f 6371/1/1 6467/2/1 6370/3/1
f 6371/1/1 6466/2/1 6467/3/1
f 6372/1/1 6466/2/1 6371/3/1
f 6372/1/1 6465/2/1 6466/3/1
f 6373/1/1 6465/2/1 6372/3/1
f 6373/1/1 6464/2/1 6465/3/1
f 6374/1/1 6464/2/1 6373/3/1
f 6374/1/1 6463/2/1 6464/3/1
f 6375/1/1 6463/2/1 6374/3/1
f 6375/1/1 6462/2/1 6463/3/1
f 6376/1/1 6462/2/1 6375/3/1
f 6377/1/1 6462/2/1 6376/3/1
f 6377/1/1 6461/2/1 6462/3/1
f 6378/1/1 6461/2/1 6377/3/1
f 6378/1/1 6460/2/1 6461/3/1
f 6379/1/1 6460/2/1 6378/3/1
f 6380/1/1 6460/2/1 6379/3/1
f 6381/1/1 6460/2/1 6380/3/1
f 6381/1/1 6459/2/1 6460/3/1
f 6382/1/1 6459/2/1 6381/3/1
f 6383/1/1 6459/2/1 6382/3/1
f 6383/1/1 6458/2/1 6459/3/1
f 6383/1/1 6457/2/1 6458/3/1
f 6383/1/1 6456/2/1 6457/3/1
f 6383/1/1 6455/2/1 6456/3/1
f 6383/1/1 6454/2/1 6455/3/1
f 6383/1/1 6453/2/1 6454/3/1
f 6383/1/1 6452/2/1 6453/3/1
f 6383/1/1 6451/2/1 6452/3/1
f 6383/1/1 6384/2/1 6451/3/1
f 6384/1/1 6450/2/1 6451/3/1
f 6385/1/1 6450/2/1 6384/3/1
f 6386/1/1 6450/2/1 6385/3/1
f 6387/1/1 6450/2/1 6386/3/1
f 6387/1/1 6449/2/1 6450/3/1
f 6388/1/1 6449/2/1 6387/3/1
f 6389/1/1 6449/2/1 6388/3/1
f 6389/1/1 6448/2/1 6449/3/1
f 6390/1/1 6448/2/1 6389/3/1
f 6390/1/1 6447/2/1 6448/3/1
f 6391/1/1 6447/2/1 6390/3/1
f 6392/1/1 6447/2/1 6391/3/1
f 6392/1/1 6446/2/1 6447/3/1
f 6393/1/1 6446/2/1 6392/3/1
f 6393/1/1 6445/2/1 6446/3/1
f 6394/1/1 6445/2/1 6393/3/1
f 6394/1/1 6444/2/1 6445/3/1
f 6395/1/1 6444/2/1 6394/3/1
f 6395/1/1 6443/2/1 6444/3/1
f 6396/1/1 6443/2/1 6395/3/1
f 6397/1/1 6443/2/1 6396/3/1
f 6397/1/1 6442/2/1 6443/3/1
f 6398/1/1 6442/2/1 6397/3/1
f 6399/1/1 6442/2/1 6398/3/1
f 6399/1/1 6441/2/1 6442/3/1
f 6420/1/1 6418/2/1 6419/3/1
f 6400/1/1 6441/2/1 6399/3/1
f 6420/1/1 6417/2/1 6418/3/1
f 6401/1/1 6441/2/1 6400/3/1
f 6420/1/1 6416/2/1 6417/3/1
f 6401/1/1 6440/2/1 6441/3/1
f 6402/1/1 6440/2/1 6401/3/1
f 6420/1/1 6415/2/1 6416/3/1
f 6420/1/1 6414/2/1 6415/3/1
f 6403/1/1 6440/2/1 6402/3/1
f 6420/1/1 6413/2/1 6414/3/1
f 6404/1/1 6440/2/1 6403/3/1
f 6420/1/1 6412/2/1 6413/3/1
f 6420/1/1 6411/2/1 6412/3/1
f 6405/1/1 6440/2/1 6404/3/1
f 6405/1/1 6439/2/1 6440/3/1
f 6420/1/1 6410/2/1 6411/3/1
f 6406/1/1 6439/2/1 6405/3/1
f 6420/1/1 6409/2/1 6410/3/1
f 6420/1/1 6408/2/1 6409/3/1
f 6407/1/1 6439/2/1 6406/3/1
f 6420/1/1 6407/2/1 6408/3/1
f 6420/1/1 6439/2/1 6407/3/1
f 6420/1/1 6438/2/1 6439/3/1
f 6420/1/1 6437/2/1 6438/3/1
f 6420/1/1 6436/2/1 6437/3/1
f 6421/1/1 6436/2/1 6420/3/1
f 6422/1/1 6436/2/1 6421/3/1
f 6423/1/1 6436/2/1 6422/3/1
f 6423/1/1 6435/2/1 6436/3/1
f 6424/1/1 6435/2/1 6423/3/1
f 6425/1/1 6435/2/1 6424/3/1
f 6425/1/1 6434/2/1 6435/3/1
f 6426/1/1 6434/2/1 6425/3/1
f 6427/1/1 6434/2/1 6426/3/1
f 6428/1/1 6434/2/1 6427/3/1
f 6428/1/1 6433/2/1 6434/3/1
f 6429/1/1 6433/2/1 6428/3/1
f 6430/1/1 6433/2/1 6429/3/1
f 6430/1/1 6432/2/1 6433/3/1
f 6431/1/1 6432/2/1 6430/3/1
f 6506/1/1 6504/2/1 6505/3/1
f 6506/1/1 6503/2/1 6504/3/1
f 6507/1/1 6503/2/1 6506/3/1
f 6507/1/1 6502/2/1 6503/3/1
f 6508/1/1 6502/2/1 6507/3/1
f 6508/1/1 6501/2/1 6502/3/1
f 6509/1/1 6501/2/1 6508/3/1
f 6510/1/1 6501/2/1 6509/3/1
f 6510/1/1 6500/2/1 6501/3/1
f 6511/1/1 6500/2/1 6510/3/1
f 6511/1/1 6577/2/1 6500/3/1
f 6577/1/1 6499/2/1 6500/3/1
f 6511/1/1 6576/2/1 6577/3/1
f 6578/1/1 6499/2/1 6577/3/1
f 6511/1/1 6575/2/1 6576/3/1
f 6579/1/1 6499/2/1 6578/3/1
f 6512/1/1 6575/2/1 6511/3/1
f 6579/1/1 6498/2/1 6499/3/1
f 6512/1/1 6574/2/1 6575/3/1
f 6580/1/1 6498/2/1 6579/3/1
f 6512/1/1 6573/2/1 6574/3/1
f 6581/1/1 6498/2/1 6580/3/1
f 6512/1/1 6572/2/1 6573/3/1
f 6582/1/1 6498/2/1 6581/3/1
f 6513/1/1 6572/2/1 6512/3/1
f 6582/1/1 6497/2/1 6498/3/1
f 6513/1/1 6571/2/1 6572/3/1
f 6583/1/1 6497/2/1 6582/3/1
f 6513/1/1 6570/2/1 6571/3/1
f 6584/1/1 6497/2/1 6583/3/1
f 6514/1/1 6570/2/1 6513/3/1
f 6584/1/1 6496/2/1 6497/3/1
f 6514/1/1 6569/2/1 6570/3/1
f 6585/1/1 6496/2/1 6584/3/1
f 6515/1/1 6569/2/1 6514/3/1
f 6585/1/1 6495/2/1 6496/3/1
f 6515/1/1 6568/2/1 6569/3/1
f 6586/1/1 6495/2/1 6585/3/1
f 6515/1/1 6567/2/1 6568/3/1
f 6587/1/1 6495/2/1 6586/3/1
f 6516/1/1 6567/2/1 6515/3/1
f 6587/1/1 6494/2/1 6495/3/1
f 6516/1/1 6566/2/1 6567/3/1
f 6588/1/1 6494/2/1 6587/3/1
f 6517/1/1 6566/2/1 6516/3/1
f 6588/1/1 6493/2/1 6494/3/1
f 6517/1/1 6565/2/1 6566/3/1
f 6541/1/1 6493/2/1 6588/3/1
f 6518/1/1 6565/2/1 6517/3/1
f 6518/1/1 6564/2/1 6565/3/1
f 6542/1/1 6493/2/1 6541/3/1
f 6542/1/1 6540/2/1 6493/3/1
f 6518/1/1 6563/2/1 6564/3/1
f 6543/1/1 6540/2/1 6542/3/1
f 6519/1/1 6563/2/1 6518/3/1
f 6543/1/1 6539/2/1 6540/3/1
f 6519/1/1 6562/2/1 6563/3/1
f 6544/1/1 6539/2/1 6543/3/1
f 6520/1/1 6562/2/1 6519/3/1
f 6544/1/1 6538/2/1 6539/3/1
f 6545/1/1 6538/2/1 6544/3/1
f 6520/1/1 6561/2/1 6562/3/1
f 6546/1/1 6538/2/1 6545/3/1
f 6520/1/1 6560/2/1 6561/3/1
f 6521/1/1 6560/2/1 6520/3/1
f 6546/1/1 6537/2/1 6538/3/1
f 6547/1/1 6537/2/1 6546/3/1
f 6521/1/1 6559/2/1 6560/3/1
f 6522/1/1 6559/2/1 6521/3/1
f 6547/1/1 6536/2/1 6537/3/1
f 6548/1/1 6536/2/1 6547/3/1
f 6522/1/1 6558/2/1 6559/3/1
f 6549/1/1 6536/2/1 6548/3/1
f 6522/1/1 6557/2/1 6558/3/1
f 6523/1/1 6557/2/1 6522/3/1
f 6549/1/1 6535/2/1 6536/3/1
f 6550/1/1 6535/2/1 6549/3/1
f 6523/1/1 6556/2/1 6557/3/1
f 6551/1/1 6535/2/1 6550/3/1
f 6523/1/1 6555/2/1 6556/3/1
f 6552/1/1 6535/2/1 6551/3/1
f 6523/1/1 6554/2/1 6555/3/1
f 6524/1/1 6554/2/1 6523/3/1
f 6552/1/1 6534/2/1 6535/3/1
f 6553/1/1 6534/2/1 6552/3/1
f 6524/1/1 6553/2/1 6554/3/1
f 6524/1/1 6534/2/1 6553/3/1
f 6525/1/1 6534/2/1 6524/3/1
f 6525/1/1 6533/2/1 6534/3/1
f 6526/1/1 6533/2/1 6525/3/1
f 6526/1/1 6532/2/1 6533/3/1
f 6527/1/1 6532/2/1 6526/3/1
f 6527/1/1 6531/2/1 6532/3/1
f 6528/1/1 6531/2/1 6527/3/1
f 6528/1/1 6530/2/1 6531/3/1
f 6529/1/1 6530/2/1 6528/3/1
f 5894/1/1 5892/2/1 5893/3/1
f 5895/1/1 5892/2/1 5894/3/1
f 5895/1/1 5891/2/1 5892/3/1
f 5896/1/1 5891/2/1 5895/3/1
f 5896/1/1 5890/2/1 5891/3/1
f 5897/1/1 5890/2/1 5896/3/1
f 5897/1/1 5889/2/1 5890/3/1
f 5898/1/1 5889/2/1 5897/3/1
f 5898/1/1 5888/2/1 5889/3/1
f 5899/1/1 5888/2/1 5898/3/1
f 5899/1/1 5887/2/1 5888/3/1
f 5900/1/1 5887/2/1 5899/3/1
f 5900/1/1 5886/2/1 5887/3/1
f 5901/1/1 5886/2/1 5900/3/1
f 5901/1/1 5989/2/1 5886/3/1
f 5989/1/1 5885/2/1 5886/3/1
f 5901/1/1 5988/2/1 5989/3/1
f 5990/1/1 5885/2/1 5989/3/1
f 5901/1/1 5987/2/1 5988/3/1
f 5991/1/1 5885/2/1 5990/3/1
f 5902/1/1 5987/2/1 5901/3/1
f 5902/1/1 5986/2/1 5987/3/1
f 5991/1/1 5884/2/1 5885/3/1
f 5992/1/1 5884/2/1 5991/3/1
f 5902/1/1 5985/2/1 5986/3/1
f 5993/1/1 5884/2/1 5992/3/1
f 5902/1/1 5984/2/1 5985/3/1
f 5994/1/1 5884/2/1 5993/3/1
f 5902/1/1 5983/2/1 5984/3/1
f 5995/1/1 5884/2/1 5994/3/1
f 5903/1/1 5983/2/1 5902/3/1
f 5995/1/1 5883/2/1 5884/3/1
f 5903/1/1 5982/2/1 5983/3/1
f 5996/1/1 5883/2/1 5995/3/1
f 5903/1/1 5981/2/1 5982/3/1
f 5997/1/1 5883/2/1 5996/3/1
f 5903/1/1 5980/2/1 5981/3/1
f 5904/1/1 5980/2/1 5903/3/1
f 5998/1/1 5883/2/1 5997/3/1
f 5998/1/1 5882/2/1 5883/3/1
f 5904/1/1 5979/2/1 5980/3/1
f 5999/1/1 5882/2/1 5998/3/1
f 5904/1/1 5978/2/1 5979/3/1
f 6000/1/1 5882/2/1 5999/3/1
f 5905/1/1 5978/2/1 5904/3/1
f 6000/1/1 5881/2/1 5882/3/1
f 5905/1/1 5977/2/1 5978/3/1
f 5953/1/1 5881/2/1 6000/3/1
f 5905/1/1 5976/2/1 5977/3/1
f 5906/1/1 5976/2/1 5905/3/1
f 5954/1/1 5881/2/1 5953/3/1
f 5954/1/1 5880/2/1 5881/3/1
f 5906/1/1 5975/2/1 5976/3/1
f 5955/1/1 5880/2/1 5954/3/1
f 5907/1/1 5975/2/1 5906/3/1
f 5955/1/1 5879/2/1 5880/3/1
f 5907/1/1 5974/2/1 5975/3/1
f 5956/1/1 5879/2/1 5955/3/1
f 5956/1/1 5878/2/1 5879/3/1
f 5908/1/1 5974/2/1 5907/3/1
f 5908/1/1 5973/2/1 5974/3/1
f 5957/1/1 5878/2/1 5956/3/1
f 5957/1/1 5877/2/1 5878/3/1
f 5909/1/1 5973/2/1 5908/3/1
f 5909/1/1 5972/2/1 5973/3/1
f 5958/1/1 5877/2/1 5957/3/1
f 5958/1/1 5876/2/1 5877/3/1
f 5910/1/1 5972/2/1 5909/3/1
f 5910/1/1 5971/2/1 5972/3/1
f 5959/1/1 5876/2/1 5958/3/1
f 5959/1/1 5875/2/1 5876/3/1
f 5911/1/1 5971/2/1 5910/3/1
f 5911/1/1 5970/2/1 5971/3/1
f 5960/1/1 5875/2/1 5959/3/1
f 5960/1/1 5874/2/1 5875/3/1
f 5911/1/1 5969/2/1 5970/3/1
f 5961/1/1 5874/2/1 5960/3/1
f 5912/1/1 5969/2/1 5911/3/1
f 5912/1/1 5968/2/1 5969/3/1
f 5962/1/1 5874/2/1 5961/3/1
f 5962/1/1 5873/2/1 5874/3/1
f 5913/1/1 5968/2/1 5912/3/1
f 5913/1/1 5967/2/1 5968/3/1
f 5963/1/1 5873/2/1 5962/3/1
f 5913/1/1 5966/2/1 5967/3/1
f 5964/1/1 5873/2/1 5963/3/1
f 5913/1/1 5965/2/1 5966/3/1
f 5965/1/1 5873/2/1 5964/3/1
f 5913/1/1 5873/2/1 5965/3/1
f 5913/1/1 5872/2/1 5873/3/1
f 5914/1/1 5872/2/1 5913/3/1
f 5914/1/1 5871/2/1 5872/3/1
f 5915/1/1 5871/2/1 5914/3/1
f 5915/1/1 5870/2/1 5871/3/1
f 5916/1/1 5870/2/1 5915/3/1
f 5916/1/1 5869/2/1 5870/3/1
f 5917/1/1 5869/2/1 5916/3/1
f 5918/1/1 5869/2/1 5917/3/1
f 5918/1/1 5868/2/1 5869/3/1
f 5918/1/1 5867/2/1 5868/3/1
f 5919/1/1 5867/2/1 5918/3/1
f 5919/1/1 5866/2/1 5867/3/1
f 5920/1/1 5866/2/1 5919/3/1
f 5920/1/1 5865/2/1 5866/3/1
f 5921/1/1 5865/2/1 5920/3/1
f 5921/1/1 6037/2/1 5865/3/1
f 6037/1/1 5864/2/1 5865/3/1
f 5922/1/1 6037/2/1 5921/3/1
f 5922/1/1 6036/2/1 6037/3/1
f 6038/1/1 5864/2/1 6037/3/1
f 5922/1/1 6035/2/1 6036/3/1
f 6039/1/1 5864/2/1 6038/3/1
f 5922/1/1 6034/2/1 6035/3/1
f 6040/1/1 5864/2/1 6039/3/1
f 6040/1/1 5863/2/1 5864/3/1
f 5923/1/1 6034/2/1 5922/3/1
f 5923/1/1 6033/2/1 6034/3/1
f 6041/1/1 5863/2/1 6040/3/1
f 5923/1/1 6032/2/1 6033/3/1
f 6042/1/1 5863/2/1 6041/3/1
f 6042/1/1 5862/2/1 5863/3/1
f 5924/1/1 6032/2/1 5923/3/1
f 5924/1/1 6031/2/1 6032/3/1
f 6043/1/1 5862/2/1 6042/3/1
f 5924/1/1 6030/2/1 6031/3/1
f 6044/1/1 5862/2/1 6043/3/1
f 5925/1/1 6030/2/1 5924/3/1
f 6044/1/1 5861/2/1 5862/3/1
f 5925/1/1 6029/2/1 6030/3/1
f 6045/1/1 5861/2/1 6044/3/1
f 5926/1/1 6029/2/1 5925/3/1
f 6045/1/1 5860/2/1 5861/3/1
f 5926/1/1 6028/2/1 6029/3/1
f 6046/1/1 5860/2/1 6045/3/1
f 5926/1/1 6027/2/1 6028/3/1
f 5927/1/1 6027/2/1 5926/3/1
f 6047/1/1 5860/2/1 6046/3/1
f 6047/1/1 5859/2/1 5860/3/1
f 5927/1/1 6026/2/1 6027/3/1
f 6048/1/1 5859/2/1 6047/3/1
f 5928/1/1 6026/2/1 5927/3/1
f 6048/1/1 5858/2/1 5859/3/1
f 5928/1/1 6025/2/1 6026/3/1
f 6001/1/1 5858/2/1 6048/3/1
f 5929/1/1 6025/2/1 5928/3/1
f 6001/1/1 5857/2/1 5858/3/1
f 5929/1/1 6024/2/1 6025/3/1
f 6002/1/1 5857/2/1 6001/3/1
f 5930/1/1 6024/2/1 5929/3/1
f 6002/1/1 5952/2/1 5857/3/1
f 6003/1/1 5952/2/1 6002/3/1
f 5930/1/1 6023/2/1 6024/3/1
f 6004/1/1 5952/2/1 6003/3/1
f 5930/1/1 6022/2/1 6023/3/1
f 5931/1/1 6022/2/1 5930/3/1
f 6004/1/1 5951/2/1 5952/3/1
f 6005/1/1 5951/2/1 6004/3/1
f 5931/1/1 6021/2/1 6022/3/1
f 6006/1/1 5951/2/1 6005/3/1
f 5931/1/1 6020/2/1 6021/3/1
f 5932/1/1 6020/2/1 5931/3/1
f 6006/1/1 5950/2/1 5951/3/1
f 6007/1/1 5950/2/1 6006/3/1
f 5932/1/1 6019/2/1 6020/3/1
f 6008/1/1 5950/2/1 6007/3/1
f 5932/1/1 6018/2/1 6019/3/1
f 5933/1/1 6018/2/1 5932/3/1
f 6008/1/1 5949/2/1 5950/3/1
f 6009/1/1 5949/2/1 6008/3/1
f 5933/1/1 6017/2/1 6018/3/1
f 6010/1/1 5949/2/1 6009/3/1
f 5933/1/1 6016/2/1 6017/3/1
f 6011/1/1 5949/2/1 6010/3/1
f 5933/1/1 6015/2/1 6016/3/1
f 6012/1/1 5949/2/1 6011/3/1
f 5933/1/1 6014/2/1 6015/3/1
f 5934/1/1 6014/2/1 5933/3/1
f 6012/1/1 5948/2/1 5949/3/1
f 6013/1/1 5948/2/1 6012/3/1
f 5934/1/1 6013/2/1 6014/3/1
f 5934/1/1 5948/2/1 6013/3/1
f 5935/1/1 5948/2/1 5934/3/1
f 5935/1/1 5947/2/1 5948/3/1
f 5936/1/1 5947/2/1 5935/3/1
f 5936/1/1 5946/2/1 5947/3/1
f 5937/1/1 5946/2/1 5936/3/1
f 5937/1/1 5945/2/1 5946/3/1
f 5938/1/1 5945/2/1 5937/3/1
f 5938/1/1 5944/2/1 5945/3/1
f 5939/1/1 5944/2/1 5938/3/1
f 5939/1/1 5943/2/1 5944/3/1
f 5940/1/1 5943/2/1 5939/3/1
f 5940/1/1 5942/2/1 5943/3/1
f 5941/1/1 5942/2/1 5940/3/1
f 6787/1/2 6786/2/2 6785/3/2
f 6787/1/2 6785/2/2 6784/3/2
f 6784/1/2 6783/2/2 6782/3/2
f 6784/1/2 6782/2/2 6781/3/2
f 6787/1/2 6784/2/2 6789/3/2
f 6789/1/2 6784/2/2 6781/3/2
f 6789/1/2 6781/2/2 6791/3/2
f 6787/1/2 6789/2/2 6788/3/2
f 6790/1/2 6789/2/2 6791/3/2
f 6829/1/2 6828/2/2 6827/3/2
f 6829/1/2 6827/2/2 6826/3/2
f 6830/1/2 6829/2/2 6826/3/2
f 6830/1/2 6826/2/2 6825/3/2
f 6831/1/2 6830/2/2 6825/3/2
f 6831/1/2 6825/2/2 6824/3/2
f 6832/1/2 6831/2/2 6824/3/2
f 6832/1/2 6824/2/2 6823/3/2
f 6833/1/2 6832/2/2 6823/3/2
f 6833/1/2 6823/2/2 6822/3/2
f 6834/1/2 6833/2/2 6852/3/2
f 6852/1/2 6833/2/2 6822/3/2
f 6834/1/2 6852/2/2 6851/3/2
f 6853/1/2 6852/2/2 6822/3/2
f 6854/1/2 6853/2/2 6822/3/2
f 6834/1/2 6851/2/2 6850/3/2
f 6855/1/2 6854/2/2 6822/3/2
f 6834/1/2 6850/2/2 6849/3/2
f 6855/1/2 6822/2/2 6821/3/2
f 6835/1/2 6834/2/2 6849/3/2
f 6856/1/2 6855/2/2 6821/3/2
f 6835/1/2 6849/2/2 6848/3/2
f 6857/1/2 6856/2/2 6821/3/2
f 6835/1/2 6848/2/2 6847/3/2
f 6857/1/2 6821/2/2 6820/3/2
f 6836/1/2 6835/2/2 6847/3/2
f 6858/1/2 6857/2/2 6820/3/2
f 6836/1/2 6847/2/2 6846/3/2
f 6859/1/2 6858/2/2 6820/3/2
f 6836/1/2 6846/2/2 6845/3/2
f 6859/1/2 6820/2/2 6819/3/2
f 6837/1/2 6836/2/2 6845/3/2
f 6860/1/2 6859/2/2 6819/3/2
f 6837/1/2 6845/2/2 6844/3/2
f 6860/1/2 6819/2/2 6818/3/2
f 6838/1/2 6837/2/2 6844/3/2
f 6861/1/2 6860/2/2 6818/3/2
f 6838/1/2 6844/2/2 6843/3/2
f 6862/1/2 6861/2/2 6818/3/2
f 6838/1/2 6843/2/2 6842/3/2
f 6862/1/2 6818/2/2 6817/3/2
f 6839/1/2 6838/2/2 6842/3/2
f 6863/1/2 6862/2/2 6817/3/2
f 6839/1/2 6842/2/2 6841/3/2
f 6863/1/2 6817/2/2 6816/3/2
f 6792/1/2 6839/2/2 6841/3/2
f 6864/1/2 6863/2/2 6816/3/2
f 6792/1/2 6841/2/2 6840/3/2
f 6793/1/2 6792/2/2 6840/3/2
f 6793/1/2 6840/2/2 6887/3/2
f 6865/1/2 6864/2/2 6816/3/2
f 6865/1/2 6816/2/2 6815/3/2
f 6793/1/2 6887/2/2 6886/3/2
f 6866/1/2 6865/2/2 6815/3/2
f 6866/1/2 6815/2/2 6814/3/2
f 6794/1/2 6793/2/2 6886/3/2
f 6794/1/2 6886/2/2 6885/3/2
f 6867/1/2 6866/2/2 6814/3/2
f 6867/1/2 6814/2/2 6813/3/2
f 6795/1/2 6794/2/2 6885/3/2
f 6868/1/2 6867/2/2 6813/3/2
f 6795/1/2 6885/2/2 6884/3/2
f 6868/1/2 6813/2/2 6812/3/2
f 6796/1/2 6795/2/2 6884/3/2
f 6869/1/2 6868/2/2 6812/3/2
f 6796/1/2 6884/2/2 6883/3/2
f 6870/1/2 6869/2/2 6812/3/2
f 6796/1/2 6883/2/2 6882/3/2
f 6870/1/2 6812/2/2 6811/3/2
f 6797/1/2 6796/2/2 6882/3/2
f 6871/1/2 6870/2/2 6811/3/2
f 6797/1/2 6882/2/2 6881/3/2
f 6872/1/2 6871/2/2 6811/3/2
f 6797/1/2 6881/2/2 6880/3/2
f 6872/1/2 6811/2/2 6810/3/2
f 6798/1/2 6797/2/2 6880/3/2
f 6873/1/2 6872/2/2 6810/3/2
f 6798/1/2 6880/2/2 6879/3/2
f 6874/1/2 6873/2/2 6810/3/2
f 6798/1/2 6879/2/2 6878/3/2
f 6874/1/2 6810/2/2 6809/3/2
f 6799/1/2 6798/2/2 6878/3/2
f 6875/1/2 6874/2/2 6809/3/2
f 6799/1/2 6878/2/2 6877/3/2
f 6876/1/2 6875/2/2 6809/3/2
f 6799/1/2 6877/2/2 6876/3/2
f 6799/1/2 6876/2/2 6809/3/2
f 6799/1/2 6809/2/2 6808/3/2
f 6800/1/2 6799/2/2 6808/3/2
f 6800/1/2 6808/2/2 6807/3/2
f 6801/1/2 6800/2/2 6807/3/2
f 6801/1/2 6807/2/2 6806/3/2
f 6802/1/2 6801/2/2 6806/3/2
f 6802/1/2 6806/2/2 6805/3/2
f 6803/1/2 6802/2/2 6805/3/2
f 6803/1/2 6805/2/2 6804/3/2
f 6889/1/2 6888/2/2 6955/3/2
f 6955/1/2 6888/2/2 6954/3/2
f 6955/1/2 6954/2/2 6953/3/2
f 6955/1/2 6953/2/2 6952/3/2
f 6955/1/2 6952/2/2 6951/3/2
f 6955/1/2 6951/2/2 6950/3/2
f 6955/1/2 6950/2/2 6949/3/2
f 6955/1/2 6949/2/2 6948/3/2
f 6955/1/2 6948/2/2 6947/3/2
f 6955/1/2 6947/2/2 6956/3/2
f 6956/1/2 6947/2/2 6946/3/2
f 6889/1/2 6955/2/2 6981/3/2
f 6957/1/2 6956/2/2 6946/3/2
f 6958/1/2 6957/2/2 6946/3/2
f 6959/1/2 6958/2/2 6946/3/2
f 6959/1/2 6946/2/2 6945/3/2
f 6960/1/2 6959/2/2 6945/3/2
f 6961/1/2 6960/2/2 6945/3/2
f 6962/1/2 6961/2/2 6945/3/2
f 6962/1/2 6945/2/2 6944/3/2
f 6963/1/2 6962/2/2 6944/3/2
f 6964/1/2 6963/2/2 6944/3/2
f 6965/1/2 6964/2/2 6944/3/2
f 6965/1/2 6944/2/2 6943/3/2
f 6966/1/2 6965/2/2 6943/3/2
f 6967/1/2 6966/2/2 6943/3/2
f 6967/1/2 6943/2/2 6942/3/2
f 6968/1/2 6967/2/2 6942/3/2
f 6969/1/2 6968/2/2 6942/3/2
f 6969/1/2 6942/2/2 6941/3/2
f 6970/1/2 6969/2/2 6941/3/2
f 6970/1/2 6941/2/2 6940/3/2
f 6971/1/2 6970/2/2 6940/3/2
f 6972/1/2 6971/2/2 6940/3/2
f 6972/1/2 6940/2/2 6939/3/2
f 6973/1/2 6972/2/2 6939/3/2
f 6973/1/2 6939/2/2 6938/3/2
f 6974/1/2 6973/2/2 6938/3/2
f 6974/1/2 6938/2/2 6937/3/2
f 6975/1/2 6974/2/2 6937/3/2
f 6976/1/2 6975/2/2 6937/3/2
f 6976/1/2 6937/2/2 6936/3/2
f 6977/1/2 6976/2/2 6936/3/2
f 6978/1/2 6977/2/2 6936/3/2
f 6978/1/2 6936/2/2 6935/3/2
f 6979/1/2 6978/2/2 6935/3/2
f 6980/1/2 6979/2/2 6935/3/2
f 6889/1/2 6981/2/2 6891/3/2
f 6891/1/2 6981/2/2 6980/3/2
f 6891/1/2 6980/2/2 6935/3/2
f 6891/1/2 6935/2/2 6934/3/2
f 6891/1/2 6934/2/2 6933/3/2
f 6891/1/2 6933/2/2 6932/3/2
f 6891/1/2 6932/2/2 6931/3/2
f 6891/1/2 6931/2/2 6930/3/2
f 6891/1/2 6930/2/2 6929/3/2
f 6891/1/2 6929/2/2 6928/3/2
f 6891/1/2 6928/2/2 6892/3/3
f 6892/1/3 6928/2/2 6893/3/4
f 6893/1/4 6928/2/2 6927/3/2
f 6889/1/2 6891/2/2 6890/3/2
f 6894/1/2 6893/2/4 6927/3/2
f 6895/1/2 6894/2/2 6927/3/2
f 6896/1/2 6895/2/2 6927/3/2
f 6896/1/2 6927/2/2 6926/3/2
f 6897/1/2 6896/2/2 6926/3/2
f 6898/1/2 6897/2/2 6926/3/2
f 6898/1/2 6926/2/2 6925/3/2
f 6899/1/2 6898/2/2 6925/3/2
f 6899/1/2 6925/2/2 6924/3/2
f 6900/1/2 6899/2/2 6924/3/2
f 6900/1/2 6924/2/2 6923/3/2
f 6901/1/2 6900/2/2 6923/3/2
f 6901/1/2 6923/2/2 6922/3/2
f 6902/1/2 6901/2/2 6922/3/2
f 6902/1/2 6922/2/2 6921/3/2
f 6903/1/2 6902/2/2 6921/3/2
f 6903/1/2 6921/2/2 6920/3/2
f 6903/1/2 6920/2/2 6919/3/2
f 6904/1/2 6903/2/2 6919/3/2
f 6904/1/2 6919/2/2 6918/3/2
f 6905/1/2 6904/2/2 6918/3/2
f 6905/1/2 6918/2/2 6917/3/2
f 6905/1/2 6917/2/2 6916/3/2
f 6905/1/2 6916/2/2 6915/3/2
f 6905/1/2 6915/2/2 6914/3/2
f 6905/1/2 6914/2/2 6913/3/2
f 6905/1/2 6913/2/2 6912/3/2
f 6905/1/2 6912/2/2 6911/3/2
f 6905/1/2 6911/2/2 6910/3/2
f 6905/1/2 6910/2/2 6909/3/2
f 6905/1/2 6909/2/2 6908/3/2
f 6905/1/2 6908/2/2 6907/3/2
f 6905/1/2 6907/2/2 6906/3/2
f 6995/1/2 6994/2/2 6993/3/2
f 6995/1/2 6993/2/2 6992/3/2
f 6996/1/2 6995/2/2 6992/3/2
f 6996/1/2 6992/2/2 6991/3/2
f 6997/1/2 6996/2/2 6991/3/2
f 6997/1/2 6991/2/2 6990/3/2
f 6998/1/2 6997/2/2 6990/3/2
f 6999/1/2 6998/2/2 6990/3/2
f 6999/1/2 6990/2/2 6989/3/2
f 7000/1/2 6999/2/2 6989/3/2
f 7000/1/2 6989/2/2 7066/3/2
f 7066/1/2 6989/2/2 6988/3/2
f 7000/1/2 7066/2/2 7065/3/2
f 7067/1/2 7066/2/2 6988/3/2
f 7000/1/2 7065/2/2 7064/3/2
f 7068/1/2 7067/2/2 6988/3/2
f 7001/1/2 7000/2/2 7064/3/2
f 7068/1/2 6988/2/2 6987/3/2
f 7001/1/2 7064/2/2 7063/3/2
f 7069/1/2 7068/2/2 6987/3/2
f 7001/1/2 7063/2/2 7062/3/2
f 7070/1/2 7069/2/2 6987/3/2
f 7001/1/2 7062/2/2 7061/3/2
f 7071/1/2 7070/2/2 6987/3/2
f 7002/1/2 7001/2/2 7061/3/2
f 7071/1/2 6987/2/2 6986/3/2
f 7002/1/2 7061/2/2 7060/3/2
f 7072/1/2 7071/2/2 6986/3/2
f 7002/1/2 7060/2/2 7059/3/2
f 7073/1/2 7072/2/2 6986/3/2
f 7003/1/2 7002/2/2 7059/3/2
f 7073/1/2 6986/2/2 6985/3/2
f 7003/1/2 7059/2/2 7058/3/2
f 7074/1/2 7073/2/2 6985/3/2
f 7004/1/2 7003/2/2 7058/3/2
f 7074/1/2 6985/2/2 6984/3/2
f 7004/1/2 7058/2/2 7057/3/2
f 7075/1/2 7074/2/2 6984/3/2
f 7004/1/2 7057/2/2 7056/3/2
f 7076/1/2 7075/2/2 6984/3/2
f 7005/1/2 7004/2/2 7056/3/2
f 7076/1/2 6984/2/2 6983/3/2
f 7005/1/2 7056/2/2 7055/3/2
f 7077/1/2 7076/2/2 6983/3/2
f 7006/1/2 7005/2/2 7055/3/2
f 7077/1/2 6983/2/2 6982/3/2
f 7006/1/2 7055/2/2 7054/3/2
f 7030/1/2 7077/2/2 6982/3/2
f 7007/1/2 7006/2/2 7054/3/2
f 7007/1/2 7054/2/2 7053/3/2
f 7031/1/2 7030/2/2 6982/3/2
f 7031/1/2 6982/2/2 7029/3/2
f 7007/1/2 7053/2/2 7052/3/2
f 7032/1/2 7031/2/2 7029/3/2
f 7008/1/2 7007/2/2 7052/3/2
f 7032/1/2 7029/2/2 7028/3/2
f 7008/1/2 7052/2/2 7051/3/2
f 7033/1/2 7032/2/2 7028/3/2
f 7009/1/2 7008/2/2 7051/3/2
f 7033/1/2 7028/2/2 7027/3/2
f 7034/1/2 7033/2/2 7027/3/2
f 7009/1/2 7051/2/2 7050/3/2
f 7035/1/2 7034/2/2 7027/3/2
f 7009/1/2 7050/2/2 7049/3/2
f 7010/1/2 7009/2/2 7049/3/2
f 7035/1/2 7027/2/2 7026/3/2
f 7036/1/2 7035/2/2 7026/3/2
f 7010/1/2 7049/2/2 7048/3/2
f 7011/1/2 7010/2/2 7048/3/2
f 7036/1/2 7026/2/2 7025/3/2
f 7037/1/2 7036/2/2 7025/3/2
f 7011/1/2 7048/2/2 7047/3/2
f 7038/1/2 7037/2/2 7025/3/2
f 7011/1/2 7047/2/2 7046/3/2
f 7012/1/2 7011/2/2 7046/3/2
f 7038/1/2 7025/2/2 7024/3/2
f 7039/1/2 7038/2/2 7024/3/2
f 7012/1/2 7046/2/2 7045/3/2
f 7040/1/2 7039/2/2 7024/3/2
f 7012/1/2 7045/2/2 7044/3/2
f 7041/1/2 7040/2/2 7024/3/2
f 7012/1/2 7044/2/2 7043/3/2
f 7013/1/2 7012/2/2 7043/3/2
f 7041/1/2 7024/2/2 7023/3/2
f 7042/1/2 7041/2/2 7023/3/2
f 7013/1/2 7043/2/2 7042/3/2
f 7013/1/2 7042/2/2 7023/3/2
f 7014/1/2 7013/2/2 7023/3/2
f 7014/1/2 7023/2/2 7022/3/2
f 7015/1/2 7014/2/2 7022/3/2
f 7015/1/2 7022/2/2 7021/3/2
f 7016/1/2 7015/2/2 7021/3/2
f 7016/1/2 7021/2/2 7020/3/2
f 7017/1/2 7016/2/2 7020/3/2
f 7017/1/2 7020/2/2 7019/3/2
f 7018/1/2 7017/2/2 7019/3/2
f 7213/1/2 7212/2/2 7211/3/2
f 7214/1/4 7213/2/2 7211/3/2
f 7215/1/2 7214/2/4 7211/3/2
f 7215/1/2 7211/2/2 7210/3/2
f 7216/1/2 7215/2/2 7210/3/2
f 7217/1/2 7216/2/2 7210/3/2
f 7218/1/2 7217/2/2 7210/3/2
f 7218/1/2 7210/2/2 7209/3/2
f 7219/1/2 7218/2/2 7209/3/2
f 7220/1/2 7219/2/2 7209/3/2
f 7221/1/2 7220/2/2 7209/3/2
f 7221/1/2 7209/2/2 7208/3/2
f 7222/1/2 7221/2/2 7208/3/2
f 7223/1/2 7222/2/2 7208/3/2
f 7223/1/2 7208/2/2 7207/3/2
f 7224/1/2 7223/2/2 7207/3/2
f 7078/1/2 7224/2/2 7079/3/2
f 7079/1/2 7224/2/2 7080/3/2
f 7080/1/2 7224/2/2 7081/3/2
f 7081/1/2 7224/2/2 7082/3/2
f 7082/1/2 7224/2/2 7207/3/2
f 7082/1/2 7207/2/2 7083/3/2
f 7083/1/2 7207/2/2 7084/3/2
f 7084/1/2 7207/2/2 7206/3/2
f 7084/1/2 7206/2/2 7085/3/2
f 7085/1/2 7206/2/2 7086/3/2
f 7086/1/2 7206/2/2 7205/3/2
f 7086/1/2 7205/2/2 7087/3/5
f 7087/1/5 7205/2/2 7088/3/2
f 7088/1/2 7205/2/2 7089/3/4
f 7089/1/4 7205/2/2 7204/3/2
f 7089/1/4 7204/2/2 7090/3/2
f 7090/1/2 7204/2/2 7091/3/2
f 7091/1/2 7204/2/2 7203/3/2
f 7092/1/2 7091/2/2 7203/3/2
f 7093/1/2 7092/2/2 7203/3/2
f 7094/1/2 7093/2/2 7203/3/2
f 7094/1/2 7203/2/2 7202/3/2
f 7095/1/2 7094/2/2 7202/3/2
f 7096/1/2 7095/2/2 7202/3/2
f 7097/1/2 7096/2/2 7202/3/2
f 7097/1/2 7202/2/2 7201/3/2
f 7098/1/2 7097/2/2 7201/3/2
f 7099/1/2 7098/2/2 7201/3/2
f 7099/1/2 7201/2/2 7200/3/2
f 7100/1/2 7099/2/2 7200/3/2
f 7101/1/2 7100/2/2 7200/3/2
f 7101/1/2 7200/2/2 7199/3/2
f 7102/1/2 7101/2/2 7199/3/2
f 7103/1/2 7102/2/2 7199/3/2
f 7103/1/2 7199/2/2 7198/3/2
f 7104/1/2 7103/2/2 7198/3/2
f 7104/1/2 7198/2/2 7197/3/2
f 7105/1/2 7104/2/2 7197/3/2
f 7105/1/2 7197/2/2 7196/3/2
f 7106/1/2 7105/2/2 7196/3/2
f 7106/1/2 7196/2/2 7195/3/2
f 7107/1/2 7106/2/2 7195/3/2
f 7107/1/2 7195/2/2 7194/3/2
f 7108/1/2 7107/2/2 7194/3/2
f 7109/1/2 7108/2/2 7194/3/2
f 7109/1/2 7194/2/2 7193/3/2
f 7110/1/2 7109/2/2 7193/3/2
f 7110/1/2 7193/2/2 7192/3/2
f 7111/1/2 7110/2/2 7192/3/2
f 7112/1/2 7111/2/2 7192/3/2
f 7113/1/2 7112/2/2 7192/3/2
f 7113/1/2 7192/2/2 7191/3/2
f 7114/1/2 7113/2/2 7191/3/2
f 7115/1/2 7114/2/2 7191/3/2
f 7115/1/2 7191/2/2 7190/3/2
f 7115/1/2 7190/2/2 7189/3/2
f 7115/1/2 7189/2/2 7188/3/2
f 7115/1/2 7188/2/2 7187/3/2
f 7115/1/2 7187/2/2 7186/3/2
f 7115/1/2 7186/2/2 7185/3/2
f 7115/1/2 7185/2/2 7184/3/2
f 7115/1/2 7184/2/2 7183/3/2
f 7115/1/2 7183/2/2 7116/3/2
f 7116/1/2 7183/2/2 7182/3/2
f 7117/1/4 7116/2/2 7182/3/2
f 7118/1/2 7117/2/4 7182/3/2
f 7119/1/2 7118/2/2 7182/3/2
f 7119/1/2 7182/2/2 7181/3/2
f 7120/1/2 7119/2/2 7181/3/2
f 7121/1/2 7120/2/2 7181/3/2
f 7121/1/2 7181/2/2 7180/3/2
f 7122/1/2 7121/2/2 7180/3/2
f 7122/1/2 7180/2/2 7179/3/2
f 7123/1/2 7122/2/2 7179/3/2
f 7124/1/2 7123/2/2 7179/3/2
f 7124/1/2 7179/2/2 7178/3/2
f 7125/1/2 7124/2/2 7178/3/2
f 7125/1/2 7178/2/2 7177/3/2
f 7126/1/2 7125/2/2 7177/3/2
f 7126/1/2 7177/2/2 7176/3/2
f 7127/1/2 7126/2/2 7176/3/2
f 7127/1/2 7176/2/2 7175/3/2
f 7128/1/2 7127/2/2 7175/3/2
f 7129/1/2 7128/2/2 7175/3/2
f 7129/1/2 7175/2/2 7174/3/2
f 7130/1/2 7129/2/2 7174/3/2
f 7131/1/2 7130/2/2 7174/3/2
f 7131/1/2 7174/2/2 7173/3/2
f 7152/1/2 7151/2/2 7150/3/2
f 7132/1/2 7131/2/2 7173/3/2
f 7152/1/2 7150/2/2 7149/3/2
f 7133/1/2 7132/2/2 7173/3/2
f 7152/1/2 7149/2/2 7148/3/2
f 7133/1/2 7173/2/2 7172/3/2
f 7134/1/2 7133/2/2 7172/3/2
f 7152/1/2 7148/2/2 7147/3/2
f 7152/1/2 7147/2/2 7146/3/2
f 7135/1/2 7134/2/2 7172/3/2
f 7152/1/2 7146/2/2 7145/3/2
f 7136/1/2 7135/2/2 7172/3/2
f 7152/1/2 7145/2/2 7144/3/2
f 7152/1/2 7144/2/2 7143/3/2
f 7137/1/2 7136/2/2 7172/3/2
f 7137/1/2 7172/2/2 7171/3/2
f 7152/1/2 7143/2/2 7142/3/2
f 7138/1/2 7137/2/2 7171/3/2
f 7152/1/2 7142/2/2 7141/3/2
f 7152/1/2 7141/2/2 7140/3/2
f 7139/1/2 7138/2/2 7171/3/2
f 7152/1/2 7140/2/2 7139/3/2
f 7152/1/2 7139/2/2 7171/3/2
f 7152/1/2 7171/2/2 7170/3/2
f 7152/1/2 7170/2/2 7169/3/2
f 7152/1/2 7169/2/2 7168/3/2
f 7153/1/2 7152/2/2 7168/3/2
f 7154/1/2 7153/2/2 7168/3/2
f 7155/1/2 7154/2/2 7168/3/2
f 7155/1/2 7168/2/2 7167/3/2
f 7156/1/2 7155/2/2 7167/3/2
f 7157/1/2 7156/2/2 7167/3/2
f 7157/1/2 7167/2/2 7166/3/2
f 7158/1/2 7157/2/2 7166/3/2
f 7159/1/2 7158/2/2 7166/3/2
f 7160/1/2 7159/2/2 7166/3/2
f 7160/1/2 7166/2/2 7165/3/2
f 7161/1/2 7160/2/2 7165/3/2
f 7162/1/2 7161/2/2 7165/3/2
f 7162/1/2 7165/2/2 7164/3/2
f 7163/1/2 7162/2/2 7164/3/2
f 7238/1/2 7237/2/2 7236/3/2
f 7238/1/2 7236/2/2 7235/3/2
f 7239/1/2 7238/2/2 7235/3/2
f 7239/1/2 7235/2/2 7234/3/2
f 7240/1/2 7239/2/2 7234/3/2
f 7240/1/2 7234/2/2 7233/3/2
f 7241/1/2 7240/2/2 7233/3/2
f 7242/1/2 7241/2/2 7233/3/2
f 7242/1/2 7233/2/2 7232/3/2
f 7243/1/2 7242/2/2 7232/3/2
f 7243/1/2 7232/2/2 7309/3/2
f 7309/1/2 7232/2/2 7231/3/2
f 7243/1/2 7309/2/2 7308/3/2
f 7310/1/2 7309/2/2 7231/3/2
f 7243/1/2 7308/2/2 7307/3/2
f 7311/1/2 7310/2/2 7231/3/2
f 7244/1/2 7243/2/2 7307/3/2
f 7311/1/2 7231/2/2 7230/3/2
f 7244/1/2 7307/2/2 7306/3/2
f 7312/1/2 7311/2/2 7230/3/2
f 7244/1/2 7306/2/2 7305/3/2
f 7313/1/2 7312/2/2 7230/3/2
f 7244/1/2 7305/2/2 7304/3/2
f 7314/1/2 7313/2/2 7230/3/2
f 7245/1/2 7244/2/2 7304/3/2
f 7314/1/2 7230/2/2 7229/3/2
f 7245/1/2 7304/2/2 7303/3/2
f 7315/1/2 7314/2/2 7229/3/2
f 7245/1/2 7303/2/2 7302/3/2
f 7316/1/2 7315/2/2 7229/3/2
f 7246/1/2 7245/2/2 7302/3/2
f 7316/1/2 7229/2/2 7228/3/2
f 7246/1/2 7302/2/2 7301/3/2
f 7317/1/2 7316/2/2 7228/3/2
f 7247/1/2 7246/2/2 7301/3/2
f 7317/1/2 7228/2/2 7227/3/2
f 7247/1/2 7301/2/2 7300/3/2
f 7318/1/2 7317/2/2 7227/3/2
f 7247/1/2 7300/2/2 7299/3/2
f 7319/1/2 7318/2/2 7227/3/2
f 7248/1/2 7247/2/2 7299/3/2
f 7319/1/2 7227/2/2 7226/3/2
f 7248/1/2 7299/2/2 7298/3/2
f 7320/1/2 7319/2/2 7226/3/2
f 7249/1/2 7248/2/2 7298/3/2
f 7320/1/2 7226/2/2 7225/3/2
f 7249/1/2 7298/2/2 7297/3/2
f 7273/1/2 7320/2/2 7225/3/2
f 7250/1/2 7249/2/2 7297/3/2
f 7250/1/2 7297/2/2 7296/3/2
f 7274/1/2 7273/2/2 7225/3/2
f 7274/1/2 7225/2/2 7272/3/2
f 7250/1/2 7296/2/2 7295/3/2
f 7275/1/2 7274/2/2 7272/3/2
f 7251/1/2 7250/2/2 7295/3/2
f 7275/1/2 7272/2/2 7271/3/2
f 7251/1/2 7295/2/2 7294/3/2
f 7276/1/2 7275/2/2 7271/3/2
f 7252/1/2 7251/2/2 7294/3/2
f 7276/1/2 7271/2/2 7270/3/2
f 7277/1/2 7276/2/2 7270/3/2
f 7252/1/2 7294/2/2 7293/3/2
f 7278/1/2 7277/2/2 7270/3/2
f 7252/1/2 7293/2/2 7292/3/2
f 7253/1/2 7252/2/2 7292/3/2
f 7278/1/2 7270/2/2 7269/3/2
f 7279/1/2 7278/2/2 7269/3/2
f 7253/1/2 7292/2/2 7291/3/2
f 7254/1/2 7253/2/2 7291/3/2
f 7279/1/2 7269/2/2 7268/3/2
f 7280/1/2 7279/2/2 7268/3/2
f 7254/1/2 7291/2/2 7290/3/2
f 7281/1/2 7280/2/2 7268/3/2
f 7254/1/2 7290/2/2 7289/3/2
f 7255/1/2 7254/2/2 7289/3/2
f 7281/1/2 7268/2/2 7267/3/2
f 7282/1/2 7281/2/2 7267/3/2
f 7255/1/2 7289/2/2 7288/3/2
f 7283/1/2 7282/2/2 7267/3/2
f 7255/1/2 7288/2/2 7287/3/2
f 7284/1/2 7283/2/2 7267/3/2
f 7255/1/2 7287/2/2 7286/3/2
f 7256/1/2 7255/2/2 7286/3/2
f 7284/1/2 7267/2/2 7266/3/2
f 7285/1/2 7284/2/2 7266/3/2
f 7256/1/2 7286/2/2 7285/3/2
f 7256/1/2 7285/2/2 7266/3/2
f 7257/1/2 7256/2/2 7266/3/2
f 7257/1/2 7266/2/2 7265/3/2
f 7258/1/2 7257/2/2 7265/3/2
f 7258/1/2 7265/2/2 7264/3/2
f 7259/1/2 7258/2/2 7264/3/2
f 7259/1/2 7264/2/2 7263/3/2
f 7260/1/2 7259/2/2 7263/3/2
f 7260/1/2 7263/2/2 7262/3/2
f 7261/1/2 7260/2/2 7262/3/2
f 6626/1/2 6625/2/3 6624/3/2
f 6627/1/2 6626/2/2 6624/3/2
f 6627/1/2 6624/2/2 6623/3/2
f 6628/1/2 6627/2/2 6623/3/2
f 6628/1/2 6623/2/2 6622/3/2
f 6629/1/2 6628/2/2 6622/3/2
f 6629/1/2 6622/2/2 6621/3/2
f 6630/1/2 6629/2/2 6621/3/2
f 6630/1/2 6621/2/2 6620/3/2
f 6631/1/2 6630/2/2 6620/3/2
f 6631/1/2 6620/2/2 6619/3/2
f 6632/1/2 6631/2/2 6619/3/2
f 6632/1/2 6619/2/2 6618/3/2
f 6633/1/2 6632/2/2 6618/3/2
f 6633/1/2 6618/2/2 6721/3/2
f 6721/1/2 6618/2/2 6617/3/2
f 6633/1/2 6721/2/2 6720/3/2
f 6722/1/3 6721/2/2 6617/3/2
f 6633/1/2 6720/2/2 6719/3/2
f 6723/1/2 6722/2/3 6617/3/2
f 6634/1/2 6633/2/2 6719/3/2
f 6634/1/2 6719/2/2 6718/3/2
f 6723/1/2 6617/2/2 6616/3/2
f 6724/1/2 6723/2/2 6616/3/2
f 6634/1/2 6718/2/2 6717/3/2
f 6725/1/2 6724/2/2 6616/3/2
f 6634/1/2 6717/2/2 6716/3/2
f 6726/1/2 6725/2/2 6616/3/2
f 6634/1/2 6716/2/2 6715/3/2
f 6727/1/2 6726/2/2 6616/3/2
f 6635/1/2 6634/2/2 6715/3/2
f 6727/1/2 6616/2/2 6615/3/2
f 6635/1/2 6715/2/2 6714/3/2
f 6728/1/2 6727/2/2 6615/3/2
f 6635/1/2 6714/2/2 6713/3/2
f 6729/1/2 6728/2/2 6615/3/2
f 6635/1/2 6713/2/2 6712/3/2
f 6636/1/2 6635/2/2 6712/3/2
f 6730/1/2 6729/2/2 6615/3/2
f 6730/1/2 6615/2/2 6614/3/2
f 6636/1/2 6712/2/2 6711/3/2
f 6731/1/2 6730/2/2 6614/3/2
f 6636/1/2 6711/2/2 6710/3/2
f 6732/1/2 6731/2/2 6614/3/2
f 6637/1/2 6636/2/2 6710/3/2
f 6732/1/2 6614/2/2 6613/3/2
f 6637/1/2 6710/2/2 6709/3/2
f 6685/1/2 6732/2/2 6613/3/2
f 6637/1/2 6709/2/2 6708/3/2
f 6638/1/2 6637/2/2 6708/3/2
f 6686/1/2 6685/2/2 6613/3/2
f 6686/1/2 6613/2/2 6612/3/2
f 6638/1/2 6708/2/2 6707/3/2
f 6687/1/2 6686/2/2 6612/3/2
f 6639/1/2 6638/2/2 6707/3/2
f 6687/1/2 6612/2/2 6611/3/2
f 6639/1/2 6707/2/2 6706/3/2
f 6688/1/2 6687/2/2 6611/3/2
f 6688/1/2 6611/2/2 6610/3/2
f 6640/1/2 6639/2/2 6706/3/2
f 6640/1/2 6706/2/2 6705/3/2
f 6689/1/2 6688/2/2 6610/3/2
f 6689/1/2 6610/2/2 6609/3/2
f 6641/1/2 6640/2/2 6705/3/2
f 6641/1/2 6705/2/2 6704/3/2
f 6690/1/2 6689/2/2 6609/3/2
f 6690/1/2 6609/2/2 6608/3/2
f 6642/1/2 6641/2/2 6704/3/2
f 6642/1/2 6704/2/2 6703/3/2
f 6691/1/2 6690/2/2 6608/3/2
f 6691/1/2 6608/2/2 6607/3/2
f 6643/1/2 6642/2/2 6703/3/2
f 6643/1/2 6703/2/2 6702/3/2
f 6692/1/2 6691/2/2 6607/3/2
f 6692/1/2 6607/2/2 6606/3/2
f 6643/1/2 6702/2/2 6701/3/2
f 6693/1/2 6692/2/2 6606/3/2
f 6644/1/2 6643/2/2 6701/3/2
f 6644/1/2 6701/2/2 6700/3/2
f 6694/1/2 6693/2/2 6606/3/2
f 6694/1/2 6606/2/2 6605/3/2
f 6645/1/2 6644/2/2 6700/3/2
f 6645/1/2 6700/2/2 6699/3/2
f 6695/1/2 6694/2/2 6605/3/2
f 6645/1/2 6699/2/2 6698/3/2
f 6696/1/3 6695/2/2 6605/3/2
f 6645/1/2 6698/2/2 6697/3/2
f 6697/1/2 6696/2/3 6605/3/2
f 6645/1/2 6697/2/2 6605/3/2
f 6645/1/2 6605/2/2 6604/3/2
f 6646/1/2 6645/2/2 6604/3/2
f 6646/1/2 6604/2/2 6603/3/2
f 6647/1/2 6646/2/2 6603/3/2
f 6647/1/2 6603/2/2 6602/3/2
f 6648/1/2 6647/2/2 6602/3/2
f 6648/1/2 6602/2/2 6601/3/2
f 6649/1/2 6648/2/2 6601/3/2
f 6650/1/2 6649/2/2 6601/3/2
f 6650/1/2 6601/2/2 6600/3/2
f 6650/1/2 6600/2/2 6599/3/2
f 6651/1/2 6650/2/2 6599/3/2
f 6651/1/2 6599/2/2 6598/3/2
f 6652/1/2 6651/2/2 6598/3/2
f 6652/1/2 6598/2/2 6597/3/2
f 6653/1/2 6652/2/2 6597/3/2
f 6653/1/2 6597/2/2 6769/3/2
f 6769/1/2 6597/2/2 6596/3/2
f 6654/1/2 6653/2/2 6769/3/2
f 6654/1/2 6769/2/2 6768/3/6
f 6770/1/2 6769/2/2 6596/3/2
f 6654/1/2 6768/2/6 6767/3/2
f 6771/1/2 6770/2/2 6596/3/2
f 6654/1/2 6767/2/2 6766/3/2
f 6772/1/2 6771/2/2 6596/3/2
f 6772/1/2 6596/2/2 6595/3/2
f 6655/1/2 6654/2/2 6766/3/2
f 6655/1/2 6766/2/2 6765/3/2
f 6773/1/2 6772/2/2 6595/3/2
f 6655/1/2 6765/2/2 6764/3/2
f 6774/1/2 6773/2/2 6595/3/2
f 6774/1/2 6595/2/2 6594/3/2
f 6656/1/2 6655/2/2 6764/3/2
f 6656/1/2 6764/2/2 6763/3/2
f 6775/1/2 6774/2/2 6594/3/2
f 6656/1/2 6763/2/2 6762/3/2
f 6776/1/2 6775/2/2 6594/3/2
f 6657/1/2 6656/2/2 6762/3/2
f 6776/1/2 6594/2/2 6593/3/2
f 6657/1/2 6762/2/2 6761/3/2
f 6777/1/2 6776/2/2 6593/3/2
f 6658/1/2 6657/2/2 6761/3/2
f 6777/1/2 6593/2/2 6592/3/2
f 6658/1/2 6761/2/2 6760/3/2
f 6778/1/2 6777/2/2 6592/3/2
f 6658/1/2 6760/2/2 6759/3/2
f 6659/1/2 6658/2/2 6759/3/2
f 6779/1/2 6778/2/2 6592/3/2
f 6779/1/2 6592/2/2 6591/3/2
f 6659/1/2 6759/2/2 6758/3/2
f 6780/1/2 6779/2/2 6591/3/2
f 6660/1/2 6659/2/2 6758/3/2
f 6780/1/2 6591/2/2 6590/3/2
f 6660/1/2 6758/2/2 6757/3/2
f 6733/1/2 6780/2/2 6590/3/2
f 6661/1/2 6660/2/2 6757/3/2
f 6733/1/2 6590/2/2 6589/3/2
f 6661/1/2 6757/2/2 6756/3/2
f 6734/1/2 6733/2/2 6589/3/2
f 6662/1/2 6661/2/2 6756/3/2
f 6734/1/2 6589/2/2 6684/3/2
f 6735/1/2 6734/2/2 6684/3/2
f 6662/1/2 6756/2/2 6755/3/2
f 6736/1/2 6735/2/2 6684/3/2
f 6662/1/2 6755/2/2 6754/3/2
f 6663/1/2 6662/2/2 6754/3/2
f 6736/1/2 6684/2/2 6683/3/2
f 6737/1/2 6736/2/2 6683/3/2
f 6663/1/2 6754/2/2 6753/3/2
f 6738/1/2 6737/2/2 6683/3/2
f 6663/1/2 6753/2/2 6752/3/2
f 6664/1/2 6663/2/2 6752/3/2
f 6738/1/2 6683/2/2 6682/3/2
f 6739/1/2 6738/2/2 6682/3/2
f 6664/1/2 6752/2/2 6751/3/2
f 6740/1/2 6739/2/2 6682/3/2
f 6664/1/2 6751/2/2 6750/3/2
f 6665/1/2 6664/2/2 6750/3/2
f 6740/1/2 6682/2/2 6681/3/2
f 6741/1/2 6740/2/2 6681/3/2
f 6665/1/2 6750/2/2 6749/3/2
f 6742/1/2 6741/2/2 6681/3/2
f 6665/1/2 6749/2/2 6748/3/2
f 6743/1/2 6742/2/2 6681/3/2
f 6665/1/2 6748/2/2 6747/3/2
f 6744/1/2 6743/2/2 6681/3/2
f 6665/1/2 6747/2/2 6746/3/2
f 6666/1/2 6665/2/2 6746/3/2
f 6744/1/2 6681/2/2 6680/3/2
f 6745/1/2 6744/2/2 6680/3/2
f 6666/1/2 6746/2/2 6745/3/2
f 6666/1/2 6745/2/2 6680/3/2
f 6667/1/2 6666/2/2 6680/3/2
f 6667/1/2 6680/2/2 6679/3/2
f 6668/1/2 6667/2/2 6679/3/2
f 6668/1/2 6679/2/2 6678/3/2
f 6669/1/2 6668/2/2 6678/3/2
f 6669/1/2 6678/2/2 6677/3/2
f 6670/1/2 6669/2/2 6677/3/2
f 6670/1/2 6677/2/2 6676/3/2
f 6671/1/2 6670/2/2 6676/3/2
f 6671/1/2 6676/2/2 6675/3/2
f 6672/1/2 6671/2/2 6675/3/2
f 6672/1/2 6675/2/2 6674/3/2
f 6673/1/3 6672/2/2 6674/3/2
f 5879/1/7 6611/2/7 6612/3/8 5880/4/8
f 6400/1/9 7132/2/9 7133/3/10 6401/4/10
f 5986/1/11 6718/2/11 6719/3/12 5987/4/12
f 5913/1/13 6645/2/13 6646/3/14 5914/4/14
f 6491/1/15 7223/2/15 7224/3/16 6492/4/16
f 6136/1/17 6868/2/17 6869/3/18 6137/4/18
f 6500/1/19 7232/2/19 7233/3/20 6501/4/20
f 5993/1/21 6725/2/21 6726/3/22 5994/4/22
f 6405/1/23 7137/2/23 7138/3/24 6406/4/24
f 6414/1/25 7146/2/25 7147/3/26 6415/4/26
f 6578/1/27 7310/2/27 7311/3/28 6579/4/28
f 6250/1/29 6982/2/29 6983/3/30 6251/4/30
f 6234/1/31 6966/2/31 6967/3/32 6235/4/32
f 6159/1/33 6891/2/33 6892/3/34 6160/4/34
f 6323/1/35 7055/2/35 7056/3/36 6324/4/36
f 6507/1/37 7239/2/37 7240/3/38 6508/4/38
f 5895/1/39 6627/2/39 6628/3/40 5896/4/40
f 5904/1/41 6636/2/41 6637/3/42 5905/4/42
f 6068/1/43 6800/2/43 6801/3/44 6069/4/44
f 6091/1/45 6823/2/45 6824/3/46 6092/4/46
f 6152/1/47 6884/2/47 6885/3/48 6153/4/48
f 6257/1/19 6989/2/19 6990/3/20 6258/4/20
f 6348/1/49 7080/2/49 7081/3/50 6349/4/50
f 6009/1/51 6741/2/51 6742/3/52 6010/4/52
f 6157/1/33 6889/2/33 6890/3/33 6158/4/33
f 6002/1/53 6734/2/53 6735/3/54 6003/4/54
f 5875/1/55 6607/2/55 6608/3/56 5876/4/56
f 6266/1/57 6998/2/57 6999/3/58 6267/4/58
f 6421/1/59 7153/2/59 7154/3/60 6422/4/60
f 6516/1/61 7248/2/61 7249/3/62 6517/4/62
f 6523/1/63 7255/2/63 7256/3/64 6524/4/64
f 5911/1/65 6643/2/65 6644/3/66 5912/4/66
f 6561/1/67 7293/2/67 7294/3/68 6562/4/68
f 6037/1/69 6769/2/69 6770/3/70 6038/4/70
f 5927/1/71 6659/2/71 6660/3/72 5928/4/72
f 6168/1/73 6900/2/73 6901/3/74 6169/4/74
f 6430/1/75 7162/2/75 7163/3/76 6431/4/76
f 6339/1/77 7071/2/77 7072/3/78 6340/4/78
f 6416/1/79 7148/2/79 7149/3/80 6417/4/80
f 6175/1/81 6907/2/81 6908/3/82 6176/4/82
f 6084/1/29 6816/2/29 6817/3/83 6085/4/83
f 6025/1/84 6757/2/84 6758/3/85 6026/4/85
f 6437/1/86 7169/2/86 7170/3/87 6438/4/87
f 6584/1/88 7316/2/88 7317/3/89 6585/4/89
f 6551/1/90 7283/2/90 7284/3/91 6552/4/91
f 6378/1/92 7110/2/92 7111/3/93 6379/4/93
f 6282/1/94 7014/2/94 7015/3/95 6283/4/95
f 6355/1/96 7087/2/96 7088/3/97 6356/4/97
f 6123/1/98 6855/2/98 6856/3/99 6124/4/99
f 6539/1/100 7271/2/100 7272/3/101 6540/4/101
f 6446/1/102 7178/2/102 7179/3/103 6447/4/103
f 6100/1/104 6832/2/104 6833/3/105 6101/4/105
f 6273/1/61 7005/2/61 7006/3/62 6274/4/62
f 5868/1/106 6600/2/106 6601/3/107 5869/4/107
f 6184/1/108 6916/2/108 6917/3/109 6185/4/109
f 6191/1/110 6923/2/110 6924/3/111 6192/4/111
f 6013/1/112 6745/2/112 6746/3/113 6014/4/113
f 6173/1/33 6905/2/33 6906/3/33 6174/4/33
f 6018/1/114 6750/2/114 6751/3/115 6019/4/115
f 6394/1/116 7126/2/116 7127/3/117 6395/4/117
f 5936/1/118 6668/2/118 6669/3/119 5937/4/119
f 6485/1/120 7217/2/120 7218/3/121 6486/4/121
f 6532/1/122 7264/2/122 7265/3/123 6533/4/123
f 6139/1/124 6871/2/124 6872/3/125 6140/4/125
f 5889/1/126 6621/2/126 6622/3/127 5890/4/127
f 5884/1/128 6616/2/128 6617/3/129 5885/4/129
f 6289/1/122 7021/2/122 7022/3/123 6290/4/123
f 6410/1/130 7142/2/130 7143/3/131 6411/4/131
f 6453/1/132 7185/2/132 7186/3/133 6454/4/133
f 5900/1/134 6632/2/134 6633/3/135 5901/4/135
f 6297/1/101 7029/2/101 6982/3/29 6250/4/29
f 5943/1/136 6675/2/136 6676/3/137 5944/4/137
f 6200/1/138 6932/2/138 6933/3/139 6201/4/139
f 6548/1/140 7280/2/140 7281/3/141 6549/4/141
f 6426/1/142 7158/2/142 7159/3/143 6427/4/143
f 6298/1/62 7030/2/62 7031/3/144 6299/4/144
f 6171/1/145 6903/2/145 6904/3/146 6172/4/146
f 6305/1/140 7037/2/140 7038/3/141 6306/4/141
f 5916/1/147 6648/2/147 6649/3/148 5917/4/148
f 5877/1/149 6609/2/149 6610/3/150 5878/4/150
f 6050/1/151 6782/2/151 6783/3/151 6051/4/151
f 6492/1/62 7224/2/62 7078/3/62 6346/4/62
f 6462/1/152 7194/2/152 7195/3/153 6463/4/153
f 6134/1/154 6866/2/154 6867/3/155 6135/4/155
f 6057/1/156 6789/2/156 6790/3/156 6058/4/156
f 6469/1/157 7201/2/157 7202/3/158 6470/4/158
f 6207/1/159 6939/2/159 6940/3/160 6208/4/160
f 6391/1/161 7123/2/161 7124/3/162 6392/4/162
f 6564/1/163 7296/2/163 7297/3/29 6565/4/29
f 5937/1/119 6669/2/119 6670/3/164 5938/4/164
f 6571/1/165 7303/2/165 7304/3/166 6572/4/166
f 6216/1/167 6948/2/167 6949/3/168 6217/4/168
f 6189/1/169 6921/2/169 6922/3/170 6190/4/170
f 6586/1/171 7318/2/171 7319/3/172 6587/4/172
f 6478/1/173 7210/2/173 7211/3/174 6479/4/174
f 5918/1/175 6650/2/175 6651/3/176 5919/4/176
f 5934/1/177 6666/2/177 6667/3/178 5935/4/178
f 6458/1/179 7190/2/179 7191/3/180 6459/4/180
f 6073/1/181 6805/2/181 6806/3/182 6074/4/182
f 6223/1/33 6955/2/33 6956/3/183 6224/4/183
f 5893/1/184 6625/2/184 6626/3/185 5894/4/185
f 6448/1/186 7180/2/186 7181/3/187 6449/4/187
f 6203/1/188 6935/2/188 6936/3/189 6204/4/189
f 6330/1/190 7062/2/190 7063/3/191 6331/4/191
f 5968/1/192 6700/2/192 6701/3/193 5969/4/193
f 6150/1/194 6882/2/194 6883/3/195 6151/4/195
f 6587/1/172 7319/2/172 7320/3/196 6588/4/196
f 6575/1/197 7307/2/197 7308/3/198 6576/4/198
f 6407/1/199 7139/2/199 7140/3/200 6408/4/200
f 6321/1/163 7053/2/163 7054/3/29 6322/4/29
f 6432/1/201 7164/2/201 7165/3/202 6433/4/202
f 6441/1/203 7173/2/203 7174/3/204 6442/4/204
f 6066/1/205 6798/2/205 6799/3/206 6067/4/206
f 6089/1/207 6821/2/207 6822/3/208 6090/4/208
f 5975/1/209 6707/2/209 6708/3/210 5976/4/210
f 6474/1/211 7206/2/211 7207/3/212 6475/4/212
f 6346/1/213 7078/2/213 7079/3/214 6347/4/214
f 6232/1/215 6964/2/215 6965/3/216 6233/4/216
f 5909/1/217 6641/2/217 6642/3/218 5910/4/218
f 6580/1/219 7312/2/219 7313/3/220 6581/4/220
f 6219/1/221 6951/2/221 6952/3/222 6220/4/222
f 6105/1/223 6837/2/223 6838/3/224 6106/4/224
f 6166/1/225 6898/2/225 6899/3/226 6167/4/226
f 6205/1/227 6937/2/227 6938/3/228 6206/4/228
f 5964/1/229 6696/2/229 6697/3/230 5965/4/230
f 6362/1/231 7094/2/231 7095/3/232 6363/4/232
f 6423/1/233 7155/2/233 7156/3/234 6424/4/234
f 5950/1/235 6682/2/235 6683/3/236 5951/4/236
f 5952/1/237 6684/2/237 6589/3/238 5857/4/238
f 6403/1/239 7135/2/239 7136/3/240 6404/4/240
f 6501/1/20 7233/2/20 7234/3/241 6502/4/241
f 5861/1/242 6593/2/242 6594/3/243 5862/4/243
f 6464/1/244 7196/2/244 7197/3/245 6465/4/245
f 6337/1/219 7069/2/219 7070/3/220 6338/4/220
f 6490/1/246 7222/2/246 7223/3/15 6491/4/15
f 5991/1/247 6723/2/247 6724/3/248 5992/4/248
f 6494/1/30 7226/2/30 7227/3/249 6495/4/249
f 6082/1/250 6814/2/250 6815/3/251 6083/4/251
f 6235/1/32 6967/2/32 6968/3/252 6236/4/252
f 6248/1/253 6980/2/253 6981/3/151 6249/4/151
f 6239/1/254 6971/2/254 6972/3/255 6240/4/255
f 5980/1/256 6712/2/256 6713/3/257 5981/4/257
f 6121/1/258 6853/2/258 6854/3/259 6122/4/259
f 6375/1/260 7107/2/260 7108/3/261 6376/4/261
f 6353/1/262 7085/2/262 7086/3/263 6354/4/263
f 5925/1/264 6657/2/264 6658/3/265 5926/4/265
f 6221/1/266 6953/2/266 6954/3/267 6222/4/267
f 6098/1/268 6830/2/268 6831/3/269 6099/4/269
f 6182/1/270 6914/2/270 6915/3/271 6183/4/271
f 6369/1/272 7101/2/272 7102/3/273 6370/4/273
f 5966/1/274 6698/2/274 6699/3/275 5967/4/275
f 6249/1/29 6981/2/29 6955/3/29 6223/4/29
f 6439/1/276 7171/2/276 7172/3/277 6440/4/277
f 6480/1/278 7212/2/278 7213/3/279 6481/4/279
f 5859/1/280 6591/2/280 6592/3/281 5860/4/281
f 6137/1/18 6869/2/18 6870/3/282 6138/4/282
f 6517/1/62 7249/2/62 7250/3/283 6518/4/283
f 5885/1/129 6617/2/129 6618/3/284 5886/4/284
f 6116/1/285 6848/2/285 6849/3/286 6117/4/286
f 5882/1/287 6614/2/287 6615/3/288 5883/4/288
f 6007/1/289 6739/2/289 6740/3/290 6008/4/290
f 6510/1/58 7242/2/58 7243/3/291 6511/4/291
f 5866/1/292 6598/2/292 6599/3/293 5867/4/293
f 6385/1/294 7117/2/294 7118/3/295 6386/4/295
f 6506/1/296 7238/2/296 7239/3/37 6507/4/37
f 6396/1/297 7128/2/297 7129/3/298 6397/4/298
f 6264/1/37 6996/2/37 6997/3/38 6265/4/38
f 6255/1/299 6987/2/299 6988/3/300 6256/4/300
f 6237/1/301 6969/2/301 6970/3/302 6238/4/302
f 6251/1/30 6983/2/30 6984/3/249 6252/4/249
f 6438/1/87 7170/2/87 7171/3/276 6439/4/276
f 5996/1/303 6728/2/303 6729/3/304 5997/4/304
f 5938/1/164 6670/2/164 6671/3/305 5939/4/305
f 5941/1/306 6673/2/306 6674/3/202 5942/4/202
f 6132/1/307 6864/2/307 6865/3/308 6133/4/308
f 6522/1/309 7254/2/309 7255/3/63 6523/4/63
f 6471/1/310 7203/2/310 7204/3/311 6472/4/311
f 6533/1/123 7265/2/123 7266/3/312 6534/4/312
f 6198/1/313 6930/2/313 6931/3/314 6199/4/314
f 6496/1/315 7228/2/315 7229/3/316 6497/4/316
f 6401/1/10 7133/2/10 7134/3/317 6402/4/317
f 6267/1/58 6999/2/58 7000/3/291 6268/4/291
f 6153/1/48 6885/2/48 6886/3/318 6154/4/318
f 6023/1/319 6755/2/319 6756/3/320 6024/4/320
f 6526/1/95 7258/2/95 7259/3/321 6527/4/321
f 6455/1/322 7187/2/322 7188/3/323 6456/4/323
f 5891/1/324 6623/2/324 6624/3/325 5892/4/325
f 6012/1/326 6744/2/326 6745/3/112 6013/4/112
f 5898/1/327 6630/2/327 6631/3/328 5899/4/328
f 6280/1/63 7012/2/63 7013/3/64 6281/4/64
f 6271/1/329 7003/2/329 7004/3/330 6272/4/330
f 6148/1/331 6880/2/331 6881/3/332 6149/4/332
f 6412/1/333 7144/2/333 7145/3/334 6413/4/334
f 6016/1/335 6748/2/335 6749/3/336 6017/4/336
f 6169/1/74 6901/2/74 6902/3/337 6170/4/337
f 6549/1/141 7281/2/141 7282/3/338 6550/4/338
f 5957/1/339 6689/2/339 6690/3/340 5958/4/340
f 6380/1/341 7112/2/341 7113/3/342 6381/4/342
f 6417/1/80 7149/2/80 7150/3/343 6418/4/343
f 5914/1/14 6646/2/14 6647/3/344 5915/4/344
f 6039/1/345 6771/2/345 6772/3/346 6040/4/346
f 6542/1/144 7274/2/144 7275/3/347 6543/4/347
f 6214/1/348 6946/2/348 6947/3/349 6215/4/349
f 5948/1/350 6680/2/350 6681/3/351 5949/4/351
f 6428/1/352 7160/2/352 7161/3/353 6429/4/353
f 6296/1/100 7028/2/100 7029/3/101 6297/4/101
f 6287/1/354 7019/2/354 7020/3/355 6288/4/355
f 6253/1/315 6985/2/315 6986/3/316 6254/4/316
f 6164/1/356 6896/2/356 6897/3/357 6165/4/357
f 6538/1/358 7270/2/358 7271/3/100 6539/4/100
f 6032/1/359 6764/2/359 6765/3/360 6033/4/360
f 5998/1/361 6730/2/361 6731/3/362 5999/4/362
f 6529/1/33 7261/2/33 7262/3/354 6530/4/354
f 6283/1/95 7015/2/95 7016/3/321 6284/4/321
f 6512/1/363 7244/2/363 7245/3/364 6513/4/364
f 6433/1/202 7165/2/202 7166/3/365 6434/4/365
f 6028/1/366 6760/2/366 6761/3/367 6029/4/367
f 5923/1/368 6655/2/368 6656/3/369 5924/4/369
f 6404/1/240 7136/2/240 7137/3/23 6405/4/23
f 6588/1/196 7320/2/196 7273/3/62 6541/4/62
f 6180/1/370 6912/2/370 6913/3/371 6181/4/371
f 5857/1/238 6589/2/238 6590/3/372 5858/4/372
f 5979/1/373 6711/2/373 6712/3/256 5980/4/256
f 6364/1/374 7096/2/374 7097/3/375 6365/4/375
f 6303/1/376 7035/2/376 7036/3/377 6304/4/377
f 6114/1/378 6846/2/378 6847/3/379 6115/4/379
f 6185/1/109 6917/2/109 6918/3/380 6186/4/380
f 6574/1/191 7306/2/191 7307/3/197 6575/4/197
f 6443/1/381 7175/2/381 7176/3/382 6444/4/382
f 6371/1/383 7103/2/383 7104/3/384 6372/4/384
f 6319/1/68 7051/2/68 7052/3/385 6320/4/385
f 6299/1/144 7031/2/144 7032/3/347 6300/4/347
f 5873/1/386 6605/2/386 6606/3/387 5874/4/387
f 6444/1/382 7176/2/382 7177/3/388 6445/4/388
f 6055/1/33 6787/2/33 6788/3/33 6056/4/33
f 6064/1/389 6796/2/389 6797/3/390 6065/4/390
f 5973/1/391 6705/2/391 6706/3/392 5974/4/392
f 6269/1/363 7001/2/363 7002/3/364 6270/4/364
f 6130/1/393 6862/2/393 6863/3/394 6131/4/394
f 6230/1/395 6962/2/395 6963/3/396 6231/4/396
f 6014/1/113 6746/2/113 6747/3/397 6015/4/397
f 5939/1/305 6671/2/305 6672/3/398 5940/4/398
f 6387/1/399 7119/2/399 7120/3/400 6388/4/400
f 6487/1/401 7219/2/401 7220/3/402 6488/4/402
f 6528/1/403 7260/2/403 7261/3/33 6529/4/33
f 6196/1/404 6928/2/404 6929/3/405 6197/4/405
f 5989/1/406 6721/2/406 6722/3/407 5990/4/407
f 6363/1/232 7095/2/232 7096/3/374 6364/4/374
f 6246/1/408 6978/2/408 6979/3/409 6247/4/409
f 6570/1/410 7302/2/410 7303/3/165 6571/4/165
f 6312/1/411 7044/2/411 7045/3/412 6313/4/412
f 6201/1/139 6933/2/139 6934/3/413 6202/4/413
f 6503/1/414 7235/2/414 7236/3/415 6504/4/415
f 6465/1/245 7197/2/245 7198/3/416 6466/4/416
f 6315/1/417 7047/2/417 7048/3/418 6316/4/418
f 5946/1/419 6678/2/419 6679/3/420 5947/4/420
f 6335/1/27 7067/2/27 7068/3/28 6336/4/28
f 6060/1/273 6792/2/273 6793/3/421 6061/4/421
f 6581/1/220 7313/2/220 7314/3/77 6582/4/77
f 6080/1/422 6812/2/422 6813/3/423 6081/4/423
f 6285/1/403 7017/2/403 7018/3/33 6286/4/33
f 6460/1/424 7192/2/424 7193/3/425 6461/4/425
f 6071/1/426 6803/2/426 6804/3/427 6072/4/427
f 6005/1/428 6737/2/428 6738/3/429 6006/4/429
f 6212/1/430 6944/2/430 6945/3/431 6213/4/431
f 6262/1/151 6994/2/151 6995/3/296 6263/4/296
f 6331/1/191 7063/2/191 7064/3/197 6332/4/197
f 6217/1/168 6949/2/168 6950/3/432 6218/4/432
f 6087/1/433 6819/2/433 6820/3/434 6088/4/434
f 6351/1/435 7083/2/435 7084/3/436 6352/4/436
f 6519/1/437 7251/2/437 7252/3/438 6520/4/438
f 6544/1/439 7276/2/439 7277/3/440 6545/4/440
f 6076/1/441 6808/2/441 6809/3/442 6077/4/442
f 5962/1/443 6694/2/443 6695/3/444 5963/4/444
f 6344/1/172 7076/2/172 7077/3/196 6345/4/196
f 6096/1/445 6828/2/445 6829/3/446 6097/4/446
f 6301/1/439 7033/2/439 7034/3/440 6302/4/440
f 5905/1/42 6637/2/42 6638/3/447 5906/4/447
f 6476/1/448 7208/2/448 7209/3/449 6477/4/449
f 5958/1/340 6690/2/340 6691/3/450 5959/4/450
f 5876/1/56 6608/2/56 6609/3/149 5877/4/149
f 6021/1/451 6753/2/451 6754/3/452 6022/4/452
f 6046/1/453 6778/2/453 6779/3/454 6047/4/454
f 6481/1/279 7213/2/279 7214/3/455 6482/4/455
f 6162/1/456 6894/2/456 6895/3/457 6163/4/457
f 6367/1/458 7099/2/458 7100/3/459 6368/4/459
f 6278/1/460 7010/2/460 7011/3/309 6279/4/309
f 6560/1/461 7292/2/461 7293/3/67 6561/4/67
f 5971/1/462 6703/2/462 6704/3/463 5972/4/463
f 6419/1/62 7151/2/62 7152/3/62 6420/4/62
f 6103/1/464 6835/2/464 6836/3/465 6104/4/465
f 6535/1/466 7267/2/466 7268/3/467 6536/4/467
f 6228/1/468 6960/2/468 6961/3/469 6229/4/469
f 6360/1/470 7092/2/470 7093/3/471 6361/4/471
f 6347/1/214 7079/2/214 7080/3/49 6348/4/49
f 6317/1/461 7049/2/461 7050/3/67 6318/4/67
f 6092/1/46 6824/2/46 6825/3/472 6093/4/472
f 5921/1/473 6653/2/473 6654/3/474 5922/4/474
f 6233/1/216 6965/2/216 6966/3/31 6234/4/31
f 6558/1/417 7290/2/417 7291/3/418 6559/4/418
f 6062/1/475 6794/2/475 6795/3/476 6063/4/476
f 6178/1/477 6910/2/477 6911/3/478 6179/4/478
f 6576/1/198 7308/2/198 7309/3/33 6577/4/33
f 6435/1/479 7167/2/479 7168/3/480 6436/4/480
f 6374/1/481 7106/2/481 7107/3/260 6375/4/260
f 6294/1/482 7026/2/482 7027/3/358 6295/4/358
f 5886/1/284 6618/2/284 6619/3/483 5887/4/483
f 6119/1/484 6851/2/484 6852/3/485 6120/4/485
f 6466/1/416 7198/2/416 7199/3/486 6467/4/486
f 6497/1/316 7229/2/316 7230/3/299 6498/4/299
f 5999/1/362 6731/2/362 6732/3/487 6000/4/487
f 5994/1/22 6726/2/22 6727/3/488 5995/4/488
f 5864/1/489 6596/2/489 6597/3/490 5865/4/490
f 5987/1/12 6719/2/12 6720/3/491 5988/4/491
f 6107/1/492 6839/2/492 6792/3/273 6060/4/273
f 6508/1/38 7240/2/38 7241/3/57 6509/4/57
f 6244/1/493 6976/2/493 6977/3/494 6245/4/494
f 6451/1/495 7183/2/495 7184/3/496 6452/4/496
f 6390/1/497 7122/2/497 7123/3/161 6391/4/161
f 6040/1/346 6772/2/346 6773/3/498 6041/4/498
f 6135/1/155 6867/2/155 6868/3/17 6136/4/17
f 6333/1/198 7065/2/198 7066/3/33 6334/4/33
f 6513/1/364 7245/2/364 7246/3/329 6514/4/329
f 5869/1/499 6601/2/499 6602/3/442 5870/4/442
f 6265/1/38 6997/2/38 6998/3/57 6266/4/57
f 5880/1/8 6612/2/8 6613/3/500 5881/4/500
f 6078/1/501 6810/2/501 6811/3/502 6079/4/502
f 6003/1/54 6735/2/54 6736/3/503 6004/4/503
f 6126/1/504 6858/2/504 6859/3/505 6127/4/505
f 6042/1/506 6774/2/506 6775/3/507 6043/4/507
f 6010/1/52 6742/2/52 6743/3/508 6011/4/508
f 6053/1/151 6785/2/151 6786/3/151 6054/4/151
f 6260/1/414 6992/2/414 6993/3/415 6261/4/415
f 6383/1/509 7115/2/509 7116/3/510 6384/4/510
f 6524/1/64 7256/2/64 7257/3/94 6525/4/94
f 6406/1/24 7138/2/24 7139/3/199 6407/4/199
f 6210/1/511 6942/2/511 6943/3/512 6211/4/512
f 6151/1/195 6883/2/195 6884/3/47 6152/4/47
f 6567/1/36 7299/2/36 7300/3/513 6568/4/513
f 6467/1/486 7199/2/486 7200/3/514 6468/4/514
f 5896/1/40 6628/2/40 6629/3/515 5897/4/515
f 6349/1/50 7081/2/50 7082/3/516 6350/4/516
f 6322/1/29 7054/2/29 7055/3/35 6323/4/35
f 6422/1/60 7154/2/60 7155/3/233 6423/4/233
f 6094/1/517 6826/2/517 6827/3/518 6095/4/518
f 6019/1/115 6751/2/115 6752/3/519 6020/4/519
f 6142/1/520 6874/2/520 6875/3/521 6143/4/521
f 6281/1/64 7013/2/64 7014/3/94 6282/4/94
f 6167/1/226 6899/2/226 6900/3/73 6168/4/73
f 6069/1/44 6801/2/44 6802/3/522 6070/4/522
f 6276/1/437 7008/2/437 7009/3/438 6277/4/438
f 6399/1/523 7131/2/523 7132/3/9 6400/4/9
f 6026/1/85 6758/2/85 6759/3/524 6027/4/524
f 5912/1/66 6644/2/66 6645/3/13 5913/4/13
f 6326/1/525 7058/2/525 7059/3/410 6327/4/410
f 6583/1/78 7315/2/78 7316/3/88 6584/4/88
f 6365/1/375 7097/2/375 7098/3/526 6366/4/526
f 6146/1/527 6878/2/527 6879/3/528 6147/4/528
f 6110/1/529 6842/2/529 6843/3/530 6111/4/530
f 5969/1/193 6701/2/193 6702/3/531 5970/4/531
f 6112/1/532 6844/2/532 6845/3/533 6113/4/533
f 6545/1/440 7277/2/440 7278/3/376 6546/4/376
f 5901/1/135 6633/2/135 6634/3/534 5902/4/534
f 6226/1/535 6958/2/535 6959/3/536 6227/4/536
f 5972/1/463 6704/2/463 6705/3/391 5973/4/391
f 5865/1/490 6597/2/490 6598/3/292 5866/4/292
f 6035/1/537 6767/2/537 6768/3/538 6036/4/538
f 6158/1/29 6890/2/29 6891/3/29 6159/4/29
f 6183/1/271 6915/2/271 6916/3/108 6184/4/108
f 6085/1/83 6817/2/83 6818/3/539 6086/4/539
f 6034/1/540 6766/2/540 6767/3/537 6035/4/537
f 6292/1/466 7024/2/466 7025/3/467 6293/4/467
f 6415/1/26 7147/2/26 7148/3/79 6416/4/79
f 5928/1/72 6660/2/72 6661/3/541 5929/4/541
f 6342/1/89 7074/2/89 7075/3/171 6343/4/171
f 6381/1/342 7113/2/342 7114/3/542 6382/4/542
f 5953/1/543 6685/2/543 6686/3/544 5954/4/544
f 5871/1/545 6603/2/545 6604/3/546 5872/4/546
f 6128/1/547 6860/2/547 6861/3/548 6129/4/548
f 6425/1/549 7157/2/549 7158/3/142 6426/4/142
f 5917/1/550 6649/2/550 6650/3/175 5918/4/175
f 6454/1/133 7186/2/133 7187/3/322 6455/4/322
f 6174/1/551 6906/2/551 6907/3/81 6175/4/81
f 6556/1/412 7288/2/412 7289/3/552 6557/4/552
f 6199/1/314 6931/2/314 6932/3/138 6200/4/138
f 6051/1/553 6783/2/553 6784/3/553 6052/4/553
f 6118/1/554 6850/2/554 6851/3/484 6119/4/484
f 6554/1/555 7286/2/555 7287/3/411 6555/4/411
f 5944/1/137 6676/2/137 6677/3/556 5945/4/556
f 6101/1/105 6833/2/105 6834/3/557 6102/4/557
f 6397/1/298 7129/2/298 7130/3/558 6398/4/558
f 6308/1/90 7040/2/90 7041/3/91 6309/4/91
f 5985/1/559 6717/2/559 6718/3/11 5986/4/11
f 6358/1/560 7090/2/560 7091/3/561 6359/4/561
f 5887/1/483 6619/2/483 6620/3/562 5888/4/562
f 6242/1/563 6974/2/563 6975/3/564 6243/4/564
f 6024/1/320 6756/2/320 6757/3/84 6025/4/84
f 6144/1/565 6876/2/565 6877/3/566 6145/4/566
f 5933/1/567 6665/2/567 6666/3/177 5934/4/177
f 6499/1/300 7231/2/300 7232/3/19 6500/4/19
f 6313/1/412 7045/2/412 7046/3/552 6314/4/552
f 6117/1/286 6849/2/286 6850/3/554 6118/4/554
f 6190/1/170 6922/2/170 6923/3/110 6191/4/110
f 6044/1/568 6776/2/568 6777/3/569 6045/4/569
f 6058/1/33 6790/2/33 6791/3/33 6059/4/33
f 5982/1/570 6714/2/570 6715/3/571 5983/4/571
f 5862/1/243 6594/2/243 6595/3/572 5863/4/572
f 6447/1/103 7179/2/103 7180/3/186 6448/4/186
f 6572/1/166 7304/2/166 7305/3/190 6573/4/190
f 6470/1/158 7202/2/158 7203/3/310 6471/4/310
f 6030/1/573 6762/2/573 6763/3/574 6031/4/574
f 6215/1/349 6947/2/349 6948/3/167 6216/4/167
f 6376/1/261 7108/2/261 7109/3/575 6377/4/575
f 6449/1/187 7181/2/187 7182/3/576 6450/4/576
f 6577/1/33 7309/2/33 7310/3/27 6578/4/27
f 6000/1/487 6732/2/487 6685/3/543 5953/4/543
f 6563/1/385 7295/2/385 7296/3/163 6564/4/163
f 5960/1/577 6692/2/577 6693/3/578 5961/4/578
f 6187/1/579 6919/2/579 6920/3/109 6188/4/109
f 6329/1/166 7061/2/166 7062/3/190 6330/4/190
f 6067/1/206 6799/2/206 6800/3/43 6068/4/43
f 6001/1/580 6733/2/580 6734/3/53 6002/4/53
f 6074/1/182 6806/2/182 6807/3/581 6075/4/581
f 6133/1/308 6865/2/308 6866/3/154 6134/4/154
f 6413/1/334 7145/2/334 7146/3/25 6414/4/25
f 6324/1/36 7056/2/36 7057/3/513 6325/4/513
f 6258/1/20 6990/2/20 6991/3/241 6259/4/241
f 5878/1/150 6610/2/150 6611/3/7 5879/4/7
f 5903/1/582 6635/2/582 6636/3/41 5904/4/41
f 6515/1/330 7247/2/330 7248/3/61 6516/4/61
f 6486/1/121 7218/2/121 7219/3/401 6487/4/401
f 6392/1/162 7124/2/162 7125/3/583 6393/4/583
f 6160/1/34 6892/2/34 6893/3/584 6161/4/584
f 6090/1/208 6822/2/208 6823/3/45 6091/4/45
f 6231/1/396 6963/2/396 6964/3/215 6232/4/215
f 6332/1/197 7064/2/197 7065/3/198 6333/4/198
f 5976/1/210 6708/2/210 6709/3/585 5977/4/585
f 6149/1/332 6881/2/332 6882/3/194 6150/4/194
f 6361/1/471 7093/2/471 7094/3/231 6362/4/231
f 6502/1/241 7234/2/241 7235/3/414 6503/4/414
f 5894/1/185 6626/2/185 6627/3/39 5895/4/39
f 5949/1/351 6681/2/351 6682/3/235 5950/4/235
f 6006/1/429 6738/2/429 6739/3/289 6007/4/289
f 6106/1/224 6838/2/224 6839/3/492 6107/4/492
f 6247/1/409 6979/2/409 6980/3/253 6248/4/253
f 6408/1/200 7140/2/200 7141/3/586 6409/4/586
f 6206/1/228 6938/2/228 6939/3/159 6207/4/159
f 6017/1/336 6749/2/336 6750/3/114 6018/4/114
f 5992/1/248 6724/2/248 6725/3/21 5993/4/21
f 5920/1/587 6652/2/587 6653/3/473 5921/4/473
f 6083/1/251 6815/2/251 6816/3/29 6084/4/29
f 6463/1/153 7195/2/153 7196/3/244 6464/4/244
f 6274/1/62 7006/2/62 7007/3/283 6275/4/283
f 6165/1/357 6897/2/357 6898/3/225 6166/4/225
f 6429/1/353 7161/2/353 7162/3/75 6430/4/75
f 6340/1/78 7072/2/78 7073/3/88 6341/4/88
f 6531/1/355 7263/2/355 7264/3/122 6532/4/122
f 5910/1/218 6642/2/218 6643/3/65 5911/4/65
f 5919/1/176 6651/2/176 6652/3/587 5920/4/587
f 6099/1/269 6831/2/269 6832/3/104 6100/4/104
f 6033/1/360 6765/2/360 6766/3/540 6034/4/540
f 6377/1/575 7109/2/575 7110/3/92 6378/4/92
f 5984/1/588 6716/2/588 6717/3/559 5985/4/559
f 6424/1/234 7156/2/234 7157/3/549 6425/4/549
f 6176/1/82 6908/2/82 6909/3/589 6177/4/589
f 6356/1/97 7088/2/97 7089/3/590 6357/4/590
f 6493/1/29 7225/2/29 7226/3/30 6494/4/30
f 6290/1/123 7022/2/123 7023/3/312 6291/4/312
f 5867/1/293 6599/2/293 6600/3/106 5868/4/106
f 6370/1/273 7102/2/273 7103/3/383 6371/4/383
f 6547/1/377 7279/2/377 7280/3/140 6548/4/140
f 6124/1/99 6856/2/99 6857/3/591 6125/4/591
f 6518/1/283 7250/2/283 7251/3/437 6519/4/437
f 6373/1/592 7105/2/592 7106/3/481 6374/4/481
f 6115/1/379 6847/2/379 6848/3/285 6116/4/285
f 5965/1/230 6697/2/230 6698/3/274 5966/4/274
f 6393/1/583 7125/2/583 7126/3/116 6394/4/116
f 6263/1/296 6995/2/296 6996/3/37 6264/4/37
f 6181/1/371 6913/2/371 6914/3/270 6182/4/270
f 5983/1/571 6715/2/571 6716/3/588 5984/4/588
f 5860/1/281 6592/2/281 6593/3/242 5861/4/242
f 5883/1/288 6615/2/288 6616/3/128 5884/4/128
f 6008/1/290 6740/2/290 6741/3/51 6009/4/51
f 6445/1/388 7177/2/388 7178/3/102 6446/4/102
f 6386/1/295 7118/2/295 7119/3/399 6387/4/399
f 6479/1/174 7211/2/174 7212/3/278 6480/4/278
f 5930/1/593 6662/2/593 6663/3/594 5931/4/594
f 6140/1/125 6872/2/125 6873/3/595 6141/4/595
f 6440/1/277 7172/2/277 7173/3/203 6441/4/203
f 5935/1/178 6667/2/178 6668/3/118 5936/4/118
f 6131/1/394 6863/2/394 6864/3/307 6132/4/307
f 6048/1/596 6780/2/596 6733/3/580 6001/4/580
f 6352/1/436 7084/2/436 7085/3/262 6353/4/262
f 6534/1/312 7266/2/312 7267/3/466 6535/4/466
f 6192/1/111 6924/2/111 6925/3/597 6193/4/597
f 6049/1/598 6781/2/598 6782/3/598 6050/4/598
f 6409/1/586 7141/2/586 7142/3/130 6410/4/130
f 6279/1/309 7011/2/309 7012/3/63 6280/4/63
f 6306/1/141 7038/2/141 7039/3/338 6307/4/338
f 6155/1/512 6887/2/512 6840/3/599 6108/4/599
f 5981/1/257 6713/2/257 6714/3/570 5982/4/570
f 5899/1/328 6631/2/328 6632/3/134 5900/4/134
f 6197/1/405 6929/2/405 6930/3/600 6198/4/600
f 6238/1/302 6970/2/302 6971/3/254 6239/4/254
f 6156/1/62 6888/2/62 6889/3/62 6157/4/62
f 5942/1/202 6674/2/202 6675/3/136 5943/4/136
f 6461/1/425 7193/2/425 7194/3/152 6462/4/152
f 6495/1/249 7227/2/249 7228/3/315 6496/4/315
f 6456/1/601 7188/2/601 7189/3/602 6457/4/602
f 5951/1/236 6683/2/236 6684/3/237 5952/4/237
f 6550/1/338 7282/2/338 7283/3/90 6551/4/90
f 6208/1/160 6940/2/160 6941/3/603 6209/4/603
f 6059/1/604 6791/2/604 6781/3/604 6049/4/604
f 6314/1/552 7046/2/552 7047/3/417 6315/4/417
f 6295/1/358 7027/2/358 7028/3/100 6296/4/100
f 6402/1/317 7134/2/317 7135/3/239 6403/4/239
f 6147/1/528 6879/2/528 6880/3/331 6148/4/331
f 6065/1/390 6797/2/390 6798/3/205 6066/4/205
f 5915/1/344 6647/2/344 6648/3/147 5916/4/147
f 5892/1/325 6624/2/325 6625/3/184 5893/4/184
f 6172/1/146 6904/2/146 6905/3/605 6173/4/605
f 6213/1/431 6945/2/431 6946/3/348 6214/4/348
f 6477/1/449 7209/2/449 7210/3/173 6478/4/173
f 6579/1/28 7311/2/28 7312/3/219 6580/4/219
f 5967/1/275 6699/2/275 6700/3/192 5968/4/192
f 6081/1/423 6813/2/423 6814/3/250 6082/4/250
f 6472/1/311 7204/2/311 7205/3/606 6473/4/606
f 6224/1/183 6956/2/183 6957/3/607 6225/4/607
f 5978/1/381 6710/2/381 6711/3/373 5979/4/373
f 5926/1/265 6658/2/265 6659/3/71 5927/4/71
f 6338/1/220 7070/2/220 7071/3/77 6339/4/77
f 6418/1/343 7150/2/343 7151/3/608 6419/4/608
f 6459/1/180 7191/2/180 7192/3/424 6460/4/424
f 6328/1/165 7060/2/165 7061/3/166 6329/4/166
f 6163/1/457 6895/2/457 6896/3/356 6164/4/356
f 5997/1/304 6729/2/304 6730/3/361 5998/4/361
f 6097/1/446 6829/2/446 6830/3/268 6098/4/268
f 6566/1/35 7298/2/35 7299/3/36 6567/4/36
f 5908/1/609 6640/2/609 6641/3/217 5909/4/217
f 6254/1/316 6986/2/316 6987/3/299 6255/4/299
f 6354/1/263 7086/2/263 7087/3/96 6355/4/96
f 6311/1/555 7043/2/555 7044/3/411 6312/4/411
f 6229/1/469 6961/2/469 6962/3/395 6230/4/395
f 6450/1/576 7182/2/576 7183/3/495 6451/4/495
f 6511/1/291 7243/2/291 7244/3/363 6512/4/363
f 6113/1/533 6845/2/533 6846/3/378 6114/4/378
f 5931/1/594 6663/2/594 6664/3/610 5932/4/610
f 6056/1/29 6788/2/29 6789/3/29 6057/4/29
f 5974/1/392 6706/2/392 6707/3/209 5975/4/209
f 5959/1/450 6691/2/450 6692/3/577 5960/4/577
f 5907/1/611 6639/2/611 6640/3/609 5908/4/609
f 5858/1/372 6590/2/372 6591/3/280 5859/4/280
f 6188/1/109 6920/2/109 6921/3/169 6189/4/169
f 6488/1/402 7220/2/402 7221/3/612 6489/4/612
f 6434/1/365 7166/2/365 7167/3/479 6435/4/479
f 6372/1/384 7104/2/384 7105/3/592 6373/4/592
f 6245/1/494 6977/2/494 6978/3/408 6246/4/408
f 6179/1/478 6911/2/478 6912/3/370 6180/4/370
f 6129/1/548 6861/2/548 6862/3/393 6130/4/393
f 6345/1/196 7077/2/196 7030/3/62 6298/4/62
f 5990/1/407 6722/2/407 6723/3/247 5991/4/247
f 5924/1/369 6656/2/369 6657/3/264 5925/4/264
f 5874/1/387 6606/2/387 6607/3/55 5875/4/55
f 6457/1/602 7189/2/602 7190/3/179 6458/4/179
f 6582/1/77 7314/2/77 7315/3/78 6583/4/78
f 6504/1/415 7236/2/415 7237/3/151 6505/4/151
f 6388/1/400 7120/2/400 7121/3/613 6389/4/613
f 5947/1/420 6679/2/420 6680/3/350 5948/4/350
f 6327/1/410 7059/2/410 7060/3/165 6328/4/165
f 6240/1/255 6972/2/255 6973/3/614 6241/4/614
f 5902/1/534 6634/2/534 6635/3/582 5903/4/582
f 6204/1/189 6936/2/189 6937/3/227 6205/4/227
f 6072/1/427 6804/2/427 6805/3/181 6073/4/181
f 6509/1/57 7241/2/57 7242/3/58 6510/4/58
f 6343/1/171 7075/2/171 7076/3/172 6344/4/172
f 6270/1/364 7002/2/364 7003/3/329 6271/4/329
f 6088/1/434 6820/2/434 6821/3/207 6089/4/207
f 6261/1/415 6993/2/415 6994/3/151 6262/4/151
f 6256/1/300 6988/2/300 6989/3/19 6257/4/19
f 6195/1/615 6927/2/615 6928/3/404 6196/4/404
f 6527/1/321 7259/2/321 7260/3/403 6528/4/403
f 6145/1/566 6877/2/566 6878/3/527 6146/4/527
f 5940/1/398 6672/2/398 6673/3/306 5941/4/306
f 5890/1/127 6622/2/127 6623/3/324 5891/4/324
f 6473/1/606 7205/2/606 7206/3/211 6474/4/211
f 6520/1/438 7252/2/438 7253/3/460 6521/4/460
f 5963/1/444 6695/2/444 6696/3/229 5964/4/229
f 6359/1/561 7091/2/561 7092/3/470 6360/4/470
f 6220/1/222 6952/2/222 6953/3/266 6221/4/266
f 6104/1/465 6836/2/465 6837/3/223 6105/4/223
f 6277/1/438 7009/2/438 7010/3/460 6278/4/460
f 6222/1/267 6954/2/267 6888/3/151 6156/4/151
f 6525/1/94 7257/2/94 7258/3/95 6526/4/95
f 6211/1/512 6943/2/512 6944/3/430 6212/4/430
f 6536/1/467 7268/2/467 7269/3/482 6537/4/482
f 6015/1/397 6747/2/397 6748/3/335 6016/4/335
f 5956/1/616 6688/2/616 6689/3/339 5957/4/339
f 6029/1/367 6761/2/367 6762/3/573 6030/4/573
f 6489/1/612 7221/2/612 7222/3/246 6490/4/246
f 6272/1/330 7004/2/330 7005/3/61 6273/4/61
f 6286/1/33 7018/2/33 7019/3/354 6287/4/354
f 6161/1/584 6893/2/584 6894/3/456 6162/4/456
f 6122/1/259 6854/2/259 6855/3/98 6123/4/98
f 6543/1/347 7275/2/347 7276/3/439 6544/4/439
f 5906/1/447 6638/2/447 6639/3/611 5907/4/611
f 6236/1/252 6968/2/252 6969/3/301 6237/4/301
f 6379/1/93 7111/2/93 7112/3/341 6380/4/341
f 6420/1/617 7152/2/617 7153/3/59 6421/4/59
f 6565/1/29 7297/2/29 7298/3/35 6566/4/35
f 6540/1/101 7272/2/101 7225/3/29 6493/4/29
f 6177/1/589 6909/2/589 6910/3/477 6178/4/477
f 5881/1/500 6613/2/500 6614/3/287 5882/4/287
f 6482/1/455 7214/2/455 7215/3/618 6483/4/618
f 6045/1/569 6777/2/569 6778/3/453 6046/4/453
f 5922/1/474 6654/2/474 6655/3/368 5923/4/368
f 6138/1/282 6870/2/282 6871/3/124 6139/4/124
f 6541/1/62 7273/2/62 7274/3/144 6542/4/144
f 6227/1/536 6959/2/536 6960/3/468 6228/4/468
f 6302/1/440 7034/2/440 7035/3/376 6303/4/376
f 6395/1/117 7127/2/117 7128/3/297 6396/4/297
f 6293/1/467 7025/2/467 7026/3/482 6294/4/482
f 6031/1/574 6763/2/574 6764/3/359 6032/4/359
f 6559/1/418 7291/2/418 7292/3/461 6560/4/461
f 6038/1/70 6770/2/70 6771/3/345 6039/4/345
f 6288/1/355 7020/2/355 7021/3/122 6289/4/122
f 6505/1/151 7237/2/151 7238/3/296 6506/4/296
f 6552/1/91 7284/2/91 7285/3/151 6553/4/151
f 6557/1/552 7289/2/552 7290/3/417 6558/4/417
f 6061/1/421 6793/2/421 6794/3/475 6062/4/475
f 5897/1/515 6629/2/515 6630/3/327 5898/4/327
f 6047/1/454 6779/2/454 6780/3/596 6048/4/596
f 6318/1/67 7050/2/67 7051/3/68 6319/4/68
f 5995/1/488 6727/2/488 6728/3/303 5996/4/303
f 6154/1/318 6886/2/318 6887/3/512 6155/4/512
f 6304/1/377 7036/2/377 7037/3/140 6305/4/140
f 6252/1/249 6984/2/249 6985/3/315 6253/4/315
f 6411/1/131 7143/2/131 7144/3/333 6412/4/333
f 6573/1/190 7305/2/190 7306/3/191 6574/4/191
f 6498/1/299 7230/2/299 7231/3/300 6499/4/300
f 6193/1/597 6925/2/597 6926/3/619 6194/4/619
f 6063/1/476 6795/2/476 6796/3/389 6064/4/389
f 6243/1/564 6975/2/564 6976/3/493 6244/4/493
f 6320/1/385 7052/2/385 7053/3/163 6321/4/163
f 5988/1/491 6720/2/491 6721/3/406 5989/4/406
f 6170/1/337 6902/2/337 6903/3/145 6171/4/145
f 6514/1/329 7246/2/329 7247/3/330 6515/4/330
f 6452/1/496 7184/2/496 7185/3/132 6453/4/132
f 6521/1/460 7253/2/460 7254/3/309 6522/4/309
f 6427/1/143 7159/2/143 7160/3/352 6428/4/352
f 6483/1/618 7215/2/618 7216/3/620 6484/4/620
f 6259/1/241 6991/2/241 6992/3/414 6260/4/414
f 6011/1/508 6743/2/508 6744/3/326 6012/4/326
f 6309/1/91 7041/2/91 7042/3/151 6310/4/151
f 6004/1/503 6736/2/503 6737/3/428 6005/4/428
f 6268/1/291 7000/2/291 7001/3/363 6269/4/363
f 6054/1/62 6786/2/62 6787/3/62 6055/4/62
f 6077/1/442 6809/2/442 6810/3/501 6078/4/501
f 6568/1/513 7300/2/513 7301/3/525 6569/4/525
f 6334/1/33 7066/2/33 7067/3/27 6335/4/27
f 5929/1/541 6661/2/541 6662/3/593 5930/4/593
f 6530/1/354 7262/2/354 7263/3/355 6531/4/355
f 6209/1/603 6941/2/603 6942/3/511 6210/4/511
f 6186/1/380 6918/2/380 6919/3/579 6187/4/579
f 6275/1/283 7007/2/283 7008/3/437 6276/4/437
f 5954/1/544 6686/2/544 6687/3/621 5955/4/621
f 6537/1/482 7269/2/482 7270/3/358 6538/4/358
f 6079/1/502 6811/2/502 6812/3/422 6080/4/422
f 6020/1/519 6752/2/519 6753/3/451 6021/4/451
f 6041/1/498 6773/2/498 6774/3/506 6042/4/506
f 6027/1/524 6759/2/524 6760/3/366 6028/4/366
f 6325/1/513 7057/2/513 7058/3/525 6326/4/525
f 6336/1/28 7068/2/28 7069/3/219 6337/4/219
f 6194/1/619 6926/2/619 6927/3/615 6195/4/615
f 6468/1/514 7200/2/514 7201/3/157 6469/4/157
f 6284/1/321 7016/2/321 7017/3/403 6285/4/403
f 6070/1/522 6802/2/522 6803/3/426 6071/4/426
f 5945/1/556 6677/2/556 6678/3/419 5946/4/419
f 6095/1/518 6827/2/518 6828/3/445 6096/4/445
f 6202/1/413 6934/2/413 6935/3/188 6203/4/188
f 6546/1/376 7278/2/376 7279/3/377 6547/4/377
f 6093/1/472 6825/2/472 6826/3/517 6094/4/517
f 6341/1/88 7073/2/88 7074/3/89 6342/4/89
f 6111/1/530 6843/2/530 6844/3/532 6112/4/532
f 6291/1/312 7023/2/312 7024/3/466 6292/4/466
f 6350/1/516 7082/2/516 7083/3/435 6351/4/435
f 6022/1/452 6754/2/452 6755/3/319 6023/4/319
f 6436/1/480 7168/2/480 7169/3/86 6437/4/86
f 6086/1/539 6818/2/539 6819/3/433 6087/4/433
f 5955/1/621 6687/2/621 6688/3/616 5956/4/616
f 6036/1/538 6768/2/538 6769/3/69 6037/4/69
f 6555/1/411 7287/2/411 7288/3/412 6556/4/412
f 6553/1/151 7285/2/151 7286/3/555 6554/4/555
f 6357/1/590 7089/2/590 7090/3/560 6358/4/560
f 6382/1/62 7114/2/62 7115/3/62 6383/4/62
f 6043/1/507 6775/2/507 6776/3/568 6044/4/568
f 6102/1/557 6834/2/557 6835/3/464 6103/4/464
f 6127/1/505 6859/2/505 6860/3/547 6128/4/547
f 6225/1/607 6957/2/607 6958/3/535 6226/4/535
f 6300/1/347 7032/2/347 7033/3/439 6301/4/439
f 5872/1/546 6604/2/546 6605/3/386 5873/4/386
f 5970/1/531 6702/2/531 6703/3/462 5971/4/462
f 5961/1/578 6693/2/578 6694/3/443 5962/4/443
f 6562/1/68 7294/2/68 7295/3/385 6563/4/385
f 6109/1/622 6841/2/622 6842/3/529 6110/4/529
f 6484/1/620 7216/2/620 7217/3/120 6485/4/120
f 6218/1/432 6950/2/432 6951/3/221 6219/4/221
f 6307/1/338 7039/2/338 7040/3/90 6308/4/90
f 6366/1/526 7098/2/526 7099/3/458 6367/4/458
f 6569/1/525 7301/2/525 7302/3/410 6570/4/410
f 6475/1/212 7207/2/212 7208/3/448 6476/4/448
f 6310/1/151 7042/2/151 7043/3/555 6311/4/555
f 6052/1/29 6784/2/29 6785/3/29 6053/4/29
f 6368/1/459 7100/2/459 7101/3/272 6369/4/272
f 6316/1/418 7048/2/418 7049/3/461 6317/4/461
f 5863/1/572 6595/2/572 6596/3/489 5864/4/489
f 6431/1/76 7163/2/76 7164/3/201 6432/4/201
f 6125/1/591 6857/2/591 6858/3/504 6126/4/504
f 6442/1/204 7174/2/204 7175/3/381 6443/4/381
f 6120/1/485 6852/2/485 6853/3/258 6121/4/258
f 6398/1/558 7130/2/558 7131/3/523 6399/4/523
f 5870/1/442 6602/2/442 6603/3/545 5871/4/545
f 5932/1/610 6664/2/610 6665/3/567 5933/4/567
f 6143/1/521 6875/2/521 6876/3/565 6144/4/565
f 6384/1/510 7116/2/510 7117/3/294 6385/4/294
f 6585/1/89 7317/2/89 7318/3/171 6586/4/171
f 5888/1/562 6620/2/562 6621/3/126 5889/4/126
f 6141/1/595 6873/2/595 6874/3/520 6142/4/520
f 6075/1/581 6807/2/581 6808/3/441 6076/4/441
f 6108/1/599 6840/2/599 6841/3/622 6109/4/622
f 5977/1/585 6709/2/585 6710/3/381 5978/4/381
f 6389/1/613 7121/2/613 7122/3/497 6390/4/497
f 6241/1/614 6973/2/614 6974/3/563 6242/4/563
f 7519/1/1 7517/2/1 7518/3/1
f 7519/1/1 7516/2/1 7517/3/1
f 7516/1/1 7514/2/1 7515/3/1
f 7516/1/1 7513/2/1 7514/3/1
f 7519/1/1 7521/2/1 7516/3/1
f 7521/1/1 7513/2/1 7516/3/1
f 7521/1/1 7523/2/1 7513/3/1
f 7519/1/1 7520/2/1 7521/3/1
f 7522/1/1 7523/2/1 7521/3/1
f 7561/1/1 7559/2/1 7560/3/1
f 7561/1/1 7558/2/1 7559/3/1
f 7562/1/1 7558/2/1 7561/3/1
f 7562/1/1 7557/2/1 7558/3/1
f 7563/1/1 7557/2/1 7562/3/1
f 7563/1/1 7556/2/1 7557/3/1
f 7564/1/1 7556/2/1 7563/3/1
f 7564/1/1 7555/2/1 7556/3/1
f 7565/1/1 7555/2/1 7564/3/1
f 7565/1/1 7554/2/1 7555/3/1
f 7566/1/1 7584/2/1 7565/3/1
f 7584/1/1 7554/2/1 7565/3/1
f 7566/1/1 7583/2/1 7584/3/1
f 7585/1/1 7554/2/1 7584/3/1
f 7586/1/1 7554/2/1 7585/3/1
f 7566/1/1 7582/2/1 7583/3/1
f 7587/1/1 7554/2/1 7586/3/1
f 7566/1/1 7581/2/1 7582/3/1
f 7587/1/1 7553/2/1 7554/3/1
f 7567/1/1 7581/2/1 7566/3/1
f 7588/1/1 7553/2/1 7587/3/1
f 7567/1/1 7580/2/1 7581/3/1
f 7589/1/1 7553/2/1 7588/3/1
f 7567/1/1 7579/2/1 7580/3/1
f 7589/1/1 7552/2/1 7553/3/1
f 7568/1/1 7579/2/1 7567/3/1
f 7590/1/1 7552/2/1 7589/3/1
f 7568/1/1 7578/2/1 7579/3/1
f 7591/1/1 7552/2/1 7590/3/1
f 7568/1/1 7577/2/1 7578/3/1
f 7591/1/1 7551/2/1 7552/3/1
f 7569/1/1 7577/2/1 7568/3/1
f 7592/1/1 7551/2/1 7591/3/1
f 7569/1/1 7576/2/1 7577/3/1
f 7592/1/1 7550/2/1 7551/3/1
f 7570/1/1 7576/2/1 7569/3/1
f 7593/1/1 7550/2/1 7592/3/1
f 7570/1/1 7575/2/1 7576/3/1
f 7594/1/1 7550/2/1 7593/3/1
f 7570/1/1 7574/2/1 7575/3/1
f 7594/1/1 7549/2/1 7550/3/1
f 7571/1/1 7574/2/1 7570/3/1
f 7595/1/1 7549/2/1 7594/3/1
f 7571/1/1 7573/2/1 7574/3/1
f 7595/1/1 7548/2/1 7549/3/1
f 7524/1/1 7573/2/1 7571/3/1
f 7596/1/1 7548/2/1 7595/3/1
f 7524/1/1 7572/2/1 7573/3/1
f 7525/1/1 7572/2/1 7524/3/1
f 7525/1/1 7619/2/1 7572/3/1
f 7597/1/1 7548/2/1 7596/3/1
f 7597/1/1 7547/2/1 7548/3/1
f 7525/1/1 7618/2/1 7619/3/1
f 7598/1/1 7547/2/1 7597/3/1
f 7598/1/1 7546/2/1 7547/3/1
f 7526/1/1 7618/2/1 7525/3/1
f 7526/1/1 7617/2/1 7618/3/1
f 7599/1/1 7546/2/1 7598/3/1
f 7599/1/1 7545/2/1 7546/3/1
f 7527/1/1 7617/2/1 7526/3/1
f 7600/1/1 7545/2/1 7599/3/1
f 7527/1/1 7616/2/1 7617/3/1
f 7600/1/1 7544/2/1 7545/3/1
f 7528/1/1 7616/2/1 7527/3/1
f 7601/1/1 7544/2/1 7600/3/1
f 7528/1/1 7615/2/1 7616/3/1
f 7602/1/1 7544/2/1 7601/3/1
f 7528/1/1 7614/2/1 7615/3/1
f 7602/1/1 7543/2/1 7544/3/1
f 7529/1/1 7614/2/1 7528/3/1
f 7603/1/1 7543/2/1 7602/3/1
f 7529/1/1 7613/2/1 7614/3/1
f 7604/1/1 7543/2/1 7603/3/1
f 7529/1/1 7612/2/1 7613/3/1
f 7604/1/1 7542/2/1 7543/3/1
f 7530/1/1 7612/2/1 7529/3/1
f 7605/1/1 7542/2/1 7604/3/1
f 7530/1/1 7611/2/1 7612/3/1
f 7606/1/1 7542/2/1 7605/3/1
f 7530/1/1 7610/2/1 7611/3/1
f 7606/1/1 7541/2/1 7542/3/1
f 7531/1/1 7610/2/1 7530/3/1
f 7607/1/1 7541/2/1 7606/3/1
f 7531/1/1 7609/2/1 7610/3/1
f 7608/1/1 7541/2/1 7607/3/1
f 7531/1/1 7608/2/1 7609/3/1
f 7531/1/1 7541/2/1 7608/3/1
f 7531/1/1 7540/2/1 7541/3/1
f 7532/1/1 7540/2/1 7531/3/1
f 7532/1/1 7539/2/1 7540/3/1
f 7533/1/1 7539/2/1 7532/3/1
f 7533/1/1 7538/2/1 7539/3/1
f 7534/1/1 7538/2/1 7533/3/1
f 7534/1/1 7537/2/1 7538/3/1
f 7535/1/1 7537/2/1 7534/3/1
f 7535/1/1 7536/2/1 7537/3/1
f 7621/1/1 7687/2/1 7620/3/1
f 7687/1/1 7686/2/1 7620/3/1
f 7687/1/1 7685/2/1 7686/3/1
f 7687/1/1 7684/2/1 7685/3/1
f 7687/1/1 7683/2/1 7684/3/1
f 7687/1/1 7682/2/1 7683/3/1
f 7687/1/1 7681/2/1 7682/3/1
f 7687/1/1 7680/2/1 7681/3/1
f 7687/1/1 7679/2/1 7680/3/1
f 7687/1/1 7688/2/1 7679/3/1
f 7688/1/1 7678/2/1 7679/3/1
f 7621/1/1 7713/2/1 7687/3/1
f 7689/1/1 7678/2/1 7688/3/1
f 7690/1/1 7678/2/1 7689/3/1
f 7691/1/1 7678/2/1 7690/3/1
f 7691/1/1 7677/2/1 7678/3/1
f 7692/1/1 7677/2/1 7691/3/1
f 7693/1/1 7677/2/1 7692/3/1
f 7694/1/1 7677/2/1 7693/3/1
f 7694/1/1 7676/2/1 7677/3/1
f 7695/1/1 7676/2/1 7694/3/1
f 7696/1/1 7676/2/1 7695/3/1
f 7697/1/1 7676/2/1 7696/3/1
f 7697/1/1 7675/2/1 7676/3/1
f 7698/1/1 7675/2/1 7697/3/1
f 7699/1/1 7675/2/1 7698/3/1
f 7699/1/1 7674/2/1 7675/3/1
f 7700/1/1 7674/2/1 7699/3/1
f 7701/1/1 7674/2/1 7700/3/1
f 7701/1/1 7673/2/1 7674/3/1
f 7702/1/1 7673/2/1 7701/3/1
f 7702/1/1 7672/2/1 7673/3/1
f 7703/1/1 7672/2/1 7702/3/1
f 7704/1/1 7672/2/1 7703/3/1
f 7704/1/1 7671/2/1 7672/3/1
f 7705/1/1 7671/2/1 7704/3/1
f 7705/1/1 7670/2/1 7671/3/1
f 7706/1/1 7670/2/1 7705/3/1
f 7706/1/1 7669/2/1 7670/3/1
f 7707/1/1 7669/2/1 7706/3/1
f 7708/1/1 7669/2/1 7707/3/1
f 7708/1/1 7668/2/1 7669/3/1
f 7709/1/1 7668/2/1 7708/3/1
f 7710/1/1 7668/2/1 7709/3/1
f 7710/1/1 7667/2/1 7668/3/1
f 7711/1/1 7667/2/1 7710/3/1
f 7712/1/1 7667/2/1 7711/3/1
f 7621/1/1 7623/2/1 7713/3/1
f 7623/1/1 7712/2/1 7713/3/1
f 7623/1/1 7667/2/1 7712/3/1
f 7623/1/1 7666/2/1 7667/3/1
f 7623/1/1 7665/2/1 7666/3/1
f 7623/1/1 7664/2/1 7665/3/1
f 7623/1/1 7663/2/1 7664/3/1
f 7623/1/1 7662/2/1 7663/3/1
f 7623/1/1 7661/2/1 7662/3/1
f 7623/1/1 7660/2/1 7661/3/1
f 7623/1/1 7624/2/1 7660/3/1
f 7624/1/1 7625/2/1 7660/3/1
f 7625/1/1 7659/2/1 7660/3/1
f 7621/1/1 7622/2/1 7623/3/1
f 7626/1/1 7659/2/1 7625/3/1
f 7627/1/1 7659/2/1 7626/3/1
f 7628/1/1 7659/2/1 7627/3/1
f 7628/1/1 7658/2/1 7659/3/1
f 7629/1/1 7658/2/1 7628/3/1
f 7630/1/1 7658/2/1 7629/3/1
f 7630/1/1 7657/2/1 7658/3/1
f 7631/1/1 7657/2/1 7630/3/1
f 7631/1/1 7656/2/1 7657/3/1
f 7632/1/1 7656/2/1 7631/3/1
f 7632/1/1 7655/2/1 7656/3/1
f 7633/1/1 7655/2/1 7632/3/1
f 7633/1/1 7654/2/1 7655/3/1
f 7634/1/1 7654/2/1 7633/3/1
f 7634/1/1 7653/2/1 7654/3/1
f 7635/1/1 7653/2/1 7634/3/1
f 7635/1/1 7652/2/1 7653/3/1
f 7635/1/1 7651/2/1 7652/3/1
f 7636/1/1 7651/2/1 7635/3/1
f 7636/1/1 7650/2/1 7651/3/1
f 7637/1/1 7650/2/1 7636/3/1
f 7637/1/1 7649/2/1 7650/3/1
f 7637/1/1 7648/2/1 7649/3/1
f 7637/1/1 7647/2/1 7648/3/1
f 7637/1/1 7646/2/1 7647/3/1
f 7637/1/1 7645/2/1 7646/3/1
f 7637/1/1 7644/2/1 7645/3/1
f 7637/1/1 7643/2/1 7644/3/1
f 7637/1/1 7642/2/1 7643/3/1
f 7637/1/1 7641/2/1 7642/3/1
f 7637/1/1 7640/2/1 7641/3/1
f 7637/1/1 7639/2/1 7640/3/1
f 7637/1/1 7638/2/1 7639/3/1
f 7727/1/1 7725/2/1 7726/3/1
f 7727/1/1 7724/2/1 7725/3/1
f 7728/1/1 7724/2/1 7727/3/1
f 7728/1/1 7723/2/1 7724/3/1
f 7729/1/1 7723/2/1 7728/3/1
f 7729/1/1 7722/2/1 7723/3/1
f 7730/1/1 7722/2/1 7729/3/1
f 7731/1/1 7722/2/1 7730/3/1
f 7731/1/1 7721/2/1 7722/3/1
f 7732/1/1 7721/2/1 7731/3/1
f 7732/1/1 7798/2/1 7721/3/1
f 7798/1/1 7720/2/1 7721/3/1
f 7732/1/1 7797/2/1 7798/3/1
f 7799/1/1 7720/2/1 7798/3/1
f 7732/1/1 7796/2/1 7797/3/1
f 7800/1/1 7720/2/1 7799/3/1
f 7733/1/1 7796/2/1 7732/3/1
f 7800/1/1 7719/2/1 7720/3/1
f 7733/1/1 7795/2/1 7796/3/1
f 7801/1/1 7719/2/1 7800/3/1
f 7733/1/1 7794/2/1 7795/3/1
f 7802/1/1 7719/2/1 7801/3/1
f 7733/1/1 7793/2/1 7794/3/1
f 7803/1/1 7719/2/1 7802/3/1
f 7734/1/1 7793/2/1 7733/3/1
f 7803/1/1 7718/2/1 7719/3/1
f 7734/1/1 7792/2/1 7793/3/1
f 7804/1/1 7718/2/1 7803/3/1
f 7734/1/1 7791/2/1 7792/3/1
f 7805/1/1 7718/2/1 7804/3/1
f 7735/1/1 7791/2/1 7734/3/1
f 7805/1/1 7717/2/1 7718/3/1
f 7735/1/1 7790/2/1 7791/3/1
f 7806/1/1 7717/2/1 7805/3/1
f 7736/1/1 7790/2/1 7735/3/1
f 7806/1/1 7716/2/1 7717/3/1
f 7736/1/1 7789/2/1 7790/3/1
f 7807/1/1 7716/2/1 7806/3/1
f 7736/1/1 7788/2/1 7789/3/1
f 7808/1/1 7716/2/1 7807/3/1
f 7737/1/1 7788/2/1 7736/3/1
f 7808/1/1 7715/2/1 7716/3/1
f 7737/1/1 7787/2/1 7788/3/1
f 7809/1/1 7715/2/1 7808/3/1
f 7738/1/1 7787/2/1 7737/3/1
f 7809/1/1 7714/2/1 7715/3/1
f 7738/1/1 7786/2/1 7787/3/1
f 7762/1/1 7714/2/1 7809/3/1
f 7739/1/1 7786/2/1 7738/3/1
f 7739/1/1 7785/2/1 7786/3/1
f 7763/1/1 7714/2/1 7762/3/1
f 7763/1/1 7761/2/1 7714/3/1
f 7739/1/1 7784/2/1 7785/3/1
f 7764/1/1 7761/2/1 7763/3/1
f 7740/1/1 7784/2/1 7739/3/1
f 7764/1/1 7760/2/1 7761/3/1
f 7740/1/1 7783/2/1 7784/3/1
f 7765/1/1 7760/2/1 7764/3/1
f 7741/1/1 7783/2/1 7740/3/1
f 7765/1/1 7759/2/1 7760/3/1
f 7766/1/1 7759/2/1 7765/3/1
f 7741/1/1 7782/2/1 7783/3/1
f 7767/1/1 7759/2/1 7766/3/1
f 7741/1/1 7781/2/1 7782/3/1
f 7742/1/1 7781/2/1 7741/3/1
f 7767/1/1 7758/2/1 7759/3/1
f 7768/1/1 7758/2/1 7767/3/1
f 7742/1/1 7780/2/1 7781/3/1
f 7743/1/1 7780/2/1 7742/3/1
f 7768/1/1 7757/2/1 7758/3/1
f 7769/1/1 7757/2/1 7768/3/1
f 7743/1/1 7779/2/1 7780/3/1
f 7770/1/1 7757/2/1 7769/3/1
f 7743/1/1 7778/2/1 7779/3/1
f 7744/1/1 7778/2/1 7743/3/1
f 7770/1/1 7756/2/1 7757/3/1
f 7771/1/1 7756/2/1 7770/3/1
f 7744/1/1 7777/2/1 7778/3/1
f 7772/1/1 7756/2/1 7771/3/1
f 7744/1/1 7776/2/1 7777/3/1
f 7773/1/1 7756/2/1 7772/3/1
f 7744/1/1 7775/2/1 7776/3/1
f 7745/1/1 7775/2/1 7744/3/1
f 7773/1/1 7755/2/1 7756/3/1
f 7774/1/1 7755/2/1 7773/3/1
f 7745/1/1 7774/2/1 7775/3/1
f 7745/1/1 7755/2/1 7774/3/1
f 7746/1/1 7755/2/1 7745/3/1
f 7746/1/1 7754/2/1 7755/3/1
f 7747/1/1 7754/2/1 7746/3/1
f 7747/1/1 7753/2/1 7754/3/1
f 7748/1/1 7753/2/1 7747/3/1
f 7748/1/1 7752/2/1 7753/3/1
f 7749/1/1 7752/2/1 7748/3/1
f 7749/1/1 7751/2/1 7752/3/1
f 7750/1/1 7751/2/1 7749/3/1
f 7945/1/1 7943/2/1 7944/3/1
f 7946/1/1 7943/2/1 7945/3/1
f 7947/1/1 7943/2/1 7946/3/1
f 7947/1/1 7942/2/1 7943/3/1
f 7948/1/1 7942/2/1 7947/3/1
f 7949/1/1 7942/2/1 7948/3/1
f 7950/1/1 7942/2/1 7949/3/1
f 7950/1/1 7941/2/1 7942/3/1
f 7951/1/1 7941/2/1 7950/3/1
f 7952/1/1 7941/2/1 7951/3/1
f 7953/1/1 7941/2/1 7952/3/1
f 7953/1/1 7940/2/1 7941/3/1
f 7954/1/1 7940/2/1 7953/3/1
f 7955/1/1 7940/2/1 7954/3/1
f 7955/1/1 7939/2/1 7940/3/1
f 7956/1/1 7939/2/1 7955/3/1
f 7810/1/1 7811/2/1 7956/3/1
f 7811/1/1 7812/2/1 7956/3/1
f 7812/1/1 7813/2/1 7956/3/1
f 7813/1/1 7814/2/1 7956/3/1
f 7814/1/1 7939/2/1 7956/3/1
f 7814/1/1 7815/2/1 7939/3/1
f 7815/1/1 7816/2/1 7939/3/1
f 7816/1/1 7938/2/1 7939/3/1
f 7816/1/1 7817/2/1 7938/3/1
f 7817/1/1 7818/2/1 7938/3/1
f 7818/1/1 7937/2/1 7938/3/1
f 7818/1/1 7819/2/1 7937/3/1
f 7819/1/1 7820/2/1 7937/3/1
f 7820/1/1 7821/2/1 7937/3/1
f 7821/1/1 7936/2/1 7937/3/1
f 7821/1/1 7822/2/1 7936/3/1
f 7822/1/1 7823/2/1 7936/3/1
f 7823/1/1 7935/2/1 7936/3/1
f 7824/1/1 7935/2/1 7823/3/1
f 7825/1/1 7935/2/1 7824/3/1
f 7826/1/1 7935/2/1 7825/3/1
f 7826/1/1 7934/2/1 7935/3/1
f 7827/1/1 7934/2/1 7826/3/1
f 7828/1/1 7934/2/1 7827/3/1
f 7829/1/1 7934/2/1 7828/3/1
f 7829/1/1 7933/2/1 7934/3/1
f 7830/1/1 7933/2/1 7829/3/1
f 7831/1/1 7933/2/1 7830/3/1
f 7831/1/1 7932/2/1 7933/3/1
f 7832/1/1 7932/2/1 7831/3/1
f 7833/1/1 7932/2/1 7832/3/1
f 7833/1/1 7931/2/1 7932/3/1
f 7834/1/1 7931/2/1 7833/3/1
f 7835/1/1 7931/2/1 7834/3/1
f 7835/1/1 7930/2/1 7931/3/1
f 7836/1/1 7930/2/1 7835/3/1
f 7836/1/1 7929/2/1 7930/3/1
f 7837/1/1 7929/2/1 7836/3/1
f 7837/1/1 7928/2/1 7929/3/1
f 7838/1/1 7928/2/1 7837/3/1
f 7838/1/1 7927/2/1 7928/3/1
f 7839/1/1 7927/2/1 7838/3/1
f 7839/1/1 7926/2/1 7927/3/1
f 7840/1/1 7926/2/1 7839/3/1
f 7841/1/1 7926/2/1 7840/3/1
f 7841/1/1 7925/2/1 7926/3/1
f 7842/1/1 7925/2/1 7841/3/1
f 7842/1/1 7924/2/1 7925/3/1
f 7843/1/1 7924/2/1 7842/3/1
f 7844/1/1 7924/2/1 7843/3/1
f 7845/1/1 7924/2/1 7844/3/1
f 7845/1/1 7923/2/1 7924/3/1
f 7846/1/1 7923/2/1 7845/3/1
f 7847/1/1 7923/2/1 7846/3/1
f 7847/1/1 7922/2/1 7923/3/1
f 7847/1/1 7921/2/1 7922/3/1
f 7847/1/1 7920/2/1 7921/3/1
f 7847/1/1 7919/2/1 7920/3/1
f 7847/1/1 7918/2/1 7919/3/1
f 7847/1/1 7917/2/1 7918/3/1
f 7847/1/1 7916/2/1 7917/3/1
f 7847/1/1 7915/2/1 7916/3/1
f 7847/1/1 7848/2/1 7915/3/1
f 7848/1/1 7914/2/1 7915/3/1
f 7849/1/1 7914/2/1 7848/3/1
f 7850/1/1 7914/2/1 7849/3/1
f 7851/1/1 7914/2/1 7850/3/1
f 7851/1/1 7913/2/1 7914/3/1
f 7852/1/1 7913/2/1 7851/3/1
f 7853/1/1 7913/2/1 7852/3/1
f 7853/1/1 7912/2/1 7913/3/1
f 7854/1/1 7912/2/1 7853/3/1
f 7854/1/1 7911/2/1 7912/3/1
f 7855/1/1 7911/2/1 7854/3/1
f 7856/1/1 7911/2/1 7855/3/1
f 7856/1/1 7910/2/1 7911/3/1
f 7857/1/1 7910/2/1 7856/3/1
f 7857/1/1 7909/2/1 7910/3/1
f 7858/1/1 7909/2/1 7857/3/1
f 7858/1/1 7908/2/1 7909/3/1
f 7859/1/1 7908/2/1 7858/3/1
f 7859/1/1 7907/2/1 7908/3/1
f 7860/1/1 7907/2/1 7859/3/1
f 7861/1/1 7907/2/1 7860/3/1
f 7861/1/1 7906/2/1 7907/3/1
f 7862/1/1 7906/2/1 7861/3/1
f 7863/1/1 7906/2/1 7862/3/1
f 7863/1/1 7905/2/1 7906/3/1
f 7884/1/1 7882/2/1 7883/3/1
f 7864/1/1 7905/2/1 7863/3/1
f 7884/1/1 7881/2/1 7882/3/1
f 7865/1/1 7905/2/1 7864/3/1
f 7884/1/1 7880/2/1 7881/3/1
f 7865/1/1 7904/2/1 7905/3/1
f 7866/1/1 7904/2/1 7865/3/1
f 7884/1/1 7879/2/1 7880/3/1
f 7884/1/1 7878/2/1 7879/3/1
f 7867/1/1 7904/2/1 7866/3/1
f 7884/1/1 7877/2/1 7878/3/1
f 7868/1/1 7904/2/1 7867/3/1
f 7884/1/1 7876/2/1 7877/3/1
f 7884/1/1 7875/2/1 7876/3/1
f 7869/1/1 7904/2/1 7868/3/1
f 7869/1/1 7903/2/1 7904/3/1
f 7884/1/1 7874/2/1 7875/3/1
f 7870/1/1 7903/2/1 7869/3/1
f 7884/1/1 7873/2/1 7874/3/1
f 7884/1/1 7872/2/1 7873/3/1
f 7871/1/1 7903/2/1 7870/3/1
f 7884/1/1 7871/2/1 7872/3/1
f 7884/1/1 7903/2/1 7871/3/1
f 7884/1/1 7902/2/1 7903/3/1
f 7884/1/1 7901/2/1 7902/3/1
f 7884/1/1 7900/2/1 7901/3/1
f 7885/1/1 7900/2/1 7884/3/1
f 7886/1/1 7900/2/1 7885/3/1
f 7887/1/1 7900/2/1 7886/3/1
f 7887/1/1 7899/2/1 7900/3/1
f 7888/1/1 7899/2/1 7887/3/1
f 7889/1/1 7899/2/1 7888/3/1
f 7889/1/1 7898/2/1 7899/3/1
f 7890/1/1 7898/2/1 7889/3/1
f 7891/1/1 7898/2/1 7890/3/1
f 7892/1/1 7898/2/1 7891/3/1
f 7892/1/1 7897/2/1 7898/3/1
f 7893/1/1 7897/2/1 7892/3/1
f 7894/1/1 7897/2/1 7893/3/1
f 7894/1/1 7896/2/1 7897/3/1
f 7895/1/1 7896/2/1 7894/3/1
f 7970/1/1 7968/2/1 7969/3/1
f 7970/1/1 7967/2/1 7968/3/1
f 7971/1/1 7967/2/1 7970/3/1
f 7971/1/1 7966/2/1 7967/3/1
f 7972/1/1 7966/2/1 7971/3/1
f 7972/1/1 7965/2/1 7966/3/1
f 7973/1/1 7965/2/1 7972/3/1
f 7974/1/1 7965/2/1 7973/3/1
f 7974/1/1 7964/2/1 7965/3/1
f 7975/1/1 7964/2/1 7974/3/1
f 7975/1/1 8041/2/1 7964/3/1
f 8041/1/1 7963/2/1 7964/3/1
f 7975/1/1 8040/2/1 8041/3/1
f 8042/1/1 7963/2/1 8041/3/1
f 7975/1/1 8039/2/1 8040/3/1
f 8043/1/1 7963/2/1 8042/3/1
f 7976/1/1 8039/2/1 7975/3/1
f 8043/1/1 7962/2/1 7963/3/1
f 7976/1/1 8038/2/1 8039/3/1
f 8044/1/1 7962/2/1 8043/3/1
f 7976/1/1 8037/2/1 8038/3/1
f 8045/1/1 7962/2/1 8044/3/1
f 7976/1/1 8036/2/1 8037/3/1
f 8046/1/1 7962/2/1 8045/3/1
f 7977/1/1 8036/2/1 7976/3/1
f 8046/1/1 7961/2/1 7962/3/1
f 7977/1/1 8035/2/1 8036/3/1
f 8047/1/1 7961/2/1 8046/3/1
f 7977/1/1 8034/2/1 8035/3/1
f 8048/1/1 7961/2/1 8047/3/1
f 7978/1/1 8034/2/1 7977/3/1
f 8048/1/1 7960/2/1 7961/3/1
f 7978/1/1 8033/2/1 8034/3/1
f 8049/1/1 7960/2/1 8048/3/1
f 7979/1/1 8033/2/1 7978/3/1
f 8049/1/1 7959/2/1 7960/3/1
f 7979/1/1 8032/2/1 8033/3/1
f 8050/1/1 7959/2/1 8049/3/1
f 7979/1/1 8031/2/1 8032/3/1
f 8051/1/1 7959/2/1 8050/3/1
f 7980/1/1 8031/2/1 7979/3/1
f 8051/1/1 7958/2/1 7959/3/1
f 7980/1/1 8030/2/1 8031/3/1
f 8052/1/1 7958/2/1 8051/3/1
f 7981/1/1 8030/2/1 7980/3/1
f 8052/1/1 7957/2/1 7958/3/1
f 7981/1/1 8029/2/1 8030/3/1
f 8005/1/1 7957/2/1 8052/3/1
f 7982/1/1 8029/2/1 7981/3/1
f 7982/1/1 8028/2/1 8029/3/1
f 8006/1/1 7957/2/1 8005/3/1
f 8006/1/1 8004/2/1 7957/3/1
f 7982/1/1 8027/2/1 8028/3/1
f 8007/1/1 8004/2/1 8006/3/1
f 7983/1/1 8027/2/1 7982/3/1
f 8007/1/1 8003/2/1 8004/3/1
f 7983/1/1 8026/2/1 8027/3/1
f 8008/1/1 8003/2/1 8007/3/1
f 7984/1/1 8026/2/1 7983/3/1
f 8008/1/1 8002/2/1 8003/3/1
f 8009/1/1 8002/2/1 8008/3/1
f 7984/1/1 8025/2/1 8026/3/1
f 8010/1/1 8002/2/1 8009/3/1
f 7984/1/1 8024/2/1 8025/3/1
f 7985/1/1 8024/2/1 7984/3/1
f 8010/1/1 8001/2/1 8002/3/1
f 8011/1/1 8001/2/1 8010/3/1
f 7985/1/1 8023/2/1 8024/3/1
f 7986/1/1 8023/2/1 7985/3/1
f 8011/1/1 8000/2/1 8001/3/1
f 8012/1/1 8000/2/1 8011/3/1
f 7986/1/1 8022/2/1 8023/3/1
f 8013/1/1 8000/2/1 8012/3/1
f 7986/1/1 8021/2/1 8022/3/1
f 7987/1/1 8021/2/1 7986/3/1
f 8013/1/1 7999/2/1 8000/3/1
f 8014/1/1 7999/2/1 8013/3/1
f 7987/1/1 8020/2/1 8021/3/1
f 8015/1/1 7999/2/1 8014/3/1
f 7987/1/1 8019/2/1 8020/3/1
f 8016/1/1 7999/2/1 8015/3/1
f 7987/1/1 8018/2/1 8019/3/1
f 7988/1/1 8018/2/1 7987/3/1
f 8016/1/1 7998/2/1 7999/3/1
f 8017/1/1 7998/2/1 8016/3/1
f 7988/1/1 8017/2/1 8018/3/1
f 7988/1/1 7998/2/1 8017/3/1
f 7989/1/1 7998/2/1 7988/3/1
f 7989/1/1 7997/2/1 7998/3/1
f 7990/1/1 7997/2/1 7989/3/1
f 7990/1/1 7996/2/1 7997/3/1
f 7991/1/1 7996/2/1 7990/3/1
f 7991/1/1 7995/2/1 7996/3/1
f 7992/1/1 7995/2/1 7991/3/1
f 7992/1/1 7994/2/1 7995/3/1
f 7993/1/1 7994/2/1 7992/3/1
f 7358/1/1 7356/2/1 7357/3/1
f 7359/1/1 7356/2/1 7358/3/1
f 7359/1/1 7355/2/1 7356/3/1
f 7360/1/1 7355/2/1 7359/3/1
f 7360/1/1 7354/2/1 7355/3/1
f 7361/1/1 7354/2/1 7360/3/1
f 7361/1/1 7353/2/1 7354/3/1
f 7362/1/1 7353/2/1 7361/3/1
f 7362/1/1 7352/2/1 7353/3/1
f 7363/1/1 7352/2/1 7362/3/1
f 7363/1/1 7351/2/1 7352/3/1
f 7364/1/1 7351/2/1 7363/3/1
f 7364/1/1 7350/2/1 7351/3/1
f 7365/1/1 7350/2/1 7364/3/1
f 7365/1/1 7453/2/1 7350/3/1
f 7453/1/1 7349/2/1 7350/3/1
f 7365/1/1 7452/2/1 7453/3/1
f 7454/1/1 7349/2/1 7453/3/1
f 7365/1/1 7451/2/1 7452/3/1
f 7455/1/1 7349/2/1 7454/3/1
f 7366/1/1 7451/2/1 7365/3/1
f 7366/1/1 7450/2/1 7451/3/1
f 7455/1/1 7348/2/1 7349/3/1
f 7456/1/1 7348/2/1 7455/3/1
f 7366/1/1 7449/2/1 7450/3/1
f 7457/1/1 7348/2/1 7456/3/1
f 7366/1/1 7448/2/1 7449/3/1
f 7458/1/1 7348/2/1 7457/3/1
f 7366/1/1 7447/2/1 7448/3/1
f 7459/1/1 7348/2/1 7458/3/1
f 7367/1/1 7447/2/1 7366/3/1
f 7459/1/1 7347/2/1 7348/3/1
f 7367/1/1 7446/2/1 7447/3/1
f 7460/1/1 7347/2/1 7459/3/1
f 7367/1/1 7445/2/1 7446/3/1
f 7461/1/1 7347/2/1 7460/3/1
f 7367/1/1 7444/2/1 7445/3/1
f 7368/1/1 7444/2/1 7367/3/1
f 7462/1/1 7347/2/1 7461/3/1
f 7462/1/1 7346/2/1 7347/3/1
f 7368/1/1 7443/2/1 7444/3/1
f 7463/1/1 7346/2/1 7462/3/1
f 7368/1/1 7442/2/1 7443/3/1
f 7464/1/1 7346/2/1 7463/3/1
f 7369/1/1 7442/2/1 7368/3/1
f 7464/1/1 7345/2/1 7346/3/1
f 7369/1/1 7441/2/1 7442/3/1
f 7417/1/1 7345/2/1 7464/3/1
f 7369/1/1 7440/2/1 7441/3/1
f 7370/1/1 7440/2/1 7369/3/1
f 7418/1/1 7345/2/1 7417/3/1
f 7418/1/1 7344/2/1 7345/3/1
f 7370/1/1 7439/2/1 7440/3/1
f 7419/1/1 7344/2/1 7418/3/1
f 7371/1/1 7439/2/1 7370/3/1
f 7419/1/1 7343/2/1 7344/3/1
f 7371/1/1 7438/2/1 7439/3/1
f 7420/1/1 7343/2/1 7419/3/1
f 7420/1/1 7342/2/1 7343/3/1
f 7372/1/1 7438/2/1 7371/3/1
f 7372/1/1 7437/2/1 7438/3/1
f 7421/1/1 7342/2/1 7420/3/1
f 7421/1/1 7341/2/1 7342/3/1
f 7373/1/1 7437/2/1 7372/3/1
f 7373/1/1 7436/2/1 7437/3/1
f 7422/1/1 7341/2/1 7421/3/1
f 7422/1/1 7340/2/1 7341/3/1
f 7374/1/1 7436/2/1 7373/3/1
f 7374/1/1 7435/2/1 7436/3/1
f 7423/1/1 7340/2/1 7422/3/1
f 7423/1/1 7339/2/1 7340/3/1
f 7375/1/1 7435/2/1 7374/3/1
f 7375/1/1 7434/2/1 7435/3/1
f 7424/1/1 7339/2/1 7423/3/1
f 7424/1/1 7338/2/1 7339/3/1
f 7375/1/1 7433/2/1 7434/3/1
f 7425/1/1 7338/2/1 7424/3/1
f 7376/1/1 7433/2/1 7375/3/1
f 7376/1/1 7432/2/1 7433/3/1
f 7426/1/1 7338/2/1 7425/3/1
f 7426/1/1 7337/2/1 7338/3/1
f 7377/1/1 7432/2/1 7376/3/1
f 7377/1/1 7431/2/1 7432/3/1
f 7427/1/1 7337/2/1 7426/3/1
f 7377/1/1 7430/2/1 7431/3/1
f 7428/1/1 7337/2/1 7427/3/1
f 7377/1/1 7429/2/1 7430/3/1
f 7429/1/1 7337/2/1 7428/3/1
f 7377/1/1 7337/2/1 7429/3/1
f 7377/1/1 7336/2/1 7337/3/1
f 7378/1/1 7336/2/1 7377/3/1
f 7378/1/1 7335/2/1 7336/3/1
f 7379/1/1 7335/2/1 7378/3/1
f 7379/1/1 7334/2/1 7335/3/1
f 7380/1/1 7334/2/1 7379/3/1
f 7380/1/1 7333/2/1 7334/3/1
f 7381/1/1 7333/2/1 7380/3/1
f 7382/1/1 7333/2/1 7381/3/1
f 7382/1/1 7332/2/1 7333/3/1
f 7382/1/1 7331/2/1 7332/3/1
f 7383/1/1 7331/2/1 7382/3/1
f 7383/1/1 7330/2/1 7331/3/1
f 7384/1/1 7330/2/1 7383/3/1
f 7384/1/1 7329/2/1 7330/3/1
f 7385/1/1 7329/2/1 7384/3/1
f 7385/1/1 7501/2/1 7329/3/1
f 7501/1/1 7328/2/1 7329/3/1
f 7386/1/1 7501/2/1 7385/3/1
f 7386/1/1 7500/2/1 7501/3/1
f 7502/1/1 7328/2/1 7501/3/1
f 7386/1/1 7499/2/1 7500/3/1
f 7503/1/1 7328/2/1 7502/3/1
f 7386/1/1 7498/2/1 7499/3/1
f 7504/1/1 7328/2/1 7503/3/1
f 7504/1/1 7327/2/1 7328/3/1
f 7387/1/1 7498/2/1 7386/3/1
f 7387/1/1 7497/2/1 7498/3/1
f 7505/1/1 7327/2/1 7504/3/1
f 7387/1/1 7496/2/1 7497/3/1
f 7506/1/1 7327/2/1 7505/3/1
f 7506/1/1 7326/2/1 7327/3/1
f 7388/1/1 7496/2/1 7387/3/1
f 7388/1/1 7495/2/1 7496/3/1
f 7507/1/1 7326/2/1 7506/3/1
f 7388/1/1 7494/2/1 7495/3/1
f 7508/1/1 7326/2/1 7507/3/1
f 7389/1/1 7494/2/1 7388/3/1
f 7508/1/1 7325/2/1 7326/3/1
f 7389/1/1 7493/2/1 7494/3/1
f 7509/1/1 7325/2/1 7508/3/1
f 7390/1/1 7493/2/1 7389/3/1
f 7509/1/1 7324/2/1 7325/3/1
f 7390/1/1 7492/2/1 7493/3/1
f 7510/1/1 7324/2/1 7509/3/1
f 7390/1/1 7491/2/1 7492/3/1
f 7391/1/1 7491/2/1 7390/3/1
f 7511/1/1 7324/2/1 7510/3/1
f 7511/1/1 7323/2/1 7324/3/1
f 7391/1/1 7490/2/1 7491/3/1
f 7512/1/1 7323/2/1 7511/3/1
f 7392/1/1 7490/2/1 7391/3/1
f 7512/1/1 7322/2/1 7323/3/1
f 7392/1/1 7489/2/1 7490/3/1
f 7465/1/1 7322/2/1 7512/3/1
f 7393/1/1 7489/2/1 7392/3/1
f 7465/1/1 7321/2/1 7322/3/1
f 7393/1/1 7488/2/1 7489/3/1
f 7466/1/1 7321/2/1 7465/3/1
f 7394/1/1 7488/2/1 7393/3/1
f 7466/1/1 7416/2/1 7321/3/1
f 7467/1/1 7416/2/1 7466/3/1
f 7394/1/1 7487/2/1 7488/3/1
f 7468/1/1 7416/2/1 7467/3/1
f 7394/1/1 7486/2/1 7487/3/1
f 7395/1/1 7486/2/1 7394/3/1
f 7468/1/1 7415/2/1 7416/3/1
f 7469/1/1 7415/2/1 7468/3/1
f 7395/1/1 7485/2/1 7486/3/1
f 7470/1/1 7415/2/1 7469/3/1
f 7395/1/1 7484/2/1 7485/3/1
f 7396/1/1 7484/2/1 7395/3/1
f 7470/1/1 7414/2/1 7415/3/1
f 7471/1/1 7414/2/1 7470/3/1
f 7396/1/1 7483/2/1 7484/3/1
f 7472/1/1 7414/2/1 7471/3/1
f 7396/1/1 7482/2/1 7483/3/1
f 7397/1/1 7482/2/1 7396/3/1
f 7472/1/1 7413/2/1 7414/3/1
f 7473/1/1 7413/2/1 7472/3/1
f 7397/1/1 7481/2/1 7482/3/1
f 7474/1/1 7413/2/1 7473/3/1
f 7397/1/1 7480/2/1 7481/3/1
f 7475/1/1 7413/2/1 7474/3/1
f 7397/1/1 7479/2/1 7480/3/1
f 7476/1/1 7413/2/1 7475/3/1
f 7397/1/1 7478/2/1 7479/3/1
f 7398/1/1 7478/2/1 7397/3/1
f 7476/1/1 7412/2/1 7413/3/1
f 7477/1/1 7412/2/1 7476/3/1
f 7398/1/1 7477/2/1 7478/3/1
f 7398/1/1 7412/2/1 7477/3/1
f 7399/1/1 7412/2/1 7398/3/1
f 7399/1/1 7411/2/1 7412/3/1
f 7400/1/1 7411/2/1 7399/3/1
f 7400/1/1 7410/2/1 7411/3/1
f 7401/1/1 7410/2/1 7400/3/1
f 7401/1/1 7409/2/1 7410/3/1
f 7402/1/1 7409/2/1 7401/3/1
f 7402/1/1 7408/2/1 7409/3/1
f 7403/1/1 7408/2/1 7402/3/1
f 7403/1/1 7407/2/1 7408/3/1
f 7404/1/1 7407/2/1 7403/3/1
f 7404/1/1 7406/2/1 7407/3/1
f 7405/1/1 7406/2/1 7404/3/1
f 8251/1/2 8250/2/2 8249/3/2
f 8251/1/2 8249/2/2 8248/3/2
f 8248/1/2 8247/2/2 8246/3/2
f 8248/1/2 8246/2/2 8245/3/2
f 8251/1/2 8248/2/2 8253/3/2
f 8253/1/2 8248/2/2 8245/3/2
f 8253/1/2 8245/2/2 8255/3/2
f 8251/1/2 8253/2/2 8252/3/2
f 8254/1/2 8253/2/2 8255/3/2
f 8293/1/2 8292/2/2 8291/3/2
f 8293/1/2 8291/2/2 8290/3/2
f 8294/1/2 8293/2/2 8290/3/2
f 8294/1/2 8290/2/2 8289/3/2
f 8295/1/2 8294/2/2 8289/3/2
f 8295/1/2 8289/2/2 8288/3/2
f 8296/1/2 8295/2/2 8288/3/2
f 8296/1/2 8288/2/2 8287/3/2
f 8297/1/2 8296/2/2 8287/3/2
f 8297/1/2 8287/2/2 8286/3/2
f 8298/1/2 8297/2/2 8316/3/2
f 8316/1/2 8297/2/2 8286/3/2
f 8298/1/2 8316/2/2 8315/3/2
f 8317/1/2 8316/2/2 8286/3/2
f 8318/1/2 8317/2/2 8286/3/2
f 8298/1/2 8315/2/2 8314/3/2
f 8319/1/2 8318/2/2 8286/3/2
f 8298/1/2 8314/2/2 8313/3/2
f 8319/1/2 8286/2/2 8285/3/2
f 8299/1/2 8298/2/2 8313/3/2
f 8320/1/2 8319/2/2 8285/3/2
f 8299/1/2 8313/2/2 8312/3/2
f 8321/1/2 8320/2/2 8285/3/2
f 8299/1/2 8312/2/2 8311/3/2
f 8321/1/2 8285/2/2 8284/3/2
f 8300/1/2 8299/2/2 8311/3/2
f 8322/1/2 8321/2/2 8284/3/2
f 8300/1/2 8311/2/2 8310/3/2
f 8323/1/2 8322/2/2 8284/3/2
f 8300/1/2 8310/2/2 8309/3/2
f 8323/1/2 8284/2/2 8283/3/2
f 8301/1/2 8300/2/2 8309/3/2
f 8324/1/2 8323/2/2 8283/3/2
f 8301/1/2 8309/2/2 8308/3/2
f 8324/1/2 8283/2/2 8282/3/2
f 8302/1/2 8301/2/2 8308/3/2
f 8325/1/2 8324/2/2 8282/3/2
f 8302/1/2 8308/2/2 8307/3/2
f 8326/1/2 8325/2/2 8282/3/2
f 8302/1/2 8307/2/2 8306/3/2
f 8326/1/2 8282/2/2 8281/3/2
f 8303/1/2 8302/2/2 8306/3/2
f 8327/1/2 8326/2/2 8281/3/2
f 8303/1/2 8306/2/2 8305/3/2
f 8327/1/2 8281/2/2 8280/3/2
f 8256/1/2 8303/2/2 8305/3/2
f 8328/1/2 8327/2/2 8280/3/2
f 8256/1/2 8305/2/2 8304/3/2
f 8257/1/2 8256/2/2 8304/3/2
f 8257/1/2 8304/2/2 8351/3/2
f 8329/1/2 8328/2/2 8280/3/2
f 8329/1/2 8280/2/2 8279/3/2
f 8257/1/2 8351/2/2 8350/3/2
f 8330/1/2 8329/2/2 8279/3/2
f 8330/1/2 8279/2/2 8278/3/2
f 8258/1/2 8257/2/2 8350/3/2
f 8258/1/2 8350/2/2 8349/3/2
f 8331/1/2 8330/2/2 8278/3/2
f 8331/1/2 8278/2/2 8277/3/2
f 8259/1/2 8258/2/2 8349/3/2
f 8332/1/2 8331/2/2 8277/3/2
f 8259/1/2 8349/2/2 8348/3/2
f 8332/1/2 8277/2/2 8276/3/2
f 8260/1/2 8259/2/2 8348/3/2
f 8333/1/2 8332/2/2 8276/3/2
f 8260/1/2 8348/2/2 8347/3/2
f 8334/1/2 8333/2/2 8276/3/2
f 8260/1/2 8347/2/2 8346/3/2
f 8334/1/2 8276/2/2 8275/3/2
f 8261/1/2 8260/2/2 8346/3/2
f 8335/1/2 8334/2/2 8275/3/2
f 8261/1/2 8346/2/2 8345/3/2
f 8336/1/2 8335/2/2 8275/3/2
f 8261/1/2 8345/2/2 8344/3/2
f 8336/1/2 8275/2/2 8274/3/2
f 8262/1/2 8261/2/2 8344/3/2
f 8337/1/2 8336/2/2 8274/3/2
f 8262/1/2 8344/2/2 8343/3/2
f 8338/1/2 8337/2/2 8274/3/2
f 8262/1/2 8343/2/2 8342/3/2
f 8338/1/2 8274/2/2 8273/3/2
f 8263/1/2 8262/2/2 8342/3/2
f 8339/1/2 8338/2/2 8273/3/2
f 8263/1/2 8342/2/2 8341/3/2
f 8340/1/2 8339/2/2 8273/3/2
f 8263/1/2 8341/2/2 8340/3/2
f 8263/1/2 8340/2/2 8273/3/2
f 8263/1/2 8273/2/2 8272/3/2
f 8264/1/2 8263/2/2 8272/3/2
f 8264/1/2 8272/2/2 8271/3/2
f 8265/1/2 8264/2/2 8271/3/2
f 8265/1/2 8271/2/2 8270/3/2
f 8266/1/2 8265/2/2 8270/3/2
f 8266/1/2 8270/2/2 8269/3/2
f 8267/1/2 8266/2/2 8269/3/2
f 8267/1/2 8269/2/2 8268/3/2
f 8353/1/2 8352/2/2 8419/3/2
f 8419/1/2 8352/2/2 8418/3/2
f 8419/1/2 8418/2/2 8417/3/2
f 8419/1/2 8417/2/2 8416/3/2
f 8419/1/2 8416/2/2 8415/3/2
f 8419/1/2 8415/2/2 8414/3/2
f 8419/1/2 8414/2/2 8413/3/2
f 8419/1/2 8413/2/2 8412/3/2
f 8419/1/2 8412/2/2 8411/3/2
f 8419/1/2 8411/2/2 8420/3/2
f 8420/1/2 8411/2/2 8410/3/2
f 8353/1/2 8419/2/2 8445/3/2
f 8421/1/2 8420/2/2 8410/3/2
f 8422/1/2 8421/2/2 8410/3/2
f 8423/1/2 8422/2/2 8410/3/2
f 8423/1/2 8410/2/2 8409/3/2
f 8424/1/2 8423/2/2 8409/3/2
f 8425/1/2 8424/2/2 8409/3/2
f 8426/1/2 8425/2/2 8409/3/2
f 8426/1/2 8409/2/2 8408/3/2
f 8427/1/2 8426/2/2 8408/3/2
f 8428/1/2 8427/2/2 8408/3/2
f 8429/1/2 8428/2/2 8408/3/2
f 8429/1/2 8408/2/2 8407/3/2
f 8430/1/2 8429/2/2 8407/3/2
f 8431/1/2 8430/2/2 8407/3/2
f 8431/1/2 8407/2/2 8406/3/2
f 8432/1/2 8431/2/2 8406/3/2
f 8433/1/2 8432/2/2 8406/3/2
f 8433/1/2 8406/2/2 8405/3/2
f 8434/1/2 8433/2/2 8405/3/2
f 8434/1/2 8405/2/2 8404/3/2
f 8435/1/2 8434/2/2 8404/3/2
f 8436/1/2 8435/2/2 8404/3/2
f 8436/1/2 8404/2/2 8403/3/2
f 8437/1/2 8436/2/2 8403/3/2
f 8437/1/2 8403/2/2 8402/3/2
f 8438/1/2 8437/2/2 8402/3/2
f 8438/1/2 8402/2/2 8401/3/2
f 8439/1/2 8438/2/2 8401/3/2
f 8440/1/2 8439/2/2 8401/3/2
f 8440/1/2 8401/2/2 8400/3/2
f 8441/1/2 8440/2/2 8400/3/2
f 8442/1/2 8441/2/2 8400/3/2
f 8442/1/2 8400/2/2 8399/3/2
f 8443/1/2 8442/2/2 8399/3/2
f 8444/1/2 8443/2/2 8399/3/2
f 8353/1/2 8445/2/2 8355/3/2
f 8355/1/2 8445/2/2 8444/3/2
f 8355/1/2 8444/2/2 8399/3/2
f 8355/1/2 8399/2/2 8398/3/2
f 8355/1/2 8398/2/2 8397/3/2
f 8355/1/2 8397/2/2 8396/3/2
f 8355/1/2 8396/2/2 8395/3/2
f 8355/1/2 8395/2/2 8394/3/2
f 8355/1/2 8394/2/2 8393/3/2
f 8355/1/2 8393/2/2 8392/3/2
f 8355/1/2 8392/2/2 8356/3/3
f 8356/1/3 8392/2/2 8357/3/4
f 8357/1/4 8392/2/2 8391/3/2
f 8353/1/2 8355/2/2 8354/3/2
f 8358/1/2 8357/2/4 8391/3/2
f 8359/1/2 8358/2/2 8391/3/2
f 8360/1/2 8359/2/2 8391/3/2
f 8360/1/2 8391/2/2 8390/3/2
f 8361/1/2 8360/2/2 8390/3/2
f 8362/1/2 8361/2/2 8390/3/2
f 8362/1/2 8390/2/2 8389/3/2
f 8363/1/2 8362/2/2 8389/3/2
f 8363/1/2 8389/2/2 8388/3/2
f 8364/1/2 8363/2/2 8388/3/2
f 8364/1/2 8388/2/2 8387/3/2
f 8365/1/2 8364/2/2 8387/3/2
f 8365/1/2 8387/2/2 8386/3/2
f 8366/1/2 8365/2/2 8386/3/2
f 8366/1/2 8386/2/2 8385/3/2
f 8367/1/2 8366/2/2 8385/3/2
f 8367/1/2 8385/2/2 8384/3/2
f 8367/1/2 8384/2/2 8383/3/2
f 8368/1/2 8367/2/2 8383/3/2
f 8368/1/2 8383/2/2 8382/3/2
f 8369/1/2 8368/2/2 8382/3/2
f 8369/1/2 8382/2/2 8381/3/2
f 8369/1/2 8381/2/2 8380/3/2
f 8369/1/2 8380/2/2 8379/3/2
f 8369/1/2 8379/2/2 8378/3/2
f 8369/1/2 8378/2/2 8377/3/2
f 8369/1/2 8377/2/2 8376/3/2
f 8369/1/2 8376/2/2 8375/3/2
f 8369/1/2 8375/2/2 8374/3/2
f 8369/1/2 8374/2/2 8373/3/2
f 8369/1/2 8373/2/2 8372/3/2
f 8369/1/2 8372/2/2 8371/3/2
f 8369/1/2 8371/2/2 8370/3/2
f 8459/1/2 8458/2/2 8457/3/2
f 8459/1/2 8457/2/2 8456/3/2
f 8460/1/2 8459/2/2 8456/3/2
f 8460/1/2 8456/2/2 8455/3/2
f 8461/1/2 8460/2/2 8455/3/2
f 8461/1/2 8455/2/2 8454/3/2
f 8462/1/2 8461/2/2 8454/3/2
f 8463/1/2 8462/2/2 8454/3/2
f 8463/1/2 8454/2/2 8453/3/2
f 8464/1/2 8463/2/2 8453/3/2
f 8464/1/2 8453/2/2 8530/3/2
f 8530/1/2 8453/2/2 8452/3/2
f 8464/1/2 8530/2/2 8529/3/2
f 8531/1/2 8530/2/2 8452/3/2
f 8464/1/2 8529/2/2 8528/3/2
f 8532/1/2 8531/2/2 8452/3/2
f 8465/1/2 8464/2/2 8528/3/2
f 8532/1/2 8452/2/2 8451/3/2
f 8465/1/2 8528/2/2 8527/3/2
f 8533/1/2 8532/2/2 8451/3/2
f 8465/1/2 8527/2/2 8526/3/2
f 8534/1/2 8533/2/2 8451/3/2
f 8465/1/2 8526/2/2 8525/3/2
f 8535/1/2 8534/2/2 8451/3/2
f 8466/1/2 8465/2/2 8525/3/2
f 8535/1/2 8451/2/2 8450/3/2
f 8466/1/2 8525/2/2 8524/3/2
f 8536/1/2 8535/2/2 8450/3/2
f 8466/1/2 8524/2/2 8523/3/2
f 8537/1/2 8536/2/2 8450/3/2
f 8467/1/2 8466/2/2 8523/3/2
f 8537/1/2 8450/2/2 8449/3/2
f 8467/1/2 8523/2/2 8522/3/2
f 8538/1/2 8537/2/2 8449/3/2
f 8468/1/2 8467/2/2 8522/3/2
f 8538/1/2 8449/2/2 8448/3/2
f 8468/1/2 8522/2/2 8521/3/2
f 8539/1/2 8538/2/2 8448/3/2
f 8468/1/2 8521/2/2 8520/3/2
f 8540/1/2 8539/2/2 8448/3/2
f 8469/1/2 8468/2/2 8520/3/2
f 8540/1/2 8448/2/2 8447/3/2
f 8469/1/2 8520/2/2 8519/3/2
f 8541/1/2 8540/2/2 8447/3/2
f 8470/1/2 8469/2/2 8519/3/2
f 8541/1/2 8447/2/2 8446/3/2
f 8470/1/2 8519/2/2 8518/3/2
f 8494/1/2 8541/2/2 8446/3/2
f 8471/1/2 8470/2/2 8518/3/2
f 8471/1/2 8518/2/2 8517/3/2
f 8495/1/2 8494/2/2 8446/3/2
f 8495/1/2 8446/2/2 8493/3/2
f 8471/1/2 8517/2/2 8516/3/2
f 8496/1/2 8495/2/2 8493/3/2
f 8472/1/2 8471/2/2 8516/3/2
f 8496/1/2 8493/2/2 8492/3/2
f 8472/1/2 8516/2/2 8515/3/2
f 8497/1/2 8496/2/2 8492/3/2
f 8473/1/2 8472/2/2 8515/3/2
f 8497/1/2 8492/2/2 8491/3/2
f 8498/1/2 8497/2/2 8491/3/2
f 8473/1/2 8515/2/2 8514/3/2
f 8499/1/2 8498/2/2 8491/3/2
f 8473/1/2 8514/2/2 8513/3/2
f 8474/1/2 8473/2/2 8513/3/2
f 8499/1/2 8491/2/2 8490/3/2
f 8500/1/2 8499/2/2 8490/3/2
f 8474/1/2 8513/2/2 8512/3/2
f 8475/1/2 8474/2/2 8512/3/2
f 8500/1/2 8490/2/2 8489/3/2
f 8501/1/2 8500/2/2 8489/3/2
f 8475/1/2 8512/2/2 8511/3/2
f 8502/1/2 8501/2/2 8489/3/2
f 8475/1/2 8511/2/2 8510/3/2
f 8476/1/2 8475/2/2 8510/3/2
f 8502/1/2 8489/2/2 8488/3/2
f 8503/1/2 8502/2/2 8488/3/2
f 8476/1/2 8510/2/2 8509/3/2
f 8504/1/2 8503/2/2 8488/3/2
f 8476/1/2 8509/2/2 8508/3/2
f 8505/1/2 8504/2/2 8488/3/2
f 8476/1/2 8508/2/2 8507/3/2
f 8477/1/2 8476/2/2 8507/3/2
f 8505/1/2 8488/2/2 8487/3/2
f 8506/1/2 8505/2/2 8487/3/2
f 8477/1/2 8507/2/2 8506/3/2
f 8477/1/2 8506/2/2 8487/3/2
f 8478/1/2 8477/2/2 8487/3/2
f 8478/1/2 8487/2/2 8486/3/2
f 8479/1/2 8478/2/2 8486/3/2
f 8479/1/2 8486/2/2 8485/3/2
f 8480/1/2 8479/2/2 8485/3/2
f 8480/1/2 8485/2/2 8484/3/2
f 8481/1/2 8480/2/2 8484/3/2
f 8481/1/2 8484/2/2 8483/3/2
f 8482/1/2 8481/2/2 8483/3/2
f 8677/1/2 8676/2/2 8675/3/2
f 8678/1/4 8677/2/2 8675/3/2
f 8679/1/2 8678/2/4 8675/3/2
f 8679/1/2 8675/2/2 8674/3/2
f 8680/1/2 8679/2/2 8674/3/2
f 8681/1/2 8680/2/2 8674/3/2
f 8682/1/2 8681/2/2 8674/3/2
f 8682/1/2 8674/2/2 8673/3/2
f 8683/1/2 8682/2/2 8673/3/2
f 8684/1/2 8683/2/2 8673/3/2
f 8685/1/2 8684/2/2 8673/3/2
f 8685/1/2 8673/2/2 8672/3/2
f 8686/1/2 8685/2/2 8672/3/2
f 8687/1/2 8686/2/2 8672/3/2
f 8687/1/2 8672/2/2 8671/3/2
f 8688/1/2 8687/2/2 8671/3/2
f 8542/1/2 8688/2/2 8543/3/2
f 8543/1/2 8688/2/2 8544/3/2
f 8544/1/2 8688/2/2 8545/3/2
f 8545/1/2 8688/2/2 8546/3/2
f 8546/1/2 8688/2/2 8671/3/2
f 8546/1/2 8671/2/2 8547/3/2
f 8547/1/2 8671/2/2 8548/3/2
f 8548/1/2 8671/2/2 8670/3/2
f 8548/1/2 8670/2/2 8549/3/2
f 8549/1/2 8670/2/2 8550/3/2
f 8550/1/2 8670/2/2 8669/3/2
f 8550/1/2 8669/2/2 8551/3/5
f 8551/1/5 8669/2/2 8552/3/2
f 8552/1/2 8669/2/2 8553/3/4
f 8553/1/4 8669/2/2 8668/3/2
f 8553/1/4 8668/2/2 8554/3/2
f 8554/1/2 8668/2/2 8555/3/2
f 8555/1/2 8668/2/2 8667/3/2
f 8556/1/2 8555/2/2 8667/3/2
f 8557/1/2 8556/2/2 8667/3/2
f 8558/1/2 8557/2/2 8667/3/2
f 8558/1/2 8667/2/2 8666/3/2
f 8559/1/2 8558/2/2 8666/3/2
f 8560/1/2 8559/2/2 8666/3/2
f 8561/1/2 8560/2/2 8666/3/2
f 8561/1/2 8666/2/2 8665/3/2
f 8562/1/2 8561/2/2 8665/3/2
f 8563/1/2 8562/2/2 8665/3/2
f 8563/1/2 8665/2/2 8664/3/2
f 8564/1/2 8563/2/2 8664/3/2
f 8565/1/2 8564/2/2 8664/3/2
f 8565/1/2 8664/2/2 8663/3/2
f 8566/1/2 8565/2/2 8663/3/2
f 8567/1/2 8566/2/2 8663/3/2
f 8567/1/2 8663/2/2 8662/3/2
f 8568/1/2 8567/2/2 8662/3/2
f 8568/1/2 8662/2/2 8661/3/2
f 8569/1/2 8568/2/2 8661/3/2
f 8569/1/2 8661/2/2 8660/3/2
f 8570/1/2 8569/2/2 8660/3/2
f 8570/1/2 8660/2/2 8659/3/2
f 8571/1/2 8570/2/2 8659/3/2
f 8571/1/2 8659/2/2 8658/3/2
f 8572/1/2 8571/2/2 8658/3/2
f 8573/1/2 8572/2/2 8658/3/2
f 8573/1/2 8658/2/2 8657/3/2
f 8574/1/2 8573/2/2 8657/3/2
f 8574/1/2 8657/2/2 8656/3/2
f 8575/1/2 8574/2/2 8656/3/2
f 8576/1/2 8575/2/2 8656/3/2
f 8577/1/2 8576/2/2 8656/3/2
f 8577/1/2 8656/2/2 8655/3/2
f 8578/1/2 8577/2/2 8655/3/2
f 8579/1/2 8578/2/2 8655/3/2
f 8579/1/2 8655/2/2 8654/3/2
f 8579/1/2 8654/2/2 8653/3/2
f 8579/1/2 8653/2/2 8652/3/2
f 8579/1/2 8652/2/2 8651/3/2
f 8579/1/2 8651/2/2 8650/3/2
f 8579/1/2 8650/2/2 8649/3/2
f 8579/1/2 8649/2/2 8648/3/2
f 8579/1/2 8648/2/2 8647/3/2
f 8579/1/2 8647/2/2 8580/3/2
f 8580/1/2 8647/2/2 8646/3/2
f 8581/1/4 8580/2/2 8646/3/2
f 8582/1/2 8581/2/4 8646/3/2
f 8583/1/2 8582/2/2 8646/3/2
f 8583/1/2 8646/2/2 8645/3/2
f 8584/1/2 8583/2/2 8645/3/2
f 8585/1/2 8584/2/2 8645/3/2
f 8585/1/2 8645/2/2 8644/3/2
f 8586/1/2 8585/2/2 8644/3/2
f 8586/1/2 8644/2/2 8643/3/2
f 8587/1/2 8586/2/2 8643/3/2
f 8588/1/2 8587/2/2 8643/3/2
f 8588/1/2 8643/2/2 8642/3/2
f 8589/1/2 8588/2/2 8642/3/2
f 8589/1/2 8642/2/2 8641/3/2
f 8590/1/2 8589/2/2 8641/3/2
f 8590/1/2 8641/2/2 8640/3/2
f 8591/1/2 8590/2/2 8640/3/2
f 8591/1/2 8640/2/2 8639/3/2
f 8592/1/2 8591/2/2 8639/3/2
f 8593/1/2 8592/2/2 8639/3/2
f 8593/1/2 8639/2/2 8638/3/2
f 8594/1/2 8593/2/2 8638/3/2
f 8595/1/2 8594/2/2 8638/3/2
f 8595/1/2 8638/2/2 8637/3/2
f 8616/1/2 8615/2/2 8614/3/2
f 8596/1/2 8595/2/2 8637/3/2
f 8616/1/2 8614/2/2 8613/3/2
f 8597/1/2 8596/2/2 8637/3/2
f 8616/1/2 8613/2/2 8612/3/2
f 8597/1/2 8637/2/2 8636/3/2
f 8598/1/2 8597/2/2 8636/3/2
f 8616/1/2 8612/2/2 8611/3/2
f 8616/1/2 8611/2/2 8610/3/2
f 8599/1/2 8598/2/2 8636/3/2
f 8616/1/2 8610/2/2 8609/3/2
f 8600/1/2 8599/2/2 8636/3/2
f 8616/1/2 8609/2/2 8608/3/2
f 8616/1/2 8608/2/2 8607/3/2
f 8601/1/2 8600/2/2 8636/3/2
f 8601/1/2 8636/2/2 8635/3/2
f 8616/1/2 8607/2/2 8606/3/2
f 8602/1/2 8601/2/2 8635/3/2
f 8616/1/2 8606/2/2 8605/3/2
f 8616/1/2 8605/2/2 8604/3/2
f 8603/1/2 8602/2/2 8635/3/2
f 8616/1/2 8604/2/2 8603/3/2
f 8616/1/2 8603/2/2 8635/3/2
f 8616/1/2 8635/2/2 8634/3/2
f 8616/1/2 8634/2/2 8633/3/2
f 8616/1/2 8633/2/2 8632/3/2
f 8617/1/2 8616/2/2 8632/3/2
f 8618/1/2 8617/2/2 8632/3/2
f 8619/1/2 8618/2/2 8632/3/2
f 8619/1/2 8632/2/2 8631/3/2
f 8620/1/2 8619/2/2 8631/3/2
f 8621/1/2 8620/2/2 8631/3/2
f 8621/1/2 8631/2/2 8630/3/2
f 8622/1/2 8621/2/2 8630/3/2
f 8623/1/2 8622/2/2 8630/3/2
f 8624/1/2 8623/2/2 8630/3/2
f 8624/1/2 8630/2/2 8629/3/2
f 8625/1/2 8624/2/2 8629/3/2
f 8626/1/2 8625/2/2 8629/3/2
f 8626/1/2 8629/2/2 8628/3/2
f 8627/1/2 8626/2/2 8628/3/2
f 8702/1/2 8701/2/2 8700/3/2
f 8702/1/2 8700/2/2 8699/3/2
f 8703/1/2 8702/2/2 8699/3/2
f 8703/1/2 8699/2/2 8698/3/2
f 8704/1/2 8703/2/2 8698/3/2
f 8704/1/2 8698/2/2 8697/3/2
f 8705/1/2 8704/2/2 8697/3/2
f 8706/1/2 8705/2/2 8697/3/2
f 8706/1/2 8697/2/2 8696/3/2
f 8707/1/2 8706/2/2 8696/3/2
f 8707/1/2 8696/2/2 8773/3/2
f 8773/1/2 8696/2/2 8695/3/2
f 8707/1/2 8773/2/2 8772/3/2
f 8774/1/2 8773/2/2 8695/3/2
f 8707/1/2 8772/2/2 8771/3/2
f 8775/1/2 8774/2/2 8695/3/2
f 8708/1/2 8707/2/2 8771/3/2
f 8775/1/2 8695/2/2 8694/3/2
f 8708/1/2 8771/2/2 8770/3/2
f 8776/1/2 8775/2/2 8694/3/2
f 8708/1/2 8770/2/2 8769/3/2
f 8777/1/2 8776/2/2 8694/3/2
f 8708/1/2 8769/2/2 8768/3/2
f 8778/1/2 8777/2/2 8694/3/2
f 8709/1/2 8708/2/2 8768/3/2
f 8778/1/2 8694/2/2 8693/3/2
f 8709/1/2 8768/2/2 8767/3/2
f 8779/1/2 8778/2/2 8693/3/2
f 8709/1/2 8767/2/2 8766/3/2
f 8780/1/2 8779/2/2 8693/3/2
f 8710/1/2 8709/2/2 8766/3/2
f 8780/1/2 8693/2/2 8692/3/2
f 8710/1/2 8766/2/2 8765/3/2
f 8781/1/2 8780/2/2 8692/3/2
f 8711/1/2 8710/2/2 8765/3/2
f 8781/1/2 8692/2/2 8691/3/2
f 8711/1/2 8765/2/2 8764/3/2
f 8782/1/2 8781/2/2 8691/3/2
f 8711/1/2 8764/2/2 8763/3/2
f 8783/1/2 8782/2/2 8691/3/2
f 8712/1/2 8711/2/2 8763/3/2
f 8783/1/2 8691/2/2 8690/3/2
f 8712/1/2 8763/2/2 8762/3/2
f 8784/1/2 8783/2/2 8690/3/2
f 8713/1/2 8712/2/2 8762/3/2
f 8784/1/2 8690/2/2 8689/3/2
f 8713/1/2 8762/2/2 8761/3/2
f 8737/1/2 8784/2/2 8689/3/2
f 8714/1/2 8713/2/2 8761/3/2
f 8714/1/2 8761/2/2 8760/3/2
f 8738/1/2 8737/2/2 8689/3/2
f 8738/1/2 8689/2/2 8736/3/2
f 8714/1/2 8760/2/2 8759/3/2
f 8739/1/2 8738/2/2 8736/3/2
f 8715/1/2 8714/2/2 8759/3/2
f 8739/1/2 8736/2/2 8735/3/2
f 8715/1/2 8759/2/2 8758/3/2
f 8740/1/2 8739/2/2 8735/3/2
f 8716/1/2 8715/2/2 8758/3/2
f 8740/1/2 8735/2/2 8734/3/2
f 8741/1/2 8740/2/2 8734/3/2
f 8716/1/2 8758/2/2 8757/3/2
f 8742/1/2 8741/2/2 8734/3/2
f 8716/1/2 8757/2/2 8756/3/2
f 8717/1/2 8716/2/2 8756/3/2
f 8742/1/2 8734/2/2 8733/3/2
f 8743/1/2 8742/2/2 8733/3/2
f 8717/1/2 8756/2/2 8755/3/2
f 8718/1/2 8717/2/2 8755/3/2
f 8743/1/2 8733/2/2 8732/3/2
f 8744/1/2 8743/2/2 8732/3/2
f 8718/1/2 8755/2/2 8754/3/2
f 8745/1/2 8744/2/2 8732/3/2
f 8718/1/2 8754/2/2 8753/3/2
f 8719/1/2 8718/2/2 8753/3/2
f 8745/1/2 8732/2/2 8731/3/2
f 8746/1/2 8745/2/2 8731/3/2
f 8719/1/2 8753/2/2 8752/3/2
f 8747/1/2 8746/2/2 8731/3/2
f 8719/1/2 8752/2/2 8751/3/2
f 8748/1/2 8747/2/2 8731/3/2
f 8719/1/2 8751/2/2 8750/3/2
f 8720/1/2 8719/2/2 8750/3/2
f 8748/1/2 8731/2/2 8730/3/2
f 8749/1/2 8748/2/2 8730/3/2
f 8720/1/2 8750/2/2 8749/3/2
f 8720/1/2 8749/2/2 8730/3/2
f 8721/1/2 8720/2/2 8730/3/2
f 8721/1/2 8730/2/2 8729/3/2
f 8722/1/2 8721/2/2 8729/3/2
f 8722/1/2 8729/2/2 8728/3/2
f 8723/1/2 8722/2/2 8728/3/2
f 8723/1/2 8728/2/2 8727/3/2
f 8724/1/2 8723/2/2 8727/3/2
f 8724/1/2 8727/2/2 8726/3/2
f 8725/1/2 8724/2/2 8726/3/2
f 8090/1/2 8089/2/3 8088/3/2
f 8091/1/2 8090/2/2 8088/3/2
f 8091/1/2 8088/2/2 8087/3/2
f 8092/1/2 8091/2/2 8087/3/2
f 8092/1/2 8087/2/2 8086/3/2
f 8093/1/2 8092/2/2 8086/3/2
f 8093/1/2 8086/2/2 8085/3/2
f 8094/1/2 8093/2/2 8085/3/2
f 8094/1/2 8085/2/2 8084/3/2
f 8095/1/2 8094/2/2 8084/3/2
f 8095/1/2 8084/2/2 8083/3/2
f 8096/1/2 8095/2/2 8083/3/2
f 8096/1/2 8083/2/2 8082/3/2
f 8097/1/2 8096/2/2 8082/3/2
f 8097/1/2 8082/2/2 8185/3/2
f 8185/1/2 8082/2/2 8081/3/2
f 8097/1/2 8185/2/2 8184/3/2
f 8186/1/3 8185/2/2 8081/3/2
f 8097/1/2 8184/2/2 8183/3/2
f 8187/1/2 8186/2/3 8081/3/2
f 8098/1/2 8097/2/2 8183/3/2
f 8098/1/2 8183/2/2 8182/3/2
f 8187/1/2 8081/2/2 8080/3/2
f 8188/1/2 8187/2/2 8080/3/2
f 8098/1/2 8182/2/2 8181/3/2
f 8189/1/2 8188/2/2 8080/3/2
f 8098/1/2 8181/2/2 8180/3/2
f 8190/1/2 8189/2/2 8080/3/2
f 8098/1/2 8180/2/2 8179/3/2
f 8191/1/2 8190/2/2 8080/3/2
f 8099/1/2 8098/2/2 8179/3/2
f 8191/1/2 8080/2/2 8079/3/2
f 8099/1/2 8179/2/2 8178/3/2
f 8192/1/2 8191/2/2 8079/3/2
f 8099/1/2 8178/2/2 8177/3/2
f 8193/1/2 8192/2/2 8079/3/2
f 8099/1/2 8177/2/2 8176/3/2
f 8100/1/2 8099/2/2 8176/3/2
f 8194/1/2 8193/2/2 8079/3/2
f 8194/1/2 8079/2/2 8078/3/2
f 8100/1/2 8176/2/2 8175/3/2
f 8195/1/2 8194/2/2 8078/3/2
f 8100/1/2 8175/2/2 8174/3/2
f 8196/1/2 8195/2/2 8078/3/2
f 8101/1/2 8100/2/2 8174/3/2
f 8196/1/2 8078/2/2 8077/3/2
f 8101/1/2 8174/2/2 8173/3/2
f 8149/1/2 8196/2/2 8077/3/2
f 8101/1/2 8173/2/2 8172/3/2
f 8102/1/2 8101/2/2 8172/3/2
f 8150/1/2 8149/2/2 8077/3/2
f 8150/1/2 8077/2/2 8076/3/2
f 8102/1/2 8172/2/2 8171/3/2
f 8151/1/2 8150/2/2 8076/3/2
f 8103/1/2 8102/2/2 8171/3/2
f 8151/1/2 8076/2/2 8075/3/2
f 8103/1/2 8171/2/2 8170/3/2
f 8152/1/2 8151/2/2 8075/3/2
f 8152/1/2 8075/2/2 8074/3/2
f 8104/1/2 8103/2/2 8170/3/2
f 8104/1/2 8170/2/2 8169/3/2
f 8153/1/2 8152/2/2 8074/3/2
f 8153/1/2 8074/2/2 8073/3/2
f 8105/1/2 8104/2/2 8169/3/2
f 8105/1/2 8169/2/2 8168/3/2
f 8154/1/2 8153/2/2 8073/3/2
f 8154/1/2 8073/2/2 8072/3/2
f 8106/1/2 8105/2/2 8168/3/2
f 8106/1/2 8168/2/2 8167/3/2
f 8155/1/2 8154/2/2 8072/3/2
f 8155/1/2 8072/2/2 8071/3/2
f 8107/1/2 8106/2/2 8167/3/2
f 8107/1/2 8167/2/2 8166/3/2
f 8156/1/2 8155/2/2 8071/3/2
f 8156/1/2 8071/2/2 8070/3/2
f 8107/1/2 8166/2/2 8165/3/2
f 8157/1/2 8156/2/2 8070/3/2
f 8108/1/2 8107/2/2 8165/3/2
f 8108/1/2 8165/2/2 8164/3/2
f 8158/1/2 8157/2/2 8070/3/2
f 8158/1/2 8070/2/2 8069/3/2
f 8109/1/2 8108/2/2 8164/3/2
f 8109/1/2 8164/2/2 8163/3/2
f 8159/1/2 8158/2/2 8069/3/2
f 8109/1/2 8163/2/2 8162/3/2
f 8160/1/3 8159/2/2 8069/3/2
f 8109/1/2 8162/2/2 8161/3/2
f 8161/1/2 8160/2/3 8069/3/2
f 8109/1/2 8161/2/2 8069/3/2
f 8109/1/2 8069/2/2 8068/3/2
f 8110/1/2 8109/2/2 8068/3/2
f 8110/1/2 8068/2/2 8067/3/2
f 8111/1/2 8110/2/2 8067/3/2
f 8111/1/2 8067/2/2 8066/3/2
f 8112/1/2 8111/2/2 8066/3/2
f 8112/1/2 8066/2/2 8065/3/2
f 8113/1/2 8112/2/2 8065/3/2
f 8114/1/2 8113/2/2 8065/3/2
f 8114/1/2 8065/2/2 8064/3/2
f 8114/1/2 8064/2/2 8063/3/2
f 8115/1/2 8114/2/2 8063/3/2
f 8115/1/2 8063/2/2 8062/3/2
f 8116/1/2 8115/2/2 8062/3/2
f 8116/1/2 8062/2/2 8061/3/2
f 8117/1/2 8116/2/2 8061/3/2
f 8117/1/2 8061/2/2 8233/3/2
f 8233/1/2 8061/2/2 8060/3/2
f 8118/1/2 8117/2/2 8233/3/2
f 8118/1/2 8233/2/2 8232/3/6
f 8234/1/2 8233/2/2 8060/3/2
f 8118/1/2 8232/2/6 8231/3/2
f 8235/1/2 8234/2/2 8060/3/2
f 8118/1/2 8231/2/2 8230/3/2
f 8236/1/2 8235/2/2 8060/3/2
f 8236/1/2 8060/2/2 8059/3/2
f 8119/1/2 8118/2/2 8230/3/2
f 8119/1/2 8230/2/2 8229/3/2
f 8237/1/2 8236/2/2 8059/3/2
f 8119/1/2 8229/2/2 8228/3/2
f 8238/1/2 8237/2/2 8059/3/2
f 8238/1/2 8059/2/2 8058/3/2
f 8120/1/2 8119/2/2 8228/3/2
f 8120/1/2 8228/2/2 8227/3/2
f 8239/1/2 8238/2/2 8058/3/2
f 8120/1/2 8227/2/2 8226/3/2
f 8240/1/2 8239/2/2 8058/3/2
f 8121/1/2 8120/2/2 8226/3/2
f 8240/1/2 8058/2/2 8057/3/2
f 8121/1/2 8226/2/2 8225/3/2
f 8241/1/2 8240/2/2 8057/3/2
f 8122/1/2 8121/2/2 8225/3/2
f 8241/1/2 8057/2/2 8056/3/2
f 8122/1/2 8225/2/2 8224/3/2
f 8242/1/2 8241/2/2 8056/3/2
f 8122/1/2 8224/2/2 8223/3/2
f 8123/1/2 8122/2/2 8223/3/2
f 8243/1/2 8242/2/2 8056/3/2
f 8243/1/2 8056/2/2 8055/3/2
f 8123/1/2 8223/2/2 8222/3/2
f 8244/1/2 8243/2/2 8055/3/2
f 8124/1/2 8123/2/2 8222/3/2
f 8244/1/2 8055/2/2 8054/3/2
f 8124/1/2 8222/2/2 8221/3/2
f 8197/1/2 8244/2/2 8054/3/2
f 8125/1/2 8124/2/2 8221/3/2
f 8197/1/2 8054/2/2 8053/3/2
f 8125/1/2 8221/2/2 8220/3/2
f 8198/1/2 8197/2/2 8053/3/2
f 8126/1/2 8125/2/2 8220/3/2
f 8198/1/2 8053/2/2 8148/3/2
f 8199/1/2 8198/2/2 8148/3/2
f 8126/1/2 8220/2/2 8219/3/2
f 8200/1/2 8199/2/2 8148/3/2
f 8126/1/2 8219/2/2 8218/3/2
f 8127/1/2 8126/2/2 8218/3/2
f 8200/1/2 8148/2/2 8147/3/2
f 8201/1/2 8200/2/2 8147/3/2
f 8127/1/2 8218/2/2 8217/3/2
f 8202/1/2 8201/2/2 8147/3/2
f 8127/1/2 8217/2/2 8216/3/2
f 8128/1/2 8127/2/2 8216/3/2
f 8202/1/2 8147/2/2 8146/3/2
f 8203/1/2 8202/2/2 8146/3/2
f 8128/1/2 8216/2/2 8215/3/2
f 8204/1/2 8203/2/2 8146/3/2
f 8128/1/2 8215/2/2 8214/3/2
f 8129/1/2 8128/2/2 8214/3/2
f 8204/1/2 8146/2/2 8145/3/2
f 8205/1/2 8204/2/2 8145/3/2
f 8129/1/2 8214/2/2 8213/3/2
f 8206/1/2 8205/2/2 8145/3/2
f 8129/1/2 8213/2/2 8212/3/2
f 8207/1/2 8206/2/2 8145/3/2
f 8129/1/2 8212/2/2 8211/3/2
f 8208/1/2 8207/2/2 8145/3/2
f 8129/1/2 8211/2/2 8210/3/2
f 8130/1/2 8129/2/2 8210/3/2
f 8208/1/2 8145/2/2 8144/3/2
f 8209/1/2 8208/2/2 8144/3/2
f 8130/1/2 8210/2/2 8209/3/2
f 8130/1/2 8209/2/2 8144/3/2
f 8131/1/2 8130/2/2 8144/3/2
f 8131/1/2 8144/2/2 8143/3/2
f 8132/1/2 8131/2/2 8143/3/2
f 8132/1/2 8143/2/2 8142/3/2
f 8133/1/2 8132/2/2 8142/3/2
f 8133/1/2 8142/2/2 8141/3/2
f 8134/1/2 8133/2/2 8141/3/2
f 8134/1/2 8141/2/2 8140/3/2
f 8135/1/2 8134/2/2 8140/3/2
f 8135/1/2 8140/2/2 8139/3/2
f 8136/1/2 8135/2/2 8139/3/2
f 8136/1/2 8139/2/2 8138/3/2
f 8137/1/3 8136/2/2 8138/3/2
f 7343/1/7 8075/2/7 8076/3/8 7344/4/8
f 7864/1/9 8596/2/9 8597/3/10 7865/4/10
f 7450/1/11 8182/2/11 8183/3/12 7451/4/12
f 7377/1/13 8109/2/13 8110/3/14 7378/4/14
f 7955/1/15 8687/2/15 8688/3/16 7956/4/16
f 7600/1/17 8332/2/17 8333/3/18 7601/4/18
f 7964/1/19 8696/2/19 8697/3/20 7965/4/20
f 7457/1/21 8189/2/21 8190/3/22 7458/4/22
f 7869/1/23 8601/2/23 8602/3/24 7870/4/24
f 7878/1/25 8610/2/25 8611/3/26 7879/4/26
f 8042/1/27 8774/2/27 8775/3/28 8043/4/28
f 7714/1/29 8446/2/29 8447/3/30 7715/4/30
f 7698/1/31 8430/2/31 8431/3/32 7699/4/32
f 7623/1/33 8355/2/33 8356/3/34 7624/4/34
f 7787/1/35 8519/2/35 8520/3/36 7788/4/36
f 7971/1/37 8703/2/37 8704/3/38 7972/4/38
f 7359/1/39 8091/2/39 8092/3/40 7360/4/40
f 7368/1/41 8100/2/41 8101/3/42 7369/4/42
f 7532/1/43 8264/2/43 8265/3/44 7533/4/44
f 7555/1/45 8287/2/45 8288/3/46 7556/4/46
f 7616/1/47 8348/2/47 8349/3/48 7617/4/48
f 7721/1/19 8453/2/19 8454/3/20 7722/4/20
f 7812/1/49 8544/2/49 8545/3/50 7813/4/50
f 7473/1/51 8205/2/51 8206/3/52 7474/4/52
f 7621/1/33 8353/2/33 8354/3/33 7622/4/33
f 7466/1/53 8198/2/53 8199/3/54 7467/4/54
f 7339/1/55 8071/2/55 8072/3/56 7340/4/56
f 7730/1/57 8462/2/57 8463/3/58 7731/4/58
f 7885/1/59 8617/2/59 8618/3/60 7886/4/60
f 7980/1/61 8712/2/61 8713/3/62 7981/4/62
f 7987/1/63 8719/2/63 8720/3/64 7988/4/64
f 7375/1/65 8107/2/65 8108/3/66 7376/4/66
f 8025/1/67 8757/2/67 8758/3/68 8026/4/68
f 7501/1/69 8233/2/69 8234/3/70 7502/4/70
f 7391/1/71 8123/2/71 8124/3/72 7392/4/72
f 7632/1/73 8364/2/73 8365/3/74 7633/4/74
f 7894/1/75 8626/2/75 8627/3/76 7895/4/76
f 7803/1/77 8535/2/77 8536/3/78 7804/4/78
f 7880/1/79 8612/2/79 8613/3/80 7881/4/80
f 7639/1/81 8371/2/81 8372/3/82 7640/4/82
f 7548/1/29 8280/2/29 8281/3/83 7549/4/83
f 7489/1/84 8221/2/84 8222/3/85 7490/4/85
f 7901/1/86 8633/2/86 8634/3/87 7902/4/87
f 8048/1/88 8780/2/88 8781/3/89 8049/4/89
f 8015/1/90 8747/2/90 8748/3/91 8016/4/91
f 7842/1/92 8574/2/92 8575/3/93 7843/4/93
f 7746/1/94 8478/2/94 8479/3/95 7747/4/95
f 7819/1/96 8551/2/96 8552/3/97 7820/4/97
f 7587/1/98 8319/2/98 8320/3/99 7588/4/99
f 8003/1/100 8735/2/100 8736/3/101 8004/4/101
f 7910/1/102 8642/2/102 8643/3/103 7911/4/103
f 7564/1/104 8296/2/104 8297/3/105 7565/4/105
f 7737/1/61 8469/2/61 8470/3/62 7738/4/62
f 7332/1/106 8064/2/106 8065/3/107 7333/4/107
f 7648/1/108 8380/2/108 8381/3/109 7649/4/109
f 7655/1/110 8387/2/110 8388/3/111 7656/4/111
f 7477/1/112 8209/2/112 8210/3/113 7478/4/113
f 7637/1/33 8369/2/33 8370/3/33 7638/4/33
f 7482/1/114 8214/2/114 8215/3/115 7483/4/115
f 7858/1/116 8590/2/116 8591/3/117 7859/4/117
f 7400/1/118 8132/2/118 8133/3/119 7401/4/119
f 7949/1/120 8681/2/120 8682/3/121 7950/4/121
f 7996/1/122 8728/2/122 8729/3/123 7997/4/123
f 7603/1/124 8335/2/124 8336/3/125 7604/4/125
f 7353/1/126 8085/2/126 8086/3/127 7354/4/127
f 7348/1/128 8080/2/128 8081/3/129 7349/4/129
f 7753/1/122 8485/2/122 8486/3/123 7754/4/123
f 7874/1/130 8606/2/130 8607/3/131 7875/4/131
f 7917/1/132 8649/2/132 8650/3/133 7918/4/133
f 7364/1/134 8096/2/134 8097/3/135 7365/4/135
f 7761/1/101 8493/2/101 8446/3/29 7714/4/29
f 7407/1/136 8139/2/136 8140/3/137 7408/4/137
f 7664/1/138 8396/2/138 8397/3/139 7665/4/139
f 8012/1/140 8744/2/140 8745/3/141 8013/4/141
f 7890/1/142 8622/2/142 8623/3/143 7891/4/143
f 7762/1/62 8494/2/62 8495/3/144 7763/4/144
f 7635/1/145 8367/2/145 8368/3/146 7636/4/146
f 7769/1/140 8501/2/140 8502/3/141 7770/4/141
f 7380/1/147 8112/2/147 8113/3/148 7381/4/148
f 7341/1/149 8073/2/149 8074/3/150 7342/4/150
f 7514/1/151 8246/2/151 8247/3/151 7515/4/151
f 7956/1/62 8688/2/62 8542/3/62 7810/4/62
f 7926/1/152 8658/2/152 8659/3/153 7927/4/153
f 7598/1/154 8330/2/154 8331/3/155 7599/4/155
f 7521/1/156 8253/2/156 8254/3/156 7522/4/156
f 7933/1/157 8665/2/157 8666/3/158 7934/4/158
f 7671/1/159 8403/2/159 8404/3/160 7672/4/160
f 7855/1/161 8587/2/161 8588/3/162 7856/4/162
f 8028/1/163 8760/2/163 8761/3/29 8029/4/29
f 7401/1/119 8133/2/119 8134/3/164 7402/4/164
f 8035/1/165 8767/2/165 8768/3/166 8036/4/166
f 7680/1/167 8412/2/167 8413/3/168 7681/4/168
f 7653/1/169 8385/2/169 8386/3/170 7654/4/170
f 8050/1/171 8782/2/171 8783/3/172 8051/4/172
f 7942/1/173 8674/2/173 8675/3/174 7943/4/174
f 7382/1/175 8114/2/175 8115/3/176 7383/4/176
f 7398/1/177 8130/2/177 8131/3/178 7399/4/178
f 7922/1/179 8654/2/179 8655/3/180 7923/4/180
f 7537/1/181 8269/2/181 8270/3/182 7538/4/182
f 7687/1/33 8419/2/33 8420/3/183 7688/4/183
f 7357/1/184 8089/2/184 8090/3/185 7358/4/185
f 7912/1/186 8644/2/186 8645/3/187 7913/4/187
f 7667/1/188 8399/2/188 8400/3/189 7668/4/189
f 7794/1/190 8526/2/190 8527/3/191 7795/4/191
f 7432/1/192 8164/2/192 8165/3/193 7433/4/193
f 7614/1/194 8346/2/194 8347/3/195 7615/4/195
f 8051/1/172 8783/2/172 8784/3/196 8052/4/196
f 8039/1/197 8771/2/197 8772/3/198 8040/4/198
f 7871/1/199 8603/2/199 8604/3/200 7872/4/200
f 7785/1/163 8517/2/163 8518/3/29 7786/4/29
f 7896/1/201 8628/2/201 8629/3/202 7897/4/202
f 7905/1/203 8637/2/203 8638/3/204 7906/4/204
f 7530/1/205 8262/2/205 8263/3/206 7531/4/206
f 7553/1/207 8285/2/207 8286/3/208 7554/4/208
f 7439/1/209 8171/2/209 8172/3/210 7440/4/210
f 7938/1/211 8670/2/211 8671/3/212 7939/4/212
f 7810/1/213 8542/2/213 8543/3/214 7811/4/214
f 7696/1/215 8428/2/215 8429/3/216 7697/4/216
f 7373/1/217 8105/2/217 8106/3/218 7374/4/218
f 8044/1/219 8776/2/219 8777/3/220 8045/4/220
f 7683/1/221 8415/2/221 8416/3/222 7684/4/222
f 7569/1/223 8301/2/223 8302/3/224 7570/4/224
f 7630/1/225 8362/2/225 8363/3/226 7631/4/226
f 7669/1/227 8401/2/227 8402/3/228 7670/4/228
f 7428/1/229 8160/2/229 8161/3/230 7429/4/230
f 7826/1/231 8558/2/231 8559/3/232 7827/4/232
f 7887/1/233 8619/2/233 8620/3/234 7888/4/234
f 7414/1/235 8146/2/235 8147/3/236 7415/4/236
f 7416/1/237 8148/2/237 8053/3/238 7321/4/238
f 7867/1/239 8599/2/239 8600/3/240 7868/4/240
f 7965/1/20 8697/2/20 8698/3/241 7966/4/241
f 7325/1/242 8057/2/242 8058/3/243 7326/4/243
f 7928/1/244 8660/2/244 8661/3/245 7929/4/245
f 7801/1/219 8533/2/219 8534/3/220 7802/4/220
f 7954/1/246 8686/2/246 8687/3/15 7955/4/15
f 7455/1/247 8187/2/247 8188/3/248 7456/4/248
f 7958/1/30 8690/2/30 8691/3/249 7959/4/249
f 7546/1/250 8278/2/250 8279/3/251 7547/4/251
f 7699/1/32 8431/2/32 8432/3/252 7700/4/252
f 7712/1/253 8444/2/253 8445/3/151 7713/4/151
f 7703/1/254 8435/2/254 8436/3/255 7704/4/255
f 7444/1/256 8176/2/256 8177/3/257 7445/4/257
f 7585/1/258 8317/2/258 8318/3/259 7586/4/259
f 7839/1/260 8571/2/260 8572/3/261 7840/4/261
f 7817/1/262 8549/2/262 8550/3/263 7818/4/263
f 7389/1/264 8121/2/264 8122/3/265 7390/4/265
f 7685/1/266 8417/2/266 8418/3/267 7686/4/267
f 7562/1/268 8294/2/268 8295/3/269 7563/4/269
f 7646/1/270 8378/2/270 8379/3/271 7647/4/271
f 7833/1/272 8565/2/272 8566/3/273 7834/4/273
f 7430/1/274 8162/2/274 8163/3/275 7431/4/275
f 7713/1/29 8445/2/29 8419/3/29 7687/4/29
f 7903/1/276 8635/2/276 8636/3/277 7904/4/277
f 7944/1/278 8676/2/278 8677/3/279 7945/4/279
f 7323/1/280 8055/2/280 8056/3/281 7324/4/281
f 7601/1/18 8333/2/18 8334/3/282 7602/4/282
f 7981/1/62 8713/2/62 8714/3/283 7982/4/283
f 7349/1/129 8081/2/129 8082/3/284 7350/4/284
f 7580/1/285 8312/2/285 8313/3/286 7581/4/286
f 7346/1/287 8078/2/287 8079/3/288 7347/4/288
f 7471/1/289 8203/2/289 8204/3/290 7472/4/290
f 7974/1/58 8706/2/58 8707/3/291 7975/4/291
f 7330/1/292 8062/2/292 8063/3/293 7331/4/293
f 7849/1/294 8581/2/294 8582/3/295 7850/4/295
f 7970/1/296 8702/2/296 8703/3/37 7971/4/37
f 7860/1/297 8592/2/297 8593/3/298 7861/4/298
f 7728/1/37 8460/2/37 8461/3/38 7729/4/38
f 7719/1/299 8451/2/299 8452/3/300 7720/4/300
f 7701/1/301 8433/2/301 8434/3/302 7702/4/302
f 7715/1/30 8447/2/30 8448/3/249 7716/4/249
f 7902/1/87 8634/2/87 8635/3/276 7903/4/276
f 7460/1/303 8192/2/303 8193/3/304 7461/4/304
f 7402/1/164 8134/2/164 8135/3/305 7403/4/305
f 7405/1/306 8137/2/306 8138/3/202 7406/4/202
f 7596/1/307 8328/2/307 8329/3/308 7597/4/308
f 7986/1/309 8718/2/309 8719/3/63 7987/4/63
f 7935/1/310 8667/2/310 8668/3/311 7936/4/311
f 7997/1/123 8729/2/123 8730/3/312 7998/4/312
f 7662/1/313 8394/2/313 8395/3/314 7663/4/314
f 7960/1/315 8692/2/315 8693/3/316 7961/4/316
f 7865/1/10 8597/2/10 8598/3/317 7866/4/317
f 7731/1/58 8463/2/58 8464/3/291 7732/4/291
f 7617/1/48 8349/2/48 8350/3/318 7618/4/318
f 7487/1/319 8219/2/319 8220/3/320 7488/4/320
f 7990/1/95 8722/2/95 8723/3/321 7991/4/321
f 7919/1/322 8651/2/322 8652/3/323 7920/4/323
f 7355/1/324 8087/2/324 8088/3/325 7356/4/325
f 7476/1/326 8208/2/326 8209/3/112 7477/4/112
f 7362/1/327 8094/2/327 8095/3/328 7363/4/328
f 7744/1/63 8476/2/63 8477/3/64 7745/4/64
f 7735/1/329 8467/2/329 8468/3/330 7736/4/330
f 7612/1/331 8344/2/331 8345/3/332 7613/4/332
f 7876/1/333 8608/2/333 8609/3/334 7877/4/334
f 7480/1/335 8212/2/335 8213/3/336 7481/4/336
f 7633/1/74 8365/2/74 8366/3/337 7634/4/337
f 8013/1/141 8745/2/141 8746/3/338 8014/4/338
f 7421/1/339 8153/2/339 8154/3/340 7422/4/340
f 7844/1/341 8576/2/341 8577/3/342 7845/4/342
f 7881/1/80 8613/2/80 8614/3/343 7882/4/343
f 7378/1/14 8110/2/14 8111/3/344 7379/4/344
f 7503/1/345 8235/2/345 8236/3/346 7504/4/346
f 8006/1/144 8738/2/144 8739/3/347 8007/4/347
f 7678/1/348 8410/2/348 8411/3/349 7679/4/349
f 7412/1/350 8144/2/350 8145/3/351 7413/4/351
f 7892/1/352 8624/2/352 8625/3/353 7893/4/353
f 7760/1/100 8492/2/100 8493/3/101 7761/4/101
f 7751/1/354 8483/2/354 8484/3/355 7752/4/355
f 7717/1/315 8449/2/315 8450/3/316 7718/4/316
f 7628/1/356 8360/2/356 8361/3/357 7629/4/357
f 8002/1/358 8734/2/358 8735/3/100 8003/4/100
f 7496/1/359 8228/2/359 8229/3/360 7497/4/360
f 7462/1/361 8194/2/361 8195/3/362 7463/4/362
f 7993/1/33 8725/2/33 8726/3/354 7994/4/354
f 7747/1/95 8479/2/95 8480/3/321 7748/4/321
f 7976/1/363 8708/2/363 8709/3/364 7977/4/364
f 7897/1/202 8629/2/202 8630/3/365 7898/4/365
f 7492/1/366 8224/2/366 8225/3/367 7493/4/367
f 7387/1/368 8119/2/368 8120/3/369 7388/4/369
f 7868/1/240 8600/2/240 8601/3/23 7869/4/23
f 8052/1/196 8784/2/196 8737/3/62 8005/4/62
f 7644/1/370 8376/2/370 8377/3/371 7645/4/371
f 7321/1/238 8053/2/238 8054/3/372 7322/4/372
f 7443/1/373 8175/2/373 8176/3/256 7444/4/256
f 7828/1/374 8560/2/374 8561/3/375 7829/4/375
f 7767/1/376 8499/2/376 8500/3/377 7768/4/377
f 7578/1/378 8310/2/378 8311/3/379 7579/4/379
f 7649/1/109 8381/2/109 8382/3/380 7650/4/380
f 8038/1/191 8770/2/191 8771/3/197 8039/4/197
f 7907/1/381 8639/2/381 8640/3/382 7908/4/382
f 7835/1/383 8567/2/383 8568/3/384 7836/4/384
f 7783/1/68 8515/2/68 8516/3/385 7784/4/385
f 7763/1/144 8495/2/144 8496/3/347 7764/4/347
f 7337/1/386 8069/2/386 8070/3/387 7338/4/387
f 7908/1/382 8640/2/382 8641/3/388 7909/4/388
f 7519/1/33 8251/2/33 8252/3/33 7520/4/33
f 7528/1/389 8260/2/389 8261/3/390 7529/4/390
f 7437/1/391 8169/2/391 8170/3/392 7438/4/392
f 7733/1/363 8465/2/363 8466/3/364 7734/4/364
f 7594/1/393 8326/2/393 8327/3/394 7595/4/394
f 7694/1/395 8426/2/395 8427/3/396 7695/4/396
f 7478/1/113 8210/2/113 8211/3/397 7479/4/397
f 7403/1/305 8135/2/305 8136/3/398 7404/4/398
f 7851/1/399 8583/2/399 8584/3/400 7852/4/400
f 7951/1/401 8683/2/401 8684/3/402 7952/4/402
f 7992/1/403 8724/2/403 8725/3/33 7993/4/33
f 7660/1/404 8392/2/404 8393/3/405 7661/4/405
f 7453/1/406 8185/2/406 8186/3/407 7454/4/407
f 7827/1/232 8559/2/232 8560/3/374 7828/4/374
f 7710/1/408 8442/2/408 8443/3/409 7711/4/409
f 8034/1/410 8766/2/410 8767/3/165 8035/4/165
f 7776/1/411 8508/2/411 8509/3/412 7777/4/412
f 7665/1/139 8397/2/139 8398/3/413 7666/4/413
f 7967/1/414 8699/2/414 8700/3/415 7968/4/415
f 7929/1/245 8661/2/245 8662/3/416 7930/4/416
f 7779/1/417 8511/2/417 8512/3/418 7780/4/418
f 7410/1/419 8142/2/419 8143/3/420 7411/4/420
f 7799/1/27 8531/2/27 8532/3/28 7800/4/28
f 7524/1/273 8256/2/273 8257/3/421 7525/4/421
f 8045/1/220 8777/2/220 8778/3/77 8046/4/77
f 7544/1/422 8276/2/422 8277/3/423 7545/4/423
f 7749/1/403 8481/2/403 8482/3/33 7750/4/33
f 7924/1/424 8656/2/424 8657/3/425 7925/4/425
f 7535/1/426 8267/2/426 8268/3/427 7536/4/427
f 7469/1/428 8201/2/428 8202/3/429 7470/4/429
f 7676/1/430 8408/2/430 8409/3/431 7677/4/431
f 7726/1/151 8458/2/151 8459/3/296 7727/4/296
f 7795/1/191 8527/2/191 8528/3/197 7796/4/197
f 7681/1/168 8413/2/168 8414/3/432 7682/4/432
f 7551/1/433 8283/2/433 8284/3/434 7552/4/434
f 7815/1/435 8547/2/435 8548/3/436 7816/4/436
f 7983/1/437 8715/2/437 8716/3/438 7984/4/438
f 8008/1/439 8740/2/439 8741/3/440 8009/4/440
f 7540/1/441 8272/2/441 8273/3/442 7541/4/442
f 7426/1/443 8158/2/443 8159/3/444 7427/4/444
f 7808/1/172 8540/2/172 8541/3/196 7809/4/196
f 7560/1/445 8292/2/445 8293/3/446 7561/4/446
f 7765/1/439 8497/2/439 8498/3/440 7766/4/440
f 7369/1/42 8101/2/42 8102/3/447 7370/4/447
f 7940/1/448 8672/2/448 8673/3/449 7941/4/449
f 7422/1/340 8154/2/340 8155/3/450 7423/4/450
f 7340/1/56 8072/2/56 8073/3/149 7341/4/149
f 7485/1/451 8217/2/451 8218/3/452 7486/4/452
f 7510/1/453 8242/2/453 8243/3/454 7511/4/454
f 7945/1/279 8677/2/279 8678/3/455 7946/4/455
f 7626/1/456 8358/2/456 8359/3/457 7627/4/457
f 7831/1/458 8563/2/458 8564/3/459 7832/4/459
f 7742/1/460 8474/2/460 8475/3/309 7743/4/309
f 8024/1/461 8756/2/461 8757/3/67 8025/4/67
f 7435/1/462 8167/2/462 8168/3/463 7436/4/463
f 7883/1/62 8615/2/62 8616/3/62 7884/4/62
f 7567/1/464 8299/2/464 8300/3/465 7568/4/465
f 7999/1/466 8731/2/466 8732/3/467 8000/4/467
f 7692/1/468 8424/2/468 8425/3/469 7693/4/469
f 7824/1/470 8556/2/470 8557/3/471 7825/4/471
f 7811/1/214 8543/2/214 8544/3/49 7812/4/49
f 7781/1/461 8513/2/461 8514/3/67 7782/4/67
f 7556/1/46 8288/2/46 8289/3/472 7557/4/472
f 7385/1/473 8117/2/473 8118/3/474 7386/4/474
f 7697/1/216 8429/2/216 8430/3/31 7698/4/31
f 8022/1/417 8754/2/417 8755/3/418 8023/4/418
f 7526/1/475 8258/2/475 8259/3/476 7527/4/476
f 7642/1/477 8374/2/477 8375/3/478 7643/4/478
f 8040/1/198 8772/2/198 8773/3/33 8041/4/33
f 7899/1/479 8631/2/479 8632/3/480 7900/4/480
f 7838/1/481 8570/2/481 8571/3/260 7839/4/260
f 7758/1/482 8490/2/482 8491/3/358 7759/4/358
f 7350/1/284 8082/2/284 8083/3/483 7351/4/483
f 7583/1/484 8315/2/484 8316/3/485 7584/4/485
f 7930/1/416 8662/2/416 8663/3/486 7931/4/486
f 7961/1/316 8693/2/316 8694/3/299 7962/4/299
f 7463/1/362 8195/2/362 8196/3/487 7464/4/487
f 7458/1/22 8190/2/22 8191/3/488 7459/4/488
f 7328/1/489 8060/2/489 8061/3/490 7329/4/490
f 7451/1/12 8183/2/12 8184/3/491 7452/4/491
f 7571/1/492 8303/2/492 8256/3/273 7524/4/273
f 7972/1/38 8704/2/38 8705/3/57 7973/4/57
f 7708/1/493 8440/2/493 8441/3/494 7709/4/494
f 7915/1/495 8647/2/495 8648/3/496 7916/4/496
f 7854/1/497 8586/2/497 8587/3/161 7855/4/161
f 7504/1/346 8236/2/346 8237/3/498 7505/4/498
f 7599/1/155 8331/2/155 8332/3/17 7600/4/17
f 7797/1/198 8529/2/198 8530/3/33 7798/4/33
f 7977/1/364 8709/2/364 8710/3/329 7978/4/329
f 7333/1/499 8065/2/499 8066/3/442 7334/4/442
f 7729/1/38 8461/2/38 8462/3/57 7730/4/57
f 7344/1/8 8076/2/8 8077/3/500 7345/4/500
f 7542/1/501 8274/2/501 8275/3/502 7543/4/502
f 7467/1/54 8199/2/54 8200/3/503 7468/4/503
f 7590/1/504 8322/2/504 8323/3/505 7591/4/505
f 7506/1/506 8238/2/506 8239/3/507 7507/4/507
f 7474/1/52 8206/2/52 8207/3/508 7475/4/508
f 7517/1/151 8249/2/151 8250/3/151 7518/4/151
f 7724/1/414 8456/2/414 8457/3/415 7725/4/415
f 7847/1/509 8579/2/509 8580/3/510 7848/4/510
f 7988/1/64 8720/2/64 8721/3/94 7989/4/94
f 7870/1/24 8602/2/24 8603/3/199 7871/4/199
f 7674/1/511 8406/2/511 8407/3/512 7675/4/512
f 7615/1/195 8347/2/195 8348/3/47 7616/4/47
f 8031/1/36 8763/2/36 8764/3/513 8032/4/513
f 7931/1/486 8663/2/486 8664/3/514 7932/4/514
f 7360/1/40 8092/2/40 8093/3/515 7361/4/515
f 7813/1/50 8545/2/50 8546/3/516 7814/4/516
f 7786/1/29 8518/2/29 8519/3/35 7787/4/35
f 7886/1/60 8618/2/60 8619/3/233 7887/4/233
f 7558/1/517 8290/2/517 8291/3/518 7559/4/518
f 7483/1/115 8215/2/115 8216/3/519 7484/4/519
f 7606/1/520 8338/2/520 8339/3/521 7607/4/521
f 7745/1/64 8477/2/64 8478/3/94 7746/4/94
f 7631/1/226 8363/2/226 8364/3/73 7632/4/73
f 7533/1/44 8265/2/44 8266/3/522 7534/4/522
f 7740/1/437 8472/2/437 8473/3/438 7741/4/438
f 7863/1/523 8595/2/523 8596/3/9 7864/4/9
f 7490/1/85 8222/2/85 8223/3/524 7491/4/524
f 7376/1/66 8108/2/66 8109/3/13 7377/4/13
f 7790/1/525 8522/2/525 8523/3/410 7791/4/410
f 8047/1/78 8779/2/78 8780/3/88 8048/4/88
f 7829/1/375 8561/2/375 8562/3/526 7830/4/526
f 7610/1/527 8342/2/527 8343/3/528 7611/4/528
f 7574/1/529 8306/2/529 8307/3/530 7575/4/530
f 7433/1/193 8165/2/193 8166/3/531 7434/4/531
f 7576/1/532 8308/2/532 8309/3/533 7577/4/533
f 8009/1/440 8741/2/440 8742/3/376 8010/4/376
f 7365/1/135 8097/2/135 8098/3/534 7366/4/534
f 7690/1/535 8422/2/535 8423/3/536 7691/4/536
f 7436/1/463 8168/2/463 8169/3/391 7437/4/391
f 7329/1/490 8061/2/490 8062/3/292 7330/4/292
f 7499/1/537 8231/2/537 8232/3/538 7500/4/538
f 7622/1/29 8354/2/29 8355/3/29 7623/4/29
f 7647/1/271 8379/2/271 8380/3/108 7648/4/108
f 7549/1/83 8281/2/83 8282/3/539 7550/4/539
f 7498/1/540 8230/2/540 8231/3/537 7499/4/537
f 7756/1/466 8488/2/466 8489/3/467 7757/4/467
f 7879/1/26 8611/2/26 8612/3/79 7880/4/79
f 7392/1/72 8124/2/72 8125/3/541 7393/4/541
f 7806/1/89 8538/2/89 8539/3/171 7807/4/171
f 7845/1/342 8577/2/342 8578/3/542 7846/4/542
f 7417/1/543 8149/2/543 8150/3/544 7418/4/544
f 7335/1/545 8067/2/545 8068/3/546 7336/4/546
f 7592/1/547 8324/2/547 8325/3/548 7593/4/548
f 7889/1/549 8621/2/549 8622/3/142 7890/4/142
f 7381/1/550 8113/2/550 8114/3/175 7382/4/175
f 7918/1/133 8650/2/133 8651/3/322 7919/4/322
f 7638/1/551 8370/2/551 8371/3/81 7639/4/81
f 8020/1/412 8752/2/412 8753/3/552 8021/4/552
f 7663/1/314 8395/2/314 8396/3/138 7664/4/138
f 7515/1/553 8247/2/553 8248/3/553 7516/4/553
f 7582/1/554 8314/2/554 8315/3/484 7583/4/484
f 8018/1/555 8750/2/555 8751/3/411 8019/4/411
f 7408/1/137 8140/2/137 8141/3/556 7409/4/556
f 7565/1/105 8297/2/105 8298/3/557 7566/4/557
f 7861/1/298 8593/2/298 8594/3/558 7862/4/558
f 7772/1/90 8504/2/90 8505/3/91 7773/4/91
f 7449/1/559 8181/2/559 8182/3/11 7450/4/11
f 7822/1/560 8554/2/560 8555/3/561 7823/4/561
f 7351/1/483 8083/2/483 8084/3/562 7352/4/562
f 7706/1/563 8438/2/563 8439/3/564 7707/4/564
f 7488/1/320 8220/2/320 8221/3/84 7489/4/84
f 7608/1/565 8340/2/565 8341/3/566 7609/4/566
f 7397/1/567 8129/2/567 8130/3/177 7398/4/177
f 7963/1/300 8695/2/300 8696/3/19 7964/4/19
f 7777/1/412 8509/2/412 8510/3/552 7778/4/552
f 7581/1/286 8313/2/286 8314/3/554 7582/4/554
f 7654/1/170 8386/2/170 8387/3/110 7655/4/110
f 7508/1/568 8240/2/568 8241/3/569 7509/4/569
f 7522/1/33 8254/2/33 8255/3/33 7523/4/33
f 7446/1/570 8178/2/570 8179/3/571 7447/4/571
f 7326/1/243 8058/2/243 8059/3/572 7327/4/572
f 7911/1/103 8643/2/103 8644/3/186 7912/4/186
f 8036/1/166 8768/2/166 8769/3/190 8037/4/190
f 7934/1/158 8666/2/158 8667/3/310 7935/4/310
f 7494/1/573 8226/2/573 8227/3/574 7495/4/574
f 7679/1/349 8411/2/349 8412/3/167 7680/4/167
f 7840/1/261 8572/2/261 8573/3/575 7841/4/575
f 7913/1/187 8645/2/187 8646/3/576 7914/4/576
f 8041/1/33 8773/2/33 8774/3/27 8042/4/27
f 7464/1/487 8196/2/487 8149/3/543 7417/4/543
f 8027/1/385 8759/2/385 8760/3/163 8028/4/163
f 7424/1/577 8156/2/577 8157/3/578 7425/4/578
f 7651/1/579 8383/2/579 8384/3/109 7652/4/109
f 7793/1/166 8525/2/166 8526/3/190 7794/4/190
f 7531/1/206 8263/2/206 8264/3/43 7532/4/43
f 7465/1/580 8197/2/580 8198/3/53 7466/4/53
f 7538/1/182 8270/2/182 8271/3/581 7539/4/581
f 7597/1/308 8329/2/308 8330/3/154 7598/4/154
f 7877/1/334 8609/2/334 8610/3/25 7878/4/25
f 7788/1/36 8520/2/36 8521/3/513 7789/4/513
f 7722/1/20 8454/2/20 8455/3/241 7723/4/241
f 7342/1/150 8074/2/150 8075/3/7 7343/4/7
f 7367/1/582 8099/2/582 8100/3/41 7368/4/41
f 7979/1/330 8711/2/330 8712/3/61 7980/4/61
f 7950/1/121 8682/2/121 8683/3/401 7951/4/401
f 7856/1/162 8588/2/162 8589/3/583 7857/4/583
f 7624/1/34 8356/2/34 8357/3/584 7625/4/584
f 7554/1/208 8286/2/208 8287/3/45 7555/4/45
f 7695/1/396 8427/2/396 8428/3/215 7696/4/215
f 7796/1/197 8528/2/197 8529/3/198 7797/4/198
f 7440/1/210 8172/2/210 8173/3/585 7441/4/585
f 7613/1/332 8345/2/332 8346/3/194 7614/4/194
f 7825/1/471 8557/2/471 8558/3/231 7826/4/231
f 7966/1/241 8698/2/241 8699/3/414 7967/4/414
f 7358/1/185 8090/2/185 8091/3/39 7359/4/39
f 7413/1/351 8145/2/351 8146/3/235 7414/4/235
f 7470/1/429 8202/2/429 8203/3/289 7471/4/289
f 7570/1/224 8302/2/224 8303/3/492 7571/4/492
f 7711/1/409 8443/2/409 8444/3/253 7712/4/253
f 7872/1/200 8604/2/200 8605/3/586 7873/4/586
f 7670/1/228 8402/2/228 8403/3/159 7671/4/159
f 7481/1/336 8213/2/336 8214/3/114 7482/4/114
f 7456/1/248 8188/2/248 8189/3/21 7457/4/21
f 7384/1/587 8116/2/587 8117/3/473 7385/4/473
f 7547/1/251 8279/2/251 8280/3/29 7548/4/29
f 7927/1/153 8659/2/153 8660/3/244 7928/4/244
f 7738/1/62 8470/2/62 8471/3/283 7739/4/283
f 7629/1/357 8361/2/357 8362/3/225 7630/4/225
f 7893/1/353 8625/2/353 8626/3/75 7894/4/75
f 7804/1/78 8536/2/78 8537/3/88 7805/4/88
f 7995/1/355 8727/2/355 8728/3/122 7996/4/122
f 7374/1/218 8106/2/218 8107/3/65 7375/4/65
f 7383/1/176 8115/2/176 8116/3/587 7384/4/587
f 7563/1/269 8295/2/269 8296/3/104 7564/4/104
f 7497/1/360 8229/2/360 8230/3/540 7498/4/540
f 7841/1/575 8573/2/575 8574/3/92 7842/4/92
f 7448/1/588 8180/2/588 8181/3/559 7449/4/559
f 7888/1/234 8620/2/234 8621/3/549 7889/4/549
f 7640/1/82 8372/2/82 8373/3/589 7641/4/589
f 7820/1/97 8552/2/97 8553/3/590 7821/4/590
f 7957/1/29 8689/2/29 8690/3/30 7958/4/30
f 7754/1/123 8486/2/123 8487/3/312 7755/4/312
f 7331/1/293 8063/2/293 8064/3/106 7332/4/106
f 7834/1/273 8566/2/273 8567/3/383 7835/4/383
f 8011/1/377 8743/2/377 8744/3/140 8012/4/140
f 7588/1/99 8320/2/99 8321/3/591 7589/4/591
f 7982/1/283 8714/2/283 8715/3/437 7983/4/437
f 7837/1/592 8569/2/592 8570/3/481 7838/4/481
f 7579/1/379 8311/2/379 8312/3/285 7580/4/285
f 7429/1/230 8161/2/230 8162/3/274 7430/4/274
f 7857/1/583 8589/2/583 8590/3/116 7858/4/116
f 7727/1/296 8459/2/296 8460/3/37 7728/4/37
f 7645/1/371 8377/2/371 8378/3/270 7646/4/270
f 7447/1/571 8179/2/571 8180/3/588 7448/4/588
f 7324/1/281 8056/2/281 8057/3/242 7325/4/242
f 7347/1/288 8079/2/288 8080/3/128 7348/4/128
f 7472/1/290 8204/2/290 8205/3/51 7473/4/51
f 7909/1/388 8641/2/388 8642/3/102 7910/4/102
f 7850/1/295 8582/2/295 8583/3/399 7851/4/399
f 7943/1/174 8675/2/174 8676/3/278 7944/4/278
f 7394/1/593 8126/2/593 8127/3/594 7395/4/594
f 7604/1/125 8336/2/125 8337/3/595 7605/4/595
f 7904/1/277 8636/2/277 8637/3/203 7905/4/203
f 7399/1/178 8131/2/178 8132/3/118 7400/4/118
f 7595/1/394 8327/2/394 8328/3/307 7596/4/307
f 7512/1/596 8244/2/596 8197/3/580 7465/4/580
f 7816/1/436 8548/2/436 8549/3/262 7817/4/262
f 7998/1/312 8730/2/312 8731/3/466 7999/4/466
f 7656/1/111 8388/2/111 8389/3/597 7657/4/597
f 7513/1/598 8245/2/598 8246/3/598 7514/4/598
f 7873/1/586 8605/2/586 8606/3/130 7874/4/130
f 7743/1/309 8475/2/309 8476/3/63 7744/4/63
f 7770/1/141 8502/2/141 8503/3/338 7771/4/338
f 7619/1/512 8351/2/512 8304/3/599 7572/4/599
f 7445/1/257 8177/2/257 8178/3/570 7446/4/570
f 7363/1/328 8095/2/328 8096/3/134 7364/4/134
f 7661/1/405 8393/2/405 8394/3/600 7662/4/600
f 7702/1/302 8434/2/302 8435/3/254 7703/4/254
f 7620/1/62 8352/2/62 8353/3/62 7621/4/62
f 7406/1/202 8138/2/202 8139/3/136 7407/4/136
f 7925/1/425 8657/2/425 8658/3/152 7926/4/152
f 7959/1/249 8691/2/249 8692/3/315 7960/4/315
f 7920/1/601 8652/2/601 8653/3/602 7921/4/602
f 7415/1/236 8147/2/236 8148/3/237 7416/4/237
f 8014/1/338 8746/2/338 8747/3/90 8015/4/90
f 7672/1/160 8404/2/160 8405/3/603 7673/4/603
f 7523/1/604 8255/2/604 8245/3/604 7513/4/604
f 7778/1/552 8510/2/552 8511/3/417 7779/4/417
f 7759/1/358 8491/2/358 8492/3/100 7760/4/100
f 7866/1/317 8598/2/317 8599/3/239 7867/4/239
f 7611/1/528 8343/2/528 8344/3/331 7612/4/331
f 7529/1/390 8261/2/390 8262/3/205 7530/4/205
f 7379/1/344 8111/2/344 8112/3/147 7380/4/147
f 7356/1/325 8088/2/325 8089/3/184 7357/4/184
f 7636/1/146 8368/2/146 8369/3/605 7637/4/605
f 7677/1/431 8409/2/431 8410/3/348 7678/4/348
f 7941/1/449 8673/2/449 8674/3/173 7942/4/173
f 8043/1/28 8775/2/28 8776/3/219 8044/4/219
f 7431/1/275 8163/2/275 8164/3/192 7432/4/192
f 7545/1/423 8277/2/423 8278/3/250 7546/4/250
f 7936/1/311 8668/2/311 8669/3/606 7937/4/606
f 7688/1/183 8420/2/183 8421/3/607 7689/4/607
f 7442/1/381 8174/2/381 8175/3/373 7443/4/373
f 7390/1/265 8122/2/265 8123/3/71 7391/4/71
f 7802/1/220 8534/2/220 8535/3/77 7803/4/77
f 7882/1/343 8614/2/343 8615/3/608 7883/4/608
f 7923/1/180 8655/2/180 8656/3/424 7924/4/424
f 7792/1/165 8524/2/165 8525/3/166 7793/4/166
f 7627/1/457 8359/2/457 8360/3/356 7628/4/356
f 7461/1/304 8193/2/304 8194/3/361 7462/4/361
f 7561/1/446 8293/2/446 8294/3/268 7562/4/268
f 8030/1/35 8762/2/35 8763/3/36 8031/4/36
f 7372/1/609 8104/2/609 8105/3/217 7373/4/217
f 7718/1/316 8450/2/316 8451/3/299 7719/4/299
f 7818/1/263 8550/2/263 8551/3/96 7819/4/96
f 7775/1/555 8507/2/555 8508/3/411 7776/4/411
f 7693/1/469 8425/2/469 8426/3/395 7694/4/395
f 7914/1/576 8646/2/576 8647/3/495 7915/4/495
f 7975/1/291 8707/2/291 8708/3/363 7976/4/363
f 7577/1/533 8309/2/533 8310/3/378 7578/4/378
f 7395/1/594 8127/2/594 8128/3/610 7396/4/610
f 7520/1/29 8252/2/29 8253/3/29 7521/4/29
f 7438/1/392 8170/2/392 8171/3/209 7439/4/209
f 7423/1/450 8155/2/450 8156/3/577 7424/4/577
f 7371/1/611 8103/2/611 8104/3/609 7372/4/609
f 7322/1/372 8054/2/372 8055/3/280 7323/4/280
f 7652/1/109 8384/2/109 8385/3/169 7653/4/169
f 7952/1/402 8684/2/402 8685/3/612 7953/4/612
f 7898/1/365 8630/2/365 8631/3/479 7899/4/479
f 7836/1/384 8568/2/384 8569/3/592 7837/4/592
f 7709/1/494 8441/2/494 8442/3/408 7710/4/408
f 7643/1/478 8375/2/478 8376/3/370 7644/4/370
f 7593/1/548 8325/2/548 8326/3/393 7594/4/393
f 7809/1/196 8541/2/196 8494/3/62 7762/4/62
f 7454/1/407 8186/2/407 8187/3/247 7455/4/247
f 7388/1/369 8120/2/369 8121/3/264 7389/4/264
f 7338/1/387 8070/2/387 8071/3/55 7339/4/55
f 7921/1/602 8653/2/602 8654/3/179 7922/4/179
f 8046/1/77 8778/2/77 8779/3/78 8047/4/78
f 7968/1/415 8700/2/415 8701/3/151 7969/4/151
f 7852/1/400 8584/2/400 8585/3/613 7853/4/613
f 7411/1/420 8143/2/420 8144/3/350 7412/4/350
f 7791/1/410 8523/2/410 8524/3/165 7792/4/165
f 7704/1/255 8436/2/255 8437/3/614 7705/4/614
f 7366/1/534 8098/2/534 8099/3/582 7367/4/582
f 7668/1/189 8400/2/189 8401/3/227 7669/4/227
f 7536/1/427 8268/2/427 8269/3/181 7537/4/181
f 7973/1/57 8705/2/57 8706/3/58 7974/4/58
f 7807/1/171 8539/2/171 8540/3/172 7808/4/172
f 7734/1/364 8466/2/364 8467/3/329 7735/4/329
f 7552/1/434 8284/2/434 8285/3/207 7553/4/207
f 7725/1/415 8457/2/415 8458/3/151 7726/4/151
f 7720/1/300 8452/2/300 8453/3/19 7721/4/19
f 7659/1/615 8391/2/615 8392/3/404 7660/4/404
f 7991/1/321 8723/2/321 8724/3/403 7992/4/403
f 7609/1/566 8341/2/566 8342/3/527 7610/4/527
f 7404/1/398 8136/2/398 8137/3/306 7405/4/306
f 7354/1/127 8086/2/127 8087/3/324 7355/4/324
f 7937/1/606 8669/2/606 8670/3/211 7938/4/211
f 7984/1/438 8716/2/438 8717/3/460 7985/4/460
f 7427/1/444 8159/2/444 8160/3/229 7428/4/229
f 7823/1/561 8555/2/561 8556/3/470 7824/4/470
f 7684/1/222 8416/2/222 8417/3/266 7685/4/266
f 7568/1/465 8300/2/465 8301/3/223 7569/4/223
f 7741/1/438 8473/2/438 8474/3/460 7742/4/460
f 7686/1/267 8418/2/267 8352/3/151 7620/4/151
f 7989/1/94 8721/2/94 8722/3/95 7990/4/95
f 7675/1/512 8407/2/512 8408/3/430 7676/4/430
f 8000/1/467 8732/2/467 8733/3/482 8001/4/482
f 7479/1/397 8211/2/397 8212/3/335 7480/4/335
f 7420/1/616 8152/2/616 8153/3/339 7421/4/339
f 7493/1/367 8225/2/367 8226/3/573 7494/4/573
f 7953/1/612 8685/2/612 8686/3/246 7954/4/246
f 7736/1/330 8468/2/330 8469/3/61 7737/4/61
f 7750/1/33 8482/2/33 8483/3/354 7751/4/354
f 7625/1/584 8357/2/584 8358/3/456 7626/4/456
f 7586/1/259 8318/2/259 8319/3/98 7587/4/98
f 8007/1/347 8739/2/347 8740/3/439 8008/4/439
f 7370/1/447 8102/2/447 8103/3/611 7371/4/611
f 7700/1/252 8432/2/252 8433/3/301 7701/4/301
f 7843/1/93 8575/2/93 8576/3/341 7844/4/341
f 7884/1/617 8616/2/617 8617/3/59 7885/4/59
f 8029/1/29 8761/2/29 8762/3/35 8030/4/35
f 8004/1/101 8736/2/101 8689/3/29 7957/4/29
f 7641/1/589 8373/2/589 8374/3/477 7642/4/477
f 7345/1/500 8077/2/500 8078/3/287 7346/4/287
f 7946/1/455 8678/2/455 8679/3/618 7947/4/618
f 7509/1/569 8241/2/569 8242/3/453 7510/4/453
f 7386/1/474 8118/2/474 8119/3/368 7387/4/368
f 7602/1/282 8334/2/282 8335/3/124 7603/4/124
f 8005/1/62 8737/2/62 8738/3/144 8006/4/144
f 7691/1/536 8423/2/536 8424/3/468 7692/4/468
f 7766/1/440 8498/2/440 8499/3/376 7767/4/376
f 7859/1/117 8591/2/117 8592/3/297 7860/4/297
f 7757/1/467 8489/2/467 8490/3/482 7758/4/482
f 7495/1/574 8227/2/574 8228/3/359 7496/4/359
f 8023/1/418 8755/2/418 8756/3/461 8024/4/461
f 7502/1/70 8234/2/70 8235/3/345 7503/4/345
f 7752/1/355 8484/2/355 8485/3/122 7753/4/122
f 7969/1/151 8701/2/151 8702/3/296 7970/4/296
f 8016/1/91 8748/2/91 8749/3/151 8017/4/151
f 8021/1/552 8753/2/552 8754/3/417 8022/4/417
f 7525/1/421 8257/2/421 8258/3/475 7526/4/475
f 7361/1/515 8093/2/515 8094/3/327 7362/4/327
f 7511/1/454 8243/2/454 8244/3/596 7512/4/596
f 7782/1/67 8514/2/67 8515/3/68 7783/4/68
f 7459/1/488 8191/2/488 8192/3/303 7460/4/303
f 7618/1/318 8350/2/318 8351/3/512 7619/4/512
f 7768/1/377 8500/2/377 8501/3/140 7769/4/140
f 7716/1/249 8448/2/249 8449/3/315 7717/4/315
f 7875/1/131 8607/2/131 8608/3/333 7876/4/333
f 8037/1/190 8769/2/190 8770/3/191 8038/4/191
f 7962/1/299 8694/2/299 8695/3/300 7963/4/300
f 7657/1/597 8389/2/597 8390/3/619 7658/4/619
f 7527/1/476 8259/2/476 8260/3/389 7528/4/389
f 7707/1/564 8439/2/564 8440/3/493 7708/4/493
f 7784/1/385 8516/2/385 8517/3/163 7785/4/163
f 7452/1/491 8184/2/491 8185/3/406 7453/4/406
f 7634/1/337 8366/2/337 8367/3/145 7635/4/145
f 7978/1/329 8710/2/329 8711/3/330 7979/4/330
f 7916/1/496 8648/2/496 8649/3/132 7917/4/132
f 7985/1/460 8717/2/460 8718/3/309 7986/4/309
f 7891/1/143 8623/2/143 8624/3/352 7892/4/352
f 7947/1/618 8679/2/618 8680/3/620 7948/4/620
f 7723/1/241 8455/2/241 8456/3/414 7724/4/414
f 7475/1/508 8207/2/508 8208/3/326 7476/4/326
f 7773/1/91 8505/2/91 8506/3/151 7774/4/151
f 7468/1/503 8200/2/503 8201/3/428 7469/4/428
f 7732/1/291 8464/2/291 8465/3/363 7733/4/363
f 7518/1/62 8250/2/62 8251/3/62 7519/4/62
f 7541/1/442 8273/2/442 8274/3/501 7542/4/501
f 8032/1/513 8764/2/513 8765/3/525 8033/4/525
f 7798/1/33 8530/2/33 8531/3/27 7799/4/27
f 7393/1/541 8125/2/541 8126/3/593 7394/4/593
f 7994/1/354 8726/2/354 8727/3/355 7995/4/355
f 7673/1/603 8405/2/603 8406/3/511 7674/4/511
f 7650/1/380 8382/2/380 8383/3/579 7651/4/579
f 7739/1/283 8471/2/283 8472/3/437 7740/4/437
f 7418/1/544 8150/2/544 8151/3/621 7419/4/621
f 8001/1/482 8733/2/482 8734/3/358 8002/4/358
f 7543/1/502 8275/2/502 8276/3/422 7544/4/422
f 7484/1/519 8216/2/519 8217/3/451 7485/4/451
f 7505/1/498 8237/2/498 8238/3/506 7506/4/506
f 7491/1/524 8223/2/524 8224/3/366 7492/4/366
f 7789/1/513 8521/2/513 8522/3/525 7790/4/525
f 7800/1/28 8532/2/28 8533/3/219 7801/4/219
f 7658/1/619 8390/2/619 8391/3/615 7659/4/615
f 7932/1/514 8664/2/514 8665/3/157 7933/4/157
f 7748/1/321 8480/2/321 8481/3/403 7749/4/403
f 7534/1/522 8266/2/522 8267/3/426 7535/4/426
f 7409/1/556 8141/2/556 8142/3/419 7410/4/419
f 7559/1/518 8291/2/518 8292/3/445 7560/4/445
f 7666/1/413 8398/2/413 8399/3/188 7667/4/188
f 8010/1/376 8742/2/376 8743/3/377 8011/4/377
f 7557/1/472 8289/2/472 8290/3/517 7558/4/517
f 7805/1/88 8537/2/88 8538/3/89 7806/4/89
f 7575/1/530 8307/2/530 8308/3/532 7576/4/532
f 7755/1/312 8487/2/312 8488/3/466 7756/4/466
f 7814/1/516 8546/2/516 8547/3/435 7815/4/435
f 7486/1/452 8218/2/452 8219/3/319 7487/4/319
f 7900/1/480 8632/2/480 8633/3/86 7901/4/86
f 7550/1/539 8282/2/539 8283/3/433 7551/4/433
f 7419/1/621 8151/2/621 8152/3/616 7420/4/616
f 7500/1/538 8232/2/538 8233/3/69 7501/4/69
f 8019/1/411 8751/2/411 8752/3/412 8020/4/412
f 8017/1/151 8749/2/151 8750/3/555 8018/4/555
f 7821/1/590 8553/2/590 8554/3/560 7822/4/560
f 7846/1/62 8578/2/62 8579/3/62 7847/4/62
f 7507/1/507 8239/2/507 8240/3/568 7508/4/568
f 7566/1/557 8298/2/557 8299/3/464 7567/4/464
f 7591/1/505 8323/2/505 8324/3/547 7592/4/547
f 7689/1/607 8421/2/607 8422/3/535 7690/4/535
f 7764/1/347 8496/2/347 8497/3/439 7765/4/439
f 7336/1/546 8068/2/546 8069/3/386 7337/4/386
f 7434/1/531 8166/2/531 8167/3/462 7435/4/462
f 7425/1/578 8157/2/578 8158/3/443 7426/4/443
f 8026/1/68 8758/2/68 8759/3/385 8027/4/385
f 7573/1/622 8305/2/622 8306/3/529 7574/4/529
f 7948/1/620 8680/2/620 8681/3/120 7949/4/120
f 7682/1/432 8414/2/432 8415/3/221 7683/4/221
f 7771/1/338 8503/2/338 8504/3/90 7772/4/90
f 7830/1/526 8562/2/526 8563/3/458 7831/4/458
f 8033/1/525 8765/2/525 8766/3/410 8034/4/410
f 7939/1/212 8671/2/212 8672/3/448 7940/4/448
f 7774/1/151 8506/2/151 8507/3/555 7775/4/555
f 7516/1/29 8248/2/29 8249/3/29 7517/4/29
f 7832/1/459 8564/2/459 8565/3/272 7833/4/272
f 7780/1/418 8512/2/418 8513/3/461 7781/4/461
f 7327/1/572 8059/2/572 8060/3/489 7328/4/489
f 7895/1/76 8627/2/76 8628/3/201 7896/4/201
f 7589/1/591 8321/2/591 8322/3/504 7590/4/504
f 7906/1/204 8638/2/204 8639/3/381 7907/4/381
f 7584/1/485 8316/2/485 8317/3/258 7585/4/258
f 7862/1/558 8594/2/558 8595/3/523 7863/4/523
f 7334/1/442 8066/2/442 8067/3/545 7335/4/545
f 7396/1/610 8128/2/610 8129/3/567 7397/4/567
f 7607/1/521 8339/2/521 8340/3/565 7608/4/565
f 7848/1/510 8580/2/510 8581/3/294 7849/4/294
f 8049/1/89 8781/2/89 8782/3/171 8050/4/171
f 7352/1/562 8084/2/562 8085/3/126 7353/4/126
f 7605/1/595 8337/2/595 8338/3/520 7606/4/520
f 7539/1/581 8271/2/581 8272/3/441 7540/4/441
f 7572/1/599 8304/2/599 8305/3/622 7573/4/622
f 7441/1/585 8173/2/585 8174/3/381 7442/4/381
f 7853/1/613 8585/2/613 8586/3/497 7854/4/497
f 7705/1/614 8437/2/614 8438/3/563 7706/4/563
